site_name,latitude,longitude,confidence,error_margin_m,state,town,bulletin_issue,pdf_page,location_basis,version_note
Titicut Site (M-40-3),41.934600,-70.999000,medium,200,MA,Bridgewater,"Vol. 43, No. 2 (1982)",3494,Taylor Farm map (1982) site 5 scaled from Pratt's Bridge; Beech St-to-river extent per 1967 contour map; MHC Bridgewater report: Contact/Historic village complex adjacent to Beach St with 26 burials,v2: revised in map pass
Seaver Farm Site,41.934600,-70.996800,medium,200,MA,Bridgewater,"Vol. 67, No. 2 (2006)",5649,Adjoins Titicut on its E boundary (2006 map); Taylor Farm map site 6,v2: revised in map pass
Fort Hill Bluff Site,41.932000,-70.989300,medium,250,MA,Middleborough,"Vol. 43, No. 2 (1982)",3494,Taylor Farm map site 8; MHC Middleborough report: native palisaded fort built on Fort Hill c.1660,v2: revised in map pass
Fort Hill Field Site,41.931400,-70.990600,medium,250,MA,Middleborough,"Vol. 43, No. 2 (1982)",3494,Taylor Farm map site 7,v2: revised in map pass
Trites Farm Site (19-PL-160),41.937200,-70.995000,medium,300,MA,Bridgewater,"Vol. 71, No. 2 (2010)",6023,1/4 mi NE of Titicut; across Vernon St from Kravitz Field,v2: revised in map pass
Rattlesnake Rock Shelter,41.633000,-71.663000,weak,1000,RI,West Greenwich,"Vol. 24, No. 1 (1962)",2025,"CORRECTED: Rattlesnake Ledge, Wickaboxet State Forest (not Bridgewater)",v2: revised in map pass
Plymouth Street Site (19-PL-540),41.991800,-70.942500,medium,600,MA,Bridgewater,"Vol. 49, No. 2 (1988)",4106,North Bridgewater base camp on main stem of Taunton River near Plymouth St (Rte 104) crossing,
Boats Site,41.816100,-71.115800,strong,300,MA,Dighton,"Vol. 16, No. 4 (1955)",1428,"Just N of Cobb's Wharf, W bank; mean of georeferenced 1955 map and 2017 topo marker D",v2: revised in map pass
Grassy Island Site,41.816600,-71.109300,strong,200,MA,Berkley/Dighton,"Vol. 16, No. 4 (1955)",1428,1955 map and 2017 topo marker F agree within ~200 m,v2: revised in map pass
Bear Swamp Site 1 (M39-72),41.831000,-71.106000,medium,500,MA,Berkley,"Vol. 30, Nos 3 & 4 (1969)",2548,"Text: 1/4 mi S of Berkley Bridge, 200 yds E of shore; 2017 marker G plots ~700 m further S (unresolved)",v2: revised in map pass
Bear Swamp Site 2 (M39-81),41.830300,-71.105500,medium,500,MA,Berkley,"Vol. 78, No. 2 (2017)",6650,Opposite side of the same swamp from Bear Swamp 1,v2: revised in map pass
Sweet's Knoll Site (M39-71),41.829300,-71.113300,strong,250,MA,Dighton,"Vol. 16, No. 4 (1955)",1428,1955 scaled map (checked against Dighton Rock) plus 2017 topo marker E,v2: revised in map pass
Back Porch Site (M39-SE50),41.827400,-71.116000,medium,250,MA,Dighton,"Vol. 44, No. 1 (1983)",3539,1000 ft SW of Sweet's Knoll; Taunton River 750 ft east,v2: revised in map pass
Segreganset River Site (M39-SE102),41.824700,-71.116000,medium,300,MA,Dighton,"Vol. 42, No. 2 (1981)",3420,1000 ft S of Back Porch on N bank of Segreganset; Bear Swamp ~1 km NE,v2: revised in map pass
Peace Haven 2 Shell Midden (M39-74),41.770361,-71.109778,strong,40,MA,Freetown,"Vol. 42, No. 1 (1981)",3399,"Coordinates published in the article (41 46 13.3 N, 71 06 35.2 W); gravel peninsula E bank Taunton River at Barnaby's Cove",
Barnaby's Cove Sites,41.773000,-71.108000,weak,700,MA,Freetown,"Vol. 42, No. 1 (1981)",3403,Group of sites near Barnaby's Cove a short distance from Peace Haven,
Wapanucket Site,41.849800,-70.910600,medium,400,MA,Middleborough,"Vol. 78, No. 2 (2017)",6658,2017 topo map marker H on N shore of Assawompset Pond,v2: revised in map pass
Middleborough Little League Site (19-PL-520),41.881400,-70.904800,strong,300,MA,Middleborough,"Vol. 72, No. 2 (2011)",6114,"2017 topo marker I plus 2011 terrace map: Rte 28 to W, Nemasket River to S, ballfields to N",v4: revised in figure pass
Beaver Brook Site,41.882500,-70.904000,weak,800,MA,Middleborough,"Vol. 70, No. 2 (2009)",5910,Same MHC number as Little League Site; near Beaver Pond,v2: revised in map pass
Nemasket Site (Pratt Farm),41.890500,-70.900500,weak,700,MA,Middleborough,"Vol. 50, No. 2 (1989)",4156,Town-owned Pratt Farm on the Nemasket River,
Indian Hill Site,41.905000,-70.870000,weak,2500,MA,Middleborough,"Vol. 22, No. 3 & 4 (1961)",1915,"On old Plymouth-Middleboro-Titicut trail, ~300 yds SW of historic Indian rock on Madigan farm",
Hawes Site,41.842000,-70.978000,weak,900,MA,Lakeville,"Vol. 23, Nos. 3 & 4 (1962)",1989,Gravel deposit on Rhode Island Road near Crooked Lane,
Lakeville Ceremonial Site (Late Woodland),41.813000,-70.992600,medium,400,MA,Lakeville,"Vol. 78, No. 2 (2017)",6658,2017 topo marker M: boulder circle on high ground between lower Taunton River and Wapanucket (Leonard 2010),v2: revised in map pass
Annasnappet Pond Site,41.919500,-70.793500,weak,800,MA,Carver,"Vol. 66, No. 1 (2005)",5521,Shore of Annasnappet Pond,
Swan Hold Site,41.876000,-70.761000,weak,1300,MA,Carver,"Vol. 13, No. 2 (1952)",1080,"Sandy terrace along South Meadow Brook (now cranberry bog), SE exposure",
Swan Hold II Site,41.876500,-70.760000,weak,1300,MA,Carver,"Vol. 25, No. 2 (1964)",2143,Adjacent to Swan Hold,
Carver Cremation Burial Site,41.883000,-70.763000,weak,3000,MA,Carver,"Vol. 32, Nos. 3 & 4 (1971)",2692,Town only,
Sabatia Plain Site No.1,41.942000,-71.105000,weak,1500,MA,Taunton,"Vol. 32, Nos. 3 & 4 (1971)",2719,Extensive plain near Lake Sabbatia,
Faulkner Spring Site,41.925000,-71.095000,weak,3000,MA,Taunton,"Vol. 3, No.1 (1941)",228,Town only,
Ford Site (M-39-5),41.965000,-71.143000,weak,700,MA,Norton,"Vol. 7, No. 2 (1946)",548,Shore of Winnecunnet Lake on Dr. Ford's land,
G.B. Crane Site,41.966000,-71.186000,weak,2500,MA,Norton,"Vol. 54, No. 2 (1993)",4542,Town only,
Canoe River West Site,41.990000,-71.170000,weak,2000,MA,Norton,"Vol. 44, No. 2 (1983)",3577,"Canoe River, Norton",
Morse Pond Site (19-BR-480),42.048000,-71.110000,weak,1200,MA,Easton,"Vol. 78, No. 1 (2017)",6594,"Shore of Morse Pond, an impoundment of Queset Brook",
Rubin Farm Site,41.936000,-71.190000,weak,1500,MA,Norton,"Vol. 66, No. 1 (2005)",5532,S Norton; Segreganset and Palmer headwater wetlands immediately S and W,v2: revised in map pass
Tobey Site,41.837600,-71.243100,medium,300,MA,Rehoboth,"Vol. 78, No. 2 (2017)",6658,2017 topo marker A; text: Rehoboth village just S of E-W segment of Palmer River,v2: revised in map pass
Dyer Site,41.845000,-71.250000,weak,3000,MA,Rehoboth,"Vol. 50, No. 2 (1989)",4156,Town only,
South Swansea (Gardner's Neck) Burials,41.714000,-71.206000,medium,400,MA,Swansea,"Vol. 8, No. 3 (1947)",631,Louise Ave off Calif Ave near end of Gardner's Neck; gravel knoll 40 ft ASL over Coles River,
Cedar Dell Pond Site (19-BR-218),41.664000,-71.000000,weak,700,MA,Dartmouth,"Vol. 44, No. 2 (1983)",3558,"SE periphery of Cedar Dell Pond, 50 m from E shore",
Swift Site,41.672000,-70.917000,medium,600,MA,Acushnet,"Vol. 49, No. 2 (1988)",4068,E bank of upper (tidal) Acushnet River across from New Bedford; old Rudolphus Swift estate,
Slocum River Burials,41.560000,-70.980000,weak,2000,MA,Dartmouth,,,"Byers, Two Burials on the Slocum River; river only",
Nook Farm Camp Site (M41/9),41.942000,-70.656000,weak,700,MA,Plymouth,"Vol. 4, No.1 (1942)",300,"Headwaters of Wellingsley Brook (Plymouth Rock Trout Co.), ~3/4 mi from tidewater",
Burgess Pasture Site,41.930000,-70.670000,weak,3000,MA,Plymouth,"Vol. 11, No. 1 (1949)",871,Plymouth area; not on a river (per later Eel River discussion),
Browne Site (Eel River),41.934000,-70.636000,weak,800,MA,Plymouth,"Vol. 72, No. 1 (2011)",6065,Crib Browne estate along the Eel River; ~40 ft from water,
Plimoth Plantation Spring Site,41.939000,-70.625000,medium,400,MA,Plymouth,"Vol. 55, No. 2 (1994)",4613,On the Plimoth Plantation grounds by the Eel River,
Powers Shell Heap (M-41-82),41.995000,-70.716000,weak,500,MA,Kingston,"Vol. 9, No 4 (1948)",742,N shore of a cove of Foundry Pond (dammed Smelt Brook),
Powell Site (19-PL-584),41.994500,-70.701000,medium,400,MA,Kingston,"Vol. 49, No. 1 (1988)",4054,"Coastal upland <1/4 mi from mouth of Jones River, River Street; part of Bay Farm",
Powell-Heckman Trust Site (19-PL-584),41.994800,-70.702000,medium,400,MA,Kingston,"Vol. 59, No. 2 (1998)",4964,Powell house on River Street near Jones River mouth,
Bay Farm Site,41.996000,-70.696000,medium,500,MA,Kingston,"Vol. 23, No. 2 (1962)",1981,"Coastal upland 1/4 mi from mouth of Jones River, former Bay Farm dairy",
Hathaway Site,41.983000,-70.698000,weak,500,MA,Kingston,"Vol. 49, No. 1 (1988)",4021,Rocky Nook; wooded shelf overlooking marsh and river,
Margaret Angell Site,41.990000,-70.715000,weak,2000,MA,Kingston,"Vol. 61, No. 2 (2000)",5125,22-acre site E of Angell house,
Howland Orchard Site,42.035000,-70.685000,weak,1000,MA,Duxbury,"Vol. 56, No. 1 (1995)",4658,"Shell midden at Howland farm stand, Bay Road",
North Hill Marsh Site,42.060000,-70.708000,weak,800,MA,Duxbury,"Vol. 26, No. 1 (1964)",2195,Sand terrace beside wooded plateau at North Hill Marsh,
Cut River Point Site,42.077500,-70.655000,medium,300,MA,Marshfield,"Vol. 83, Nos. 1 & 2 (2022)",6996,"End of Assumption Road ~1/2 mi from Green Harbor, adjacent to Cut River",
Marshfield Site (Locus 9),42.090000,-70.700000,weak,3000,MA,Marshfield,"Vol. 79, No. 2 (2018)",6821,Town only,
Blue Heron Site (19-PL-847),42.073500,-70.648000,medium,500,MA,Marshfield,"Vol. 62, No. 2 (2001)",5240,"Base of the Duxbury Beach peninsula, with Peach Orchard site adjacent (Fig. 2)",v3: revised in map pass
Winslow Site,42.087000,-70.676000,weak,1500,MA,Marshfield,"Vol. 13, No. 1 (1951)",1058,"Winslow estate area, Marshfield (Bullen notes)",
Hatherly Site,42.164000,-70.728000,weak,800,MA,Scituate,"Vol. 10, No. 2 (1949)",804,"Head of navigation on First Herring Brook, which enters North River ~1 mi above its mouth",
Neal Gate Site,42.114000,-70.803000,weak,700,MA,Pembroke,"Vol. 72, No. 1 (2011)",6067,Intersection of Neal Gate Street and the North River,
Henderson Site (Gulf River village),42.233000,-70.790000,weak,800,MA,Cohasset,"Vol. 10, No. 2 (1949)",803,"N bank of Gulf River, which enters Cohasset Harbor",
Ponkapoag Site (M-35-7),42.195500,-71.104500,medium,350,MA,Canton,"Vol. 38, No. 3 (1977)",3125,NW edge of Ponkapoag Pond near YMCA camp; reached from Rte 128 via Redman Farm road,
Green Hill Site,42.220000,-71.052000,weak,1200,MA,Quincy/Braintree,"Vol. 41, No. 1 (1980)",3329,Near Rte 128 on Blue Hills fringe; Pondville conglomerate exposures to the south,
Brook Meadow Site,42.225500,-71.122500,weak,1000,MA,Milton/Canton,"Vol. 35, Nos. 1 & 2 (1974)",2879,On Milton-Canton line at Blue Hills fringe near Neponset River; Hemenway South Farm,
Neponset Site (19-NF-70),42.197500,-71.148000,medium,700,MA,Canton,"Vol. 66, No. 2 (2005)",5546,Western Canton on former peninsula in Fowl Meadow,
Wamsutta Site (19-NF-70 locus),42.199000,-71.150000,weak,900,MA,Canton,"Vol. 55, No. 1 (1994)",4574,Same MHC number as Neponset site; shore of glacial lake,
Tillite Bluff Site (M35-17),42.239000,-71.081000,weak,1000,MA,Milton,"Vol. 35, Nos. 1 & 2 (1974)",2895,"Hill E of Randolph Avenue, quarries just E of a golf course",
Blue Hill River Workshop (M-35-1),42.212500,-71.033500,medium,500,MA,Braintree,"Vol. 2, No.2 (1941)",157,"Blue Hill Nurseries, Blue Hill Cemetery and MDC Reservation along Blue Hill River",
Gills Farm Site (19-NF-40),42.180000,-71.025000,weak,1500,MA,Randolph/Braintree,"Vol. 50, No. 2 (1989)",4174,Cochato River valley,
Mill Street Site (Cochato),42.170000,-71.015000,weak,1500,MA,Holbrook/Braintree,"Vol. 19, No 2 (1958)",1653,Small knoll in Cochato River valley,
Caddy Park Site (19-NF-467),42.271500,-71.018000,medium,300,MA,Quincy,"Vol. 63, Nos. 1 & 2 (2002)",5248,"Drumlin at mouth of Black's Creek, Quincy Shore Drive",
Spectacle Island Site (19-SU-38),42.322500,-70.984500,medium,300,MA,Boston,"Vol. 63, Nos. 1 & 2 (2002)",5254,Near S end of southern drumlin of Spectacle Island,
Calf Island Site,42.340500,-70.896000,medium,300,MA,Boston,"Vol. 46, No. 1 (1985)",3768,"Calf Island, outer Boston Harbor",
Water Street Site (19-SU-59),42.371000,-71.061000,medium,300,MA,Charlestown,"Vol. 49, No. 1 (1988)",4055,"Lower Charles estuary shore, Charlestown",
Charlestown Town Dock Prehistoric Site,42.373000,-71.062000,weak,500,MA,Charlestown,"Vol. 63, Nos. 1 & 2 (2002)",5256,Lithic workshop under peat at 17th-c dock on N shore of Charlestown peninsula,
Three Cranes Tavern Site,42.371800,-71.061700,medium,200,MA,Charlestown,"Vol. 81, Nos. 1 & 2 (2020)",6874,"City Square, Charlestown",
Boston Common / Frog Pond Sites,42.356000,-71.065500,medium,200,MA,Boston,"Vol. 68, No. 1 (2007)",5693,Frog Pond on Boston Common,
Boylston Street Fishweir,42.350000,-71.074000,medium,300,MA,Boston,"Vol. 4, No.2 (1943)",314,"Back Bay, Boylston St",
King Philip's Rocks Site,42.087000,-71.209000,weak,800,MA,Sharon,"Vol. 71, No. 1 (2010)",5935,Ceremonial stone site; another site ~1.5 km W at Sharon/Foxboro line,
Mansion Inn Site,42.326500,-71.369500,medium,300,MA,Wayland,"Vol. 23, No. 1 (1961)",1945,"High flat knoll on ridge between Dudley Pond and Lake Cochituate, ~200 yds from each",
Heard Pond Site,42.357000,-71.379000,medium,600,MA,Wayland,"Vol. 7, No. 1 (1945)",504,"Along whole W side of Heard Pond, ~1 mile",
Castle Hill Site,42.380000,-71.345000,weak,1200,MA,Wayland,"Vol. 63, Nos. 1 & 2 (2002)",5301,Drainage map places it E of the Sudbury River near the Wayland/Weston/Lincoln corner,v3: revised in map pass
Watertown Dairy Site,42.355000,-71.365000,weak,2000,MA,Wayland,"Vol. 53, No. 1 (1992)",4414,Town only,
Washakumaug Site,42.279000,-71.412000,medium,300,MA,Framingham,"Vol. 25, No. 2 (1964)",2136,Near NE corner of Farm Pond,
Davis Farm (Pantry Brook Village) Site,42.405000,-71.385000,weak,800,MA,Sudbury,"Vol. 45, No. 2 (1984)",3730,Smith Collection map site G (southern part of map less accurate),v4: revised in figure pass
Concord Shell Heap / Clamshell Bluff (19-MD-388),42.455500,-71.373000,medium,400,MA,Concord,"Vol. 45, No. 2 (1984)",3730,Smith Collection site-key map (georeferenced to 5 town centers) averaged with text: high N bank of Sudbury River,v4: revised in figure pass
Dugans Brook Knoll Site (19-MD-151),42.446000,-71.373000,weak,600,MA,Concord,"Vol. 70, No. 1 (2009)",5824,"Sandy knoll S of Dugan's (Nut Meadow) Brook, short distance upriver of Clamshell Bluff",
Dakin Farm Site,42.475600,-71.364000,medium,500,MA,Concord,"Vol. 45, No. 2 (1984)",3730,"Smith Collection site-key map, site E on Assabet River",v4: revised in figure pass
Thoreau Farm / Birthplace Site,42.459800,-71.331000,weak,1500,MA,Concord,"Vol. 72, No. 2 (2011)",6093,Artifacts labelled from Concord River near Thoreau farm; exact site unresolved in article,
Oak Knoll Site,42.452500,-71.323000,weak,600,MA,Lincoln,"Vol. 64, No. 2 (2003)",5374,"N Lincoln, S side of Rte 2 east of Rte 2A junction, elev 72.5 m on terrace W of drumlin",
Hartwell Farm Site (19-MD-119),42.450000,-71.301100,medium,500,MA,Lincoln,"Vol. 45, No. 2 (1984)",3730,"Smith Collection site-key map, site J",v4: revised in figure pass
Pine Hawk Site (19-MD-793),42.430000,-71.440000,weak,1200,MA,Acton,"Vol. 63, Nos. 1 & 2 (2002)",5308,"Assabet River, Acton",
Flagg Swamp Rockshelter,42.335000,-71.570000,weak,1300,MA,Marlborough,"Vol. 44, No. 2 (1983)",3576,"Flagg Swamp, Marlborough",
Charlestown Meadows Site,42.283000,-71.633000,weak,1000,MA,Westborough,"Vol. 44, No. 2 (1983)",3571,"Upland-lowland transition, 350 ft ASL",
Sally Rock Shelter & Quarry,42.300500,-71.620000,weak,1500,MA,Westborough,"Vol. 42, No. 2 (1981)",3432,Rockshelter talus with bog at foot; near Chauncy Lake/Orchard Swamp survey area,
Tall Pines Rockshelter,42.417000,-71.683000,weak,2000,MA,Clinton,"Vol. 65, No. 1 (2004)",5415,Town only,
Call Site (19-MD-37),42.558000,-71.269000,weak,1500,MA,Billerica,"Vol. 67, No. 2 (2006)",5640,Billerica; Curtis cache nearby at Boston Brook/Ipswich River,
Concord River Site (Billerica),42.580000,-71.280000,weak,1500,MA,Billerica,,,Vossberg & Mansfield 16(2):20,
Reedy Meadow Brook Site,42.665000,-71.580000,weak,2000,MA,Pepperell,"Vol. 49, No. 1 (1988)",4053,Town only,
Stickney Site,42.627000,-71.158000,medium,600,MA,Andover,"Vol. 5, No.2 (1944)",378,Ballardvale village on the Shawsheen,
Foster's Cove Site,42.645000,-71.158000,weak,700,MA,Andover,"Vol. 7, No. 2 (1946)",522,E part of level area 20 ft above Shawsheen at a bend where a brook forms a cove; ~2 mi from Stickney,
Hofmann Site (M-12-43),42.623500,-71.164000,weak,600,MA,Andover,"Vol. 5, No.2 (1944)",387,"Pomp's Pond area, Andover",
Camp Maud Eaton Site,42.628500,-71.163500,medium,300,MA,Andover,"Vol. 7, No. 2 (1946)",543,N shore of Pomp's Pond,
Pringle Site (19-MD-18),42.612000,-71.188000,weak,800,MA,Tewksbury,"Vol. 64, No. 1 (2003)",5333,Small terrace on E side of Shawsheen ~20 ft above river; plateau between river and swamp ~3 mi S of Andover,
Indian Roger Site,42.658000,-71.145000,weak,1500,MA,Andover,"Vol. 24, Nos. 3 & 4 (1963)",2076,~1/4 mile W of Andover (town center),
Shawsheen River Site (M12-SW-88),42.630000,-71.170000,weak,2500,MA,Andover,"Vol. 20, No. 3 (1959)",1754,"Shawsheen River, Lawrence quad SW",
Den Rock Site,42.684500,-71.139000,medium,300,MA,Andover/Lawrence,"Vol. 64, No. 1 (2003)",5333,Den Rock on the Andover-Lawrence border,
Shattuck Farm Site,42.669000,-71.205000,weak,1000,MA,Andover,"Vol. 48, No. 2 (1987)",3983,"Merrimack River, Andover",
Whortleberry Hill Site (19-MD-846),42.690000,-71.300000,weak,2500,MA,Dracut,"Vol. 66, No. 1 (2005)",5497,Town only,
Wyoming Quarry Site (19-MD-251),42.464000,-71.058000,weak,400,MA,Melrose,"Vol. 59, No. 1 (1998)",4916,Hill ~1/4 mi NE of Wyoming Cemetery (Melrose green source),
Bull Brook Site (M13/36),42.708000,-70.871000,medium,800,MA,Ipswich,"Vol. 13, No. 4 (1952)",1116,"Spit <1/2 mi wide between Bull Brook and Muddy Run, upper Rowley River; ~40 ft ASL; sand pit",
Neck Creek Shell Heap,42.696000,-70.792000,medium,400,MA,Ipswich,"Vol. 9, No. 1 (1947)",666,"S slope of Middle Ridge, Great Neck, beside brook to Neck Creek marsh",
Clark's Pond Shell Heap,42.699000,-70.789000,medium,300,MA,Ipswich,"Vol. 79, No. 1 (2018)",6710,"Clark's Pond, Great Neck",
Danvers Site,42.585000,-70.980000,weak,1500,MA,Danvers,"Vol. 73, No. 1 (2012)",6149,Brook 150 m from Ipswich River near Town Forest,
Sunset Hill (Poles Hill) Solstice Site,42.629300,-70.682600,strong,30,MA,Gloucester,"Vol. 76, No. 1 (2015)",6450,Gnomon coordinates from the article's Figure 12 table,
Matz Site,42.651500,-70.683000,weak,600,MA,Gloucester,"Vol. 74, No. 2 (2013)",6310,Contact Period site adjacent to Wingaersheek Beach and Jones River,
Indian Lake Site (M-21-4),42.296500,-71.825500,medium,400,MA,Worcester,"Vol. 1, No.1 (1939)",18,"N shore of Indian Lake (North Pond), Norton Co. boat house",
Dolly Bond Steatite Quarry (M-32/6),42.180000,-71.770000,medium,400,MA,Millbury,"Vol. 2, No.1 (1940)",121,"~1/4 mi E of Rte 122A, just N of Hathaway Pond and Sutton line",
Horne Hill Soapstone Quarry,42.189000,-71.780000,medium,500,MA,Millbury,"Vol. 27, No. 2 (1966)",2286,"Bramanville, steep hill 130 ft above main road; ~3/4 mi NW of Dolly Bond",
Oakholm Site (Quaboag Lake),42.200000,-72.095000,medium,500,MA,Brookfield,"Vol. 27, Nos 3 & 4 (1966)",2309,SW shore of Quaboag Lake,
Quabaug Fortified Village (reputed),42.202000,-72.078000,weak,1000,MA,Brookfield,"Vol. 10, No. 3 (1949)",819,Reputed site on SE shore of Lake Quaboag,
Eagle Dam Site,42.064000,-71.344000,weak,500,MA,Wrentham,"Vol. 12, No. 4 (1951)",1036,"N shore of Lake Pearl at headwaters of Eagle Brook, ~150 yds NE of dam",
Beaver Pond Sites - Caterina Site,42.095000,-71.411000,weak,600,MA,Franklin,"Vol. 51, No. 1 (1990)",4226,NE side of Beaver Pond,
Beaver Pond Sites - Beaver Street Knoll,42.093500,-71.413000,weak,600,MA,Franklin,"Vol. 51, No. 1 (1990)",4220,Knoll at Beaver Street; N part destroyed by road,
Beaver Pond Sites - Beaver Flats,42.093000,-71.414000,weak,600,MA,Franklin,"Vol. 51, No. 1 (1990)",4219,"Low terrace adjacent to pond, S of Beaver Street",
Beaver Pond Sites - Knoll Dump,42.094500,-71.413500,weak,600,MA,Franklin,"Vol. 51, No. 1 (1990)",4217,Knoll N of Beaver Street,
Beaver Pond Sites - American Felt,42.092000,-71.412000,weak,900,MA,Franklin,"Vol. 51, No. 1 (1990)",4223,Beaver Pond locale,
Beaver Pond Sites - Chelsea Drum,42.092500,-71.410000,weak,900,MA,Franklin,"Vol. 51, No. 1 (1990)",4221,Beaver Pond locale,
Blue Flag Site,42.106000,-71.448000,medium,900,MA,Bellingham,"Vol. 61, No. 1 (2000)",5102,"Sites plotted on 1794 Bellingham town plan, NE part of town along Charles River",v4: revised in figure pass
East Terrace Site,42.107500,-71.447500,medium,900,MA,Bellingham,"Vol. 61, No. 1 (2000)",5102,1794 Bellingham plan (East Terrace I/II),v4: revised in figure pass
West Terrace Site,42.108500,-71.452000,medium,900,MA,Bellingham,"Vol. 61, No. 1 (2000)",5102,1794 Bellingham plan (West Terrace I/II),v4: revised in figure pass
Longshadow Site,42.101000,-71.446000,medium,900,MA,Bellingham,"Vol. 61, No. 1 (2000)",5102,1794 Bellingham plan,v4: revised in figure pass
Hartford Avenue Rockshelter,42.093000,-71.633000,weak,800,MA,Uxbridge,"Vol. 65, No. 1 (2004)",5415,Bedrock outcrop ~700 ft N of original Hartford Ave overpass over Rte 146,
Mill River Site,42.100000,-71.530000,weak,2000,MA,Mendon,"Vol. 24, No. 2 (1963)",2048,"Ferrucci farm, terrace ~20 ft above Mill River",
Fortified Hill in Mendon,42.105000,-71.552000,weak,2500,MA,Mendon,"Vol. 9, No 4 (1948)",742,Town only,
Turners Falls Site (19-FR-324),42.599000,-72.548000,weak,800,MA,Montague,"Vol. 66, No. 2 (2005)",5546,"Turners Falls village, 360 ft ASL, <1 mi from Connecticut River",
Wills Hill Site,42.576000,-72.545000,weak,1200,MA,Montague,"Vol. 38, Nos. 1 & 2 (1976)",3092,"Location map: between Montague City and Lake Pleasant, N of Connecticut River",v4: revised in figure pass
Blaine Site,42.546000,-72.648000,medium,300,MA,Deerfield,"Vol. 44, No. 1 (1983)",3544,S side of Deerfield River ~200 m S of the Stillwater Bridge (Fig. 5 USGS map),v3: revised in map pass
Guida Farm Site,42.125000,-72.720000,weak,800,MA,Westfield,"Vol. 7, No. 4 (1946)",588,"Guida Farm ~1.5 mi E of Westfield city, floodplain",
Palmer Site (19-HD-97),42.130000,-72.770000,weak,2000,MA,Westfield,"Vol. 48, No. 2 (1987)",3993,Kame terrace over tributary of Westfield River,
Westfield Steatite Quarry,42.140000,-72.760000,weak,3000,MA,Westfield,"Vol. 11, No. 4 (1950)",976,Town only,
Granfield Site,42.060000,-72.630000,weak,1500,MA,Agawam,"Vol. 48, No. 1 (1987)",3944,"S margin of 'Grasso Locus', Agawam",
Wilbraham Stone Bowl Quarry,42.150000,-72.430000,weak,2000,MA,Wilbraham,"Vol. 25, Nos 3 & 4 (1964)",2174,Pasture ~1/4 mi up valley from bowl find; N Wilbraham,
Hockanum Road Trading Center,42.310000,-72.597000,weak,1500,MA,Hadley,,,Howes 3(4):58,
Judd Tract,42.260000,-72.580000,weak,2500,MA,South Hadley,"Vol. 7, No. 4 (1946)",574,Town only,
Holden Site (High Head),42.062500,-70.112000,medium,300,MA,Truro,"Vol. 7, No. 2 (1946)",522,High Head ~2 mi NW of N Truro village; ~400 ft NW of Small's Swamp,
Rich Site (M38-6),42.061700,-70.111800,medium,300,MA,Truro,"Vol. 3, No.1 (1941)",225,"~300 ft S of Holden site, High Head",
Small's Swamp Shell Heap,42.061200,-70.110500,medium,300,MA,Truro,"Vol. 12, No. 4 (1951)",1042,"Small's Swamp, High Head",
Peaked Hill Site,42.069000,-70.148000,weak,800,MA,Provincetown,"Vol. 7, No. 3 (1946)",561,"Dunes ~2.75 mi NE of Provincetown center near Peaked Hill CG Station, 1/4 mi from each water body",
Rose Site,42.009000,-70.067000,medium,400,MA,Truro,"Vol. 7, No. 2 (1946)",527,"Near a spring 1/2 mi E of Corn Hill, visible from state highway",
Railroad Site,42.008000,-70.072000,weak,600,MA,Truro,"Vol. 7, No. 2 (1946)",527,Midden crossed by old railroad grade near Corn Hill,
Corn Hill Sites / Brass Kettle Find,42.008500,-70.078000,medium,400,MA,Truro,,,Corn Hill,
Ryder Beach Site,41.989500,-70.077500,medium,400,MA,Truro,"Vol. 7, No. 2 (1946)",528,Eroding bank at Ryder Beach,
Hillside Site,42.000000,-70.055000,weak,2000,MA,Truro,"Vol. 11, No. 1 (1949)",871,Town only,
Seth's Swamp Site,41.958000,-70.018000,weak,1000,MA,Wellfleet,"Vol. 7, No. 3 (1946)",556,"Seth's Swamp, Wellfleet",
Taylor Hill Site / Burial Pit,41.931500,-70.035000,medium,300,MA,Wellfleet,"Vol. 7, No. 4 (1946)",574,Hill ~80 ft above Mayo Beach on N shore of Wellfleet Harbor,
Indian Neck Ossuary/Shellheap,41.917000,-70.035000,medium,500,MA,Wellfleet,"Vol. 55, No. 2 (1994)",4613,Indian Neck on E shore of Wellfleet Harbor,
Freeman-Paine Site,41.940000,-70.030000,weak,2000,MA,Wellfleet,"Vol. 12, No. 4 (1951)",1042,Town only,
Hemenway Site (M-42-42),41.819500,-69.970000,medium,300,MA,Eastham,"Vol. 3, No.3 (1942)",251,Knoll ~200 m E of Rte 6; Hemenway Road ~3/4 mi S of Town Hall passes through site,
Coburn Site,41.783000,-69.956000,medium,500,MA,Orleans,"Vol. 22, No. 3 & 4 (1961)",1905,"Barley Neck, East Orleans; swale ~30 ft ASL between Pochet Island and the ocean side (Fig. 1 location map)",v3: revised in map pass
Oak Ridge Site,41.776000,-70.000000,weak,700,MA,Orleans,"Vol. 69, No. 1 (2008)",5752,High ground at head of Namskaket Marsh,
Marshall Site (19-BN-659),41.778000,-70.010000,weak,1000,MA,Brewster,"Vol. 69, No. 1 (2008)",5752,Namskaket Marsh area,
Slough Pond Site (19-BN-658),41.739000,-70.068000,medium,300,MA,Brewster,"Vol. 54, No. 1 (1993)",4500,Knoll above Slough Pond ~1.5 mi S of coast,
Mattaquason Purchase Site,41.699500,-69.980000,medium,400,MA,Chatham,"Vol. 39, No. 1 (1978)",3185,M48N6; 1977 location map: head of Frost Fish Creek by Rt 28 on RCA land near Ryder's Cove,v3: revised in map pass
Hayward's Portanimicutt Site (19-BN-324),41.708000,-69.999000,weak,700,MA,Chatham/Harwich,"Vol. 43, No. 1 (1982)",3454,Garden on N edge of high marsh; springs ~200 m W,
Micah Ralph Site (M-47-5),41.707000,-70.002000,weak,800,MA,Harwich,"Vol. 19, No. 4 (1958)",1704,"Askaonkton, N bank of old Monomoyick River, E Harwich",
Sandy Neck Shell Heaps,41.722000,-70.320000,medium,800,MA,Barnstable,"Vol. 10, No. 1 (1948)",760,S side of Sandy Neck near salt marsh ~2 mi W of Sandy Neck Light,
Willowbend Site,41.619000,-70.445000,weak,700,MA,Mashpee,"Vol. 58, No. 1 (1997)",4839,Willowbend development,
Bass River Sites,41.680000,-70.185000,weak,3000,MA,Dennis,"Vol. 19, No. 1 (1957)",1645,Many sites along the Bass River,
Hughes Site (part of M-52/23),41.269000,-70.160000,weak,700,MA,Nantucket,"Vol. 10, No. 1 (1948)",760,High knoll dropping to E shore of Long Pond,
Squam Pond Site,41.310000,-69.988000,medium,400,MA,Nantucket,"Vol. 8, No. 4 (1947)",648,"N side of Squam Pond, below Squam Head",
Herrecater Swamp Site,41.303000,-69.995000,weak,600,MA,Nantucket,"Vol. 10, No. 4 (1949)",853,"Squam area, NE Nantucket",
Quidnet Site (M52/65),41.296000,-69.980000,medium,300,MA,Nantucket,"Vol. 47, No. 2 (1986)",3904,"Shell midden on small freshwater pond ~0.3 km W of Sesachacha Pond, 0.8 km inland",
Ram Pasture Site,41.260000,-70.142000,medium,600,MA,Nantucket,"Vol. 25, Nos 3 & 4 (1964)",2181,Near shore of Hummock Pond,
Quaise Site,41.280000,-70.040000,weak,800,MA,Nantucket,"Vol. 51, No. 2 (1990)",4254,Quaise,
Folger's Marsh Site,41.290000,-70.055000,weak,1000,MA,Nantucket,"Vol. 81, Nos. 1 & 2 (2020)",6878,Folger's Marsh,
Lagoon Pond (Norton) Site,41.424000,-70.587000,weak,600,MA,Tisbury,"Vol. 80, Nos 1 & 2 (2019)",6738,Head (south end) of Lagoon Pond,
Cunningham Site,41.438000,-70.598000,weak,700,MA,Tisbury,"Vol. 47, No. 1 (1986)",3870,W shore of Lagoon Pond,
Nashaquitsa Site,41.344500,-70.754000,medium,400,MA,Chilmark,"Vol. 83, Nos. 1 & 2 (2022)",7019,Nashaquitsa Pond; matches Ritchie's Howland No.1 site (19-DK-57),v4: revised in figure pass
McDermott Site,41.425000,-70.554000,medium,400,MA,Oak Bluffs,"Vol. 80, Nos 1 & 2 (2019)",6789,"N side of Major's Cove (Sengekontacket Pond), S of Oak Bluffs, N of Ocean Heights; County Rd to W",v3: revised in map pass
Lucy Vincent Beach Site (19-DK-148),41.339000,-70.714000,medium,400,MA,Chilmark,"Vol. 63, Nos. 1 & 2 (2002)",5329,Lucy Vincent Beach,
Hornblower II Site,41.335000,-70.782000,weak,1000,MA,Aquinnah/Chilmark,"Vol. 80, Nos 1 & 2 (2019)",6771,"2019 MV site map: W side of Squibnocket Pond area, opening onto Atlantic shore",v3: revised in map pass
Frisby-Butler Site,41.329000,-70.758000,weak,1000,MA,Chilmark,"Vol. 80, Nos 1 & 2 (2019)",6771,2019 MV site map: south shore just E of Squibnocket Pond,v3: revised in map pass
Neville Site,42.998500,-71.466500,medium,250,NH,Manchester,"Vol. 38, Nos. 1 & 2 (1976)",3075,E bank of Merrimack at Amoskeag Falls,
Beaver Meadow Brook Site,43.252000,-71.519000,medium,500,NH,Concord,"Vol. 76, No. 1 (2015)",6439,West bank at Sewall's Falls,
Whipple Site,42.870000,-72.280000,weak,3000,NH,Swanzey,"Vol. 50, No. 2 (1989)",4169,Town only,
Hunt's Island Site,42.895000,-70.820000,weak,1000,NH,Hampton,"Vol. 79, No. 2 (2018)",6843,Hampton Harbor,
Rocks Road (Seabrook Station) Site,42.897000,-70.848000,weak,1000,NH,Seabrook,"Vol. 78, No. 1 (2017)",6633,Seabrook Station,
Keene-Hayes Site,44.089000,-70.228000,medium,500,ME,Auburn,"Vol. 63, Nos. 1 & 2 (2002)",5321,1798 Bullen map note: W of junction of Great and Little Androscoggin Rivers,v4: revised in figure pass
Twin Rivers Site,41.857000,-71.442000,medium,400,RI,Lincoln,"Vol. 14, No 1 (1952)",1134,Point on N shore of Wenscott Reservoir bordered on W by West River,
Oaklawn Steatite Quarry,41.776500,-71.499000,medium,700,RI,Cranston,"Vol. 30, No. 2 (1969)",2532,"1968 location map, NW of the confluence on Church Brook",v4: revised in figure pass
Arnold Spring Rock Shelter,41.771800,-71.484500,medium,600,RI,Cranston,"Vol. 30, No. 2 (1969)",2532,Same knoll at the three-brook confluence (1968 map),v4: revised in figure pass
Furnace Hill Brook Site,41.771500,-71.484000,medium,600,RI,Cranston,"Vol. 30, No. 2 (1969)",2532,"1968 location map: knoll at confluence of Church, Furnace Hill and Meshanticut Brooks, Oaklawn",v4: revised in figure pass
Church Brook Rock Shelter #1,41.776800,-71.496500,medium,700,RI,Cranston,"Vol. 30, No. 2 (1969)",2532,"1968 location map, just E of Oaklawn quarry",v4: revised in figure pass
Potter Pond Site,41.390000,-71.527000,weak,800,RI,South Kingstown,"Vol. 11, No. 3 (1950)",954,"Chaffee land, Potter Pond",
Sweet-Meadow Brook Site,41.696000,-71.460000,weak,1500,RI,Warwick,"Vol. 18, No. 1 (1956)",1536,Sweet's Meadow brook terrace,
Locust Spring Site,41.697000,-71.458000,weak,1500,RI,Warwick,"Vol. 24, No. 1 (1962)",2032,~1/4 mi upstream from Narragansett Bay; Sweet-Meadow Brook 1/4 mi downstream,
Lambert Farm Site,41.690000,-71.390000,weak,1000,RI,Warwick,"Vol. 54, No. 1 (1993)",4495,"Lambert Farm, Warwick",
Johannis Peninsula Site (RI 1716),41.752000,-71.296000,medium,500,RI,Barrington,"Vol. 82, Nos. 1 & 2 (2021)",6922,"CORRECTED: ~1,000 ft W of Palmer River in New Meadow Neck, Barrington (Fig. 4)",v4: revised in figure pass
Falugo Site,41.703000,-71.255000,weak,800,RI,Bristol/Warren,"Vol. 82, Nos. 1 & 2 (2021)",6922,CORRECTED: Kickamuit River near Bristol Narrows (Fig. 5),v4: revised in figure pass
Christopher Street Site,41.430000,-71.493000,weak,600,RI,Narragansett,"Vol. 62, No. 1 (2001)",5182,~650 m WNW of RI 110 village complex; SE of Silver Lake at upper Point Judith Pond,
Burr's Hill (17th c. Wampanoag burial ground),41.725500,-71.278000,medium,300,RI,Warren,"Vol. 45, No. 1 (1984)",3709,Identified from Warren references; Burr's Hill Park,
Jones Pond Shell Heap,41.808000,-71.348000,weak,1500,RI,East Providence,"Vol. 1, No.2 (1940)",31,Town only,
Ochee Spring Steatite Quarry,41.822000,-71.510000,weak,800,RI,Johnston,"Vol. 82, Nos. 1 & 2 (2021)",6921,"Ochee Spring, Johnston",
Flat River Site,41.690000,-71.600000,weak,3000,RI,Coventry (?),"Vol. 28, No. 2 (1968)",2453,Assumed Flat River (Reservoir) RI; not confirmed,
Ragged Mountain Quarry Shelter,41.930000,-73.020000,weak,1500,CT,Barkhamsted,"Vol. 10, No. 2 (1949)",778,"Side of Ragged Mountain in People's State Forest, base of 80 ft ledges",
Bakerville Stone Bowl Quarry,41.858000,-73.015000,weak,1000,CT,New Hartford,"Vol. 31, Nos. 1 & 2 (1970)",2583,Cotton Mountain ~4 mi S of Winsted,
Lone Pine Site,41.675500,-72.662000,weak,800,CT,Rocky Hill,"Vol. 32, Nos. 1 & 2 (1971)",2666,"Location map: Shipman's Hill traprock ridge by Goff Brook and Rte 91, N Rocky Hill",v4: revised in figure pass
Smith Brook Site,41.710000,-72.600000,weak,3000,CT,Glastonbury,"Vol. 29, Nos 3 & 4 (1968)",2497,Town only,
Obed Heights Rock Shelter,41.300000,-72.370000,weak,600,CT,Old Saybrook,"Vol. 33, nos. 3 & 4 (1972)",2777,"~1,000 ft N of CT Turnpike, 300 ft SW of Obed Heights Reservoir",
Bird Rock Site,40.860000,-73.805000,weak,1500,NY,Bronx (Pelham Bay),"Vol. 65, No. 2 (2004)",5460,Pelham Bay area,
Oakland Lake Site,40.756000,-73.758000,medium,400,NY,Queens (Bayside),"Vol. 9, No 2 & 3 (1948)",724,Oakland Lake,
Taylor Farm - Pasture Locus,41.932000,-70.992700,medium,200,MA,Middleborough,"Vol. 43, No. 2 (1982)",3494,"Taylor Farm map site 1, just SE of Pratt's Bridge",v2: added in map pass
Taylor Farm - River Locus,41.932400,-70.995000,medium,200,MA,Middleborough,"Vol. 43, No. 2 (1982)",3494,"Taylor Farm map site 2, S bank just W of bridge",v2: added in map pass
Taylor Farm - Orchard Locus (burials),41.930500,-70.996200,medium,250,MA,Middleborough,"Vol. 43, No. 2 (1982)",3494,Taylor Farm map site 3,v2: added in map pass
Taylor Farm - Hillside Locus (burials),41.930400,-70.993700,medium,250,MA,Middleborough,"Vol. 43, No. 2 (1982)",3494,"Taylor Farm map site 4, W side of Vernon St",v2: added in map pass
Bassett Knoll Site,41.920000,-70.999000,weak,700,MA,Raynham/Middleborough,"Vol. 71, No. 2 (2010)",6024,1 mile S of Titicut; dated 8480 BP,v2: added in map pass
Titicut Brook Site 1 - Forest Street,41.962000,-70.995000,weak,1000,MA,Bridgewater,"Vol. 71, No. 2 (2010)",6021,W side of Snow's Brook near Forest St,v2: added in map pass
Titicut Brook Site 2 - Cross Street,41.951000,-70.992000,weak,800,MA,Bridgewater,"Vol. 71, No. 2 (2010)",6021,E side of Snow's Brook,v2: added in map pass
Titicut Brook Site 3 - Olde Scotland Links spring,41.942500,-71.001500,weak,500,MA,Bridgewater,"Vol. 71, No. 2 (2010)",6021,Spring exposed during golf course construction,v2: added in map pass
Titicut Brook Site 4 - Auglis Garden,41.939500,-70.996500,weak,500,MA,Bridgewater,"Vol. 71, No. 2 (2010)",6021,Feeder stream crossing Vernon St,v2: added in map pass
Titicut Brook Site 5 - Kravitz Field,41.939000,-70.992500,weak,400,MA,Bridgewater,"Vol. 71, No. 2 (2010)",6021,Between Vernon St and W side of Snow's Brook,v2: added in map pass
Titicut Brook Site 6 - P. Heinz Garden,41.938500,-70.993500,weak,400,MA,Bridgewater,"Vol. 71, No. 2 (2010)",6023,Probably part of Trites Farm site,v2: added in map pass
Titicut Brook Site 7 - Austin Garden,41.939000,-70.990500,weak,400,MA,Bridgewater,"Vol. 71, No. 2 (2010)",6023,E side of Snow's Brook,v2: added in map pass
Titicut Brook Site 8 - Brooks Field,41.937200,-70.990500,weak,400,MA,Bridgewater,"Vol. 71, No. 2 (2010)",6023,N of Green St,v2: added in map pass
Titicut Brook Site 9 - White-Rodgers Garden,41.938500,-70.989500,weak,500,MA,Bridgewater,"Vol. 71, No. 2 (2010)",6023,N side of Snow's Brook,v2: added in map pass
Titicut Brook Site 10 - Bromley Garden,41.937500,-70.988000,weak,400,MA,Bridgewater,"Vol. 71, No. 2 (2010)",6023,E side of South St at Snow's Brook mouth; 1740 foundry dam,v2: added in map pass
Titicut Brook Site 11 - Bryant Pasture,41.952000,-70.980000,weak,1000,MA,Bridgewater,"Vol. 71, No. 2 (2010)",6023,Poor Farm Brook,v2: added in map pass
Titicut Brook Site 12 - Poor Farm Site,41.952000,-70.977000,weak,1000,MA,Bridgewater,"Vol. 71, No. 2 (2010)",6023,E across South St from Bryant Pasture,v2: added in map pass
Titicut Brook Site 13 - Keith Farm,41.949000,-70.975000,weak,1000,MA,Bridgewater,"Vol. 71, No. 2 (2010)",6023,Poor Farm Brook,v2: added in map pass
Titicut Brook Site 14 - Vernon St at Poquoy Brook,41.917000,-70.988000,weak,1000,MA,Middleborough,"Vol. 71, No. 2 (2010)",6023,W side of Vernon St along Poquoy Brook,v2: added in map pass
Titicut Brook Site 15 - River & Church Streets,41.895000,-71.006000,medium,400,MA,Raynham,"Vol. 71, No. 2 (2010)",6023,Corner of River and Church Sts where Furnace Brook enters the river,v2: added in map pass
Titicut Brook Site 16 - Bassett Brook,41.925000,-71.010000,weak,1000,MA,Raynham,"Vol. 71, No. 2 (2010)",6023,Along Pine St,v2: added in map pass
Titicut Brook Site 17 - Tripp Garden,41.929000,-70.960000,weak,800,MA,Middleborough,"Vol. 71, No. 2 (2010)",6024,N side of Center St opposite head of Puddingshear Brook,v2: added in map pass
Titicut Brook Site 18 - Taylor Brook Site,41.929500,-70.994500,weak,400,MA,Middleborough,"Vol. 71, No. 2 (2010)",6024,W of Vernon St on brook from swamp E of Fort Hill Field,v2: added in map pass
Titicut Brook Site 19 - McCue's Field,41.928800,-70.994500,weak,400,MA,Middleborough,"Vol. 71, No. 2 (2010)",6024,S side of same brook,v2: added in map pass
Sweet's Knoll Area Site 3,41.821900,-71.120300,medium,250,MA,Dighton,"Vol. 16, No. 4 (1955)",1428,Terrace site 3 on 1955 map,v2: added in map pass
Sweet's Knoll Area Site 4,41.822900,-71.119900,medium,250,MA,Dighton,"Vol. 16, No. 4 (1955)",1428,Terrace site 4 on 1955 map,v2: added in map pass
Sweet's Knoll Area Site 5,41.829100,-71.117300,medium,250,MA,Dighton,"Vol. 16, No. 4 (1955)",1428,Terrace site 5 on 1955 map,v2: added in map pass
Sweet's Knoll Area Site 6,41.825500,-71.113800,medium,300,MA,Dighton,"Vol. 16, No. 4 (1955)",1428,Hill site 6 on 1955 map,v2: added in map pass
Fuller's Brook Site,41.833300,-71.278800,medium,400,MA,Rehoboth,"Vol. 78, No. 2 (2017)",6658,2017 topo marker B; S bank of Fuller's Brook ~2.5 km W of Tobey near Summer St,v2: added in map pass
Read Farm Site,41.780600,-71.326900,medium,350,MA/RI,Seekonk/Barrington,"Vol. 78, No. 2 (2017)",6658,2017 topo marker C; E side of Runnins River junction with Hundred Acre Cove,v2: added in map pass
Mouscosuck Creek U-construction Site,41.730100,-71.339600,medium,400,RI,West Barrington,"Vol. 78, No. 2 (2017)",6658,2017 topo marker J; C14 800 and 860 BP,v2: added in map pass
Dighton Syncline U-construction Site (marker K),41.876700,-71.189100,medium,400,MA,Rehoboth/Dighton,"Vol. 78, No. 2 (2017)",6658,2017 topo marker K; one of DTR 1a/1b (NE Rehoboth),v2: added in map pass
Dighton Syncline U-construction Site (marker L),41.891400,-71.198800,medium,400,MA,Rehoboth,"Vol. 78, No. 2 (2017)",6658,2017 topo marker L; one of DTR 1a/1b,v2: added in map pass
Walnut Street U-construction Site,41.838900,-70.875100,medium,400,MA,Middleborough,"Vol. 78, No. 2 (2017)",6658,"2017 topo marker O; high ground between Wapanucket and Rock Village, S of Walnut St",v2: added in map pass
Assawompset Neck Drumlin Site,41.818400,-70.920700,medium,400,MA,Lakeville,"Vol. 78, No. 2 (2017)",6658,2017 topo marker N; drumlin top leveled in 1690,v2: added in map pass
Skug River Site (Martin's Pond),42.607500,-71.080500,medium,300,MA,North Reading,"Vol. 22, No. 3 & 4 (1961)",1919,"~200 yds W of Rt 28, 120 ft E of Martin's Pond, 120 ft S of Skug River",v3: added in map pass
Norumbega Site,42.338000,-71.270000,weak,1000,MA,Weston,"Vol. 81, Nos. 1 & 2 (2020)",6880,"MWRA Norumbega facility project area, Weston",v3: added in map pass
Perry's Shell Heap (Kettle-Hole Site),42.035000,-70.080000,weak,1500,MA,North Truro,"Vol. 74, No. 2 (2013)",6257,"Farm of John Perry, North Truro",v3: added in map pass
Krogh Property Burial Site (19-FR-36),42.538000,-72.596000,weak,1000,MA,Deerfield,"Vol. 52, No. 2 (1991)",4362,Steam Mill Road; high sandy terrace over Deerfield Meadows at foot of Pocumtuck Range,v3: added in map pass
Peach Orchard Site,42.074500,-70.649000,medium,500,MA,Marshfield,"Vol. 62, No. 2 (2001)",5239,Adjacent to Blue Heron at base of Duxbury Beach peninsula,v3: added in map pass
Annisquam Shellfish Site,42.656500,-70.678000,weak,700,MA,Gloucester,"Vol. 74, No. 2 (2013)",6311,Named on 2013 Gloucester site map,v3: added in map pass
Farm Point Shellfish Site,42.652000,-70.690000,weak,700,MA,Gloucester,"Vol. 74, No. 2 (2013)",6311,Named on 2013 Gloucester site map,v3: added in map pass
Coffin Beach Site,42.656000,-70.700500,weak,700,MA,Gloucester,"Vol. 74, No. 2 (2013)",6311,Named on 2013 Gloucester site map,v3: added in map pass
Coles Island Site,42.650500,-70.695000,weak,700,MA,Gloucester,"Vol. 74, No. 2 (2013)",6311,Named on 2013 Gloucester site map,v3: added in map pass
Pearce (Merchant) Island Shellfish Site,42.634000,-70.677000,weak,600,MA,Gloucester,"Vol. 74, No. 2 (2013)",6310,Shellfish processing site in Annisquam River,v3: added in map pass
Rust Island Shellfish Site,42.626500,-70.676500,weak,600,MA,Gloucester,"Vol. 74, No. 2 (2013)",6310,Shellfish processing site in Annisquam River,v3: added in map pass
Riverview (Curtis Cove / Thurston Point) Sites,42.627500,-70.679500,weak,600,MA,Gloucester,"Vol. 74, No. 2 (2013)",6310,"Curtis Cove and Thurston Point, Riverview",v3: added in map pass
Pressons Point Site,42.623000,-70.686000,weak,800,MA,Gloucester,"Vol. 74, No. 2 (2013)",6311,Named on 2013 Gloucester site map,v3: added in map pass
Wheeler's Point Shellfish Site,42.640000,-70.688000,weak,700,MA,Gloucester,"Vol. 74, No. 2 (2013)",6310,Peninsula at junction of Annisquam and Mill Rivers,v3: added in map pass
Hill #1 Site,42.098500,-71.445500,medium,900,MA,Bellingham,"Vol. 61, No. 1 (2000)",5102,"1794 Bellingham plan, E Charles River terrace",v4: added in figure pass
Mantatucket Rock Site,42.466000,-71.352000,medium,400,MA,Concord,"Vol. 45, No. 2 (1984)",3730,"Smith Collection map site C, Concord River below the confluence",v4: added in figure pass
Hosmer's Rocks Site,42.469000,-71.357000,medium,400,MA,Concord,"Vol. 45, No. 2 (1984)",3730,"Smith Collection map site D, at Assabet/Sudbury confluence",v4: added in figure pass
Asparagus Experimental Station Site (19-MD-69),42.466100,-71.325000,medium,600,MA,Concord,"Vol. 45, No. 2 (1984)",3730,"Smith Collection map site B, along Concord River",v4: added in figure pass
Barthel's Farm Site,42.443400,-71.301400,medium,500,MA,Lincoln/Concord,"Vol. 45, No. 2 (1984)",3730,Smith Collection map site K,v4: added in figure pass
Cold Brook Hill Site,42.413500,-71.388000,weak,1000,MA,Sudbury,"Vol. 45, No. 2 (1984)",3730,Smith Collection map site H,v4: added in figure pass
Fife Brook Sites (Deerfield River),42.676000,-72.988000,medium,800,MA,Florida/Rowe,"Vol. 33, Nos. 1 & 2 (1972)",2748,"Map of upper Deerfield River: Fife Brook sites below Fife Brook dam, left of Bear Swamp",v4: added in figure pass
DEDIC Site (Deerfield Industrial Park),42.463000,-72.603000,weak,1000,MA,Deerfield,"Vol. 66, No. 2 (2005)",5561,"South Deerfield industrial park, S edge of Deerfield",v4: added in figure pass
Purcell Site,41.656000,-70.240000,weak,1000,MA,Yarmouth,"Vol. 35, No. 3 & 4 (1974)",2923,"Report gives street address 76 Pine Cone Drive, West Yarmouth - geocode that address for a better pin",v4: added in figure pass
Chilmark Ceramic Vessel Find (Abel's Hill),41.345000,-70.715000,medium,400,MA,Chilmark,"Vol. 46, No. 1 (1985)",3761,Abel's Hill just S of South Road,v4: added in figure pass
Lake Cochituate Basketry Find,42.305000,-71.368000,weak,1500,MA,Natick/Wayland,"Vol. 48, No. 1 (1987)",3939,Lake Cochituate shoreline,v4: added in figure pass
White's Island (Wamsutta's hunting house),42.006000,-70.844000,medium,400,MA,Halifax,"Vol. 55, No. 1 (1994)",4604,White's Island in Monponsett Pond (Fig. 2),v4: added in figure pass
Pembroke Native Wigwam/House Sites (1823-78),42.052000,-70.826000,weak,1200,MA,Pembroke,"Vol. 57, No. 1 (1996)",4774,Six historic Native households around Oldham and Furnace Ponds on 1879 map,v4: added in figure pass
Conklin Jasper Quarry (RI 1935),41.915000,-71.425000,weak,1500,RI,Lincoln,"Vol. 60, No. 1 (1999)",5026,Town location map,v4: added in figure pass
Sandy Neck Traverse Stations 1-9,41.729000,-70.340000,weak,3500,MA,Barnstable,"Vol. 28, No. 2 (1967)",2375,Nine stations spread between Bodfish Park and the lighthouse (1965 map),v4: added in figure pass
Acosta Street Burial,41.080000,-73.550000,weak,2000,CT,Stamford,"Vol. 23, No. 2 (1962)",1975,"Map of burial area, Stamford",v4: added in figure pass
Waterford Pot Recovery (Niantic River),41.345000,-72.160000,weak,1500,CT,Waterford,"Vol. 34, Nos. 3 & 4 (1973)",2847,Rock cavity on upper Niantic River,v4: added in figure pass
Randolph Bear Swamp Site (M35NE26),42.165000,-71.060000,weak,2000,MA,Randolph,"Vol. 39, No. 2 (1978)",3230,"Border of Bear Swamp, Randolph",v4: added in figure pass
Bogastowe Farms Site,42.145000,-71.350000,weak,700,MA,Millis/Medfield,"Vol. 77, No. 1 (2016)",6523,Near South End Pond on SW Medfield USGS quad,v4: added in figure pass
Essex Bay Islands Localities,42.659000,-70.775000,weak,2000,MA,Essex,"Vol. 79, No. 1 (2018)",6714,"Hog, Cross and other Essex Bay islands (Fig. 9)",v4: added in figure pass
MHC recon: Winnecunnet Pond site cluster,41.965000,-71.147000,weak,900,MA,Norton,MHC Reconnaissance Survey Town Report: Norton (1981),,Two large and several smaller Native sites around Winnecunnet Pond; area reputedly used by the Pokanokets before King Philip's War,v5: added from MHC town report
MHC recon: Canoe River sites (Newcomb St to Main St),41.983000,-71.172000,weak,1500,MA,Norton,MHC Reconnaissance Survey Town Report: Norton (1981),,Two sites with Middle-Late Woodland components plus several unidentified sites near the Canoe River between Newcomb and Main Streets,v5: added from MHC town report
MHC recon: Pine & Hill Streets campsites,41.942000,-71.192000,weak,2000,MA,Norton,MHC Reconnaissance Survey Town Report: Norton (1981),,Two small campsites immediately E of the junction of Pine and Hill Streets - geocode that intersection for a precise pin,v5: added from MHC town report
Philip's Cave (Great Rocky Hill),41.979000,-71.150000,weak,900,MA,Norton,MHC Reconnaissance Survey Town Report: Norton (1981),,"Cave on Great Rocky Hill N of Winnecunnet Pond, reputedly used by King Philip when fishing and hunting",v5: added from MHC town report
MHC recon: Titicut fish weir (Pratt's Bridge),41.932400,-70.993100,medium,300,MA,Bridgewater/Middleborough,MHC Reconnaissance Survey Town Report: Bridgewater (1981),,Contact/Historic native fish weir in the vicinity of Pratt's Bridge,v5: added from MHC town report
MHC recon: Taunton River sites above Woodward Bridge,41.956000,-70.928000,weak,1500,MA,Bridgewater,MHC Reconnaissance Survey Town Report: Bridgewater (1981),,Unidentified native sites on the Taunton River above Woodward (Summer St) Bridge,v5: added from MHC town report
MHC recon: Lake Nippenicket sites,41.967000,-71.019000,weak,1200,MA,Bridgewater,MHC Reconnaissance Survey Town Report: Bridgewater (1981),,Unidentified native sites near Lake Nippenicket,v5: added from MHC town report
MHC recon: Town River sites,41.990000,-70.970000,weak,2500,MA,Bridgewater,MHC Reconnaissance Survey Town Report: Bridgewater (1981),,Unidentified native sites on the Town River,v5: added from MHC town report
"Nemasket Village (Muttock), N of Barden Hill",41.900000,-70.906000,weak,800,MA,Middleborough,MHC Reconnaissance Survey Town Report: Middleborough (1981),,"Probable site of Nemasket, the main Contact-period village; burials, a dugout canoe and Woodland artifacts reported; abandoned mid-1600s",v5: added from MHC town report
Titicut Indian Church Site,41.938000,-70.967000,weak,700,MA,Middleborough,MHC Reconnaissance Survey Town Report: Middleborough (1981),,"Native church on Pleasant St probably near its junction with Plymouth St, North Middleborough",v5: added from MHC town report
Betty's Neck Native Settlement,41.826000,-70.930000,medium,700,MA,Lakeville,MHC Reconnaissance Survey Town Report: Middleborough (1981),,Tispaquin's people moved here from Nemasket mid-1600s; last native community in the area by the late 1700s,v5: added from MHC town report
MHC recon: Tispaquin Pond shore settlements,41.863300,-70.858600,weak,900,MA,Middleborough,MHC Reconnaissance Survey Town Report: Middleborough (1981),,Local history places native settlements on the shores of Tispaquin Pond before English settlement,v5: added from MHC town report
MHC recon: Woods Pond shore settlements,41.895000,-70.836000,weak,1200,MA,Middleborough,MHC Reconnaissance Survey Town Report: Middleborough (1981),,Local history places native settlements on the shores of Woods Pond,v5: added from MHC town report
MHC recon: Middleborough Center contact burial,41.893000,-70.911000,weak,800,MA,Middleborough,MHC Reconnaissance Survey Town Report: Middleborough (1981),,Contact or Historic Period burial exposed in Middleborough center,v5: added from MHC town report
MHC recon: Wenham Pond site cluster,41.912000,-70.796000,weak,1000,MA,Carver,MHC Reconnaissance Survey Town Report: Carver (1981),,Cluster of native sites (two with Woodland components) immediately S of Wenham Pond; likely on the Nemasket Path (Wenham Rd/Purchase St),v5: added from MHC town report
MHC recon: Ricketts Pond shore site,41.895000,-70.725000,weak,1200,MA,Carver,MHC Reconnaissance Survey Town Report: Carver (1981),,Unidentified native site on the shore of Ricketts Pond,v5: added from MHC town report
MHC recon: Federal Pond shore site,41.851000,-70.709000,weak,1200,MA,Carver,MHC Reconnaissance Survey Town Report: Carver (1981),,Unidentified native site on the shore of Federal Pond,v5: added from MHC town report
MHC recon: Sampson Pond east shore site,41.856000,-70.745000,weak,800,MA,Carver,MHC Reconnaissance Survey Town Report: Carver (1981),,Site on E shore of Sampson Pond; small native population lived here through the 18th century,v5: added from MHC town report
MHC recon: East Head Pond shore site,41.845000,-70.709000,weak,1200,MA,Carver,MHC Reconnaissance Survey Town Report: Carver (1981),,Unidentified native site on the shore of East Head Pond,v5: added from MHC town report
Sonnett Indian Lands (S of Sampson Pond),41.846000,-70.750000,weak,900,MA,Carver,MHC Reconnaissance Survey Town Report: Carver (1981),,200 acres S of Sampson Pond granted by Plymouth in 1702 to Samuel Sonnett and wife; native-occupied until the late 1700s,v5: added from MHC town report
MHC recon: Spring Street spring (Carver/Plympton line),41.935000,-70.786000,weak,1200,MA,Carver,MHC Reconnaissance Survey Town Report: Carver (1981),,Large (200 ft) spring by the junction of Spring St at the Carver/Plympton line noted as a native resource area - geocode that junction for a better pin,v5: added from MHC town report
MHC recon: Uncas Pond native settlement,42.099000,-71.435000,weak,800,MA,Franklin,MHC Reconnaissance Survey Town Report: Franklin (1981),,Suspected Contact-period site and 17th-century native (possibly Wampanoag) settlement around Uncas Pond,v5: added from MHC town report
MHC recon: Populatic Pond sites,42.133000,-71.370000,weak,1000,MA,Franklin/Norfolk,MHC Reconnaissance Survey Town Report: Franklin (1981),,Suspected native sites; Populatic Pond apparently a terminus of seasonal fish runs,v5: added from MHC town report
MHC recon: Shepard's Brook sites,42.108000,-71.396000,weak,1500,MA,Franklin,MHC Reconnaissance Survey Town Report: Franklin (1981),,Unspecified native sites along Shepard's Brook,v5: added from MHC town report
"Indian Rock (King Philip's War fight, Jordan St)",42.060000,-71.415000,weak,1500,MA,Franklin,MHC Reconnaissance Survey Town Report: Franklin (1981),,"King Philip's War battle site at Indian Rock on Jordan Street - geocode Jordan St, Franklin for a better pin",v5: added from MHC town report
"MHC recon: Satucket Path ford, Shumatuscacant River at Adams Street",42.122000,-70.941000,weak,1800,MA,Abington,MHC Reconnaissance Survey Town Report: Abington (1981),,Report: native fording site (part of Satucket Path) immediately N of the Shumatuscacant River-Adams St junction at North Abington; placed on the river N of Island Grove.; [verified] MHC 1981 report confirms wording; no independent source pinned the Adams St/river junction coords.,v7: coordinate verified
MHC recon: Nash Memorial Road native claypits,42.101500,-70.948000,weak,1500,MA,Abington,MHC Reconnaissance Survey Town Report: Abington (1981),,Report: native claypits reputedly present near John Henry Benner's pottery kiln at the end of Nash Memorial Road; placed at the west end of that street.; [verified] Nash Memorial Rd exists in Abington but exact claypit/kiln site was not confirmed by any source found.,v7: coordinate verified
MHC recon: Shumatuscacant River bank site cluster,42.112000,-70.938000,weak,600,MA,Abington,MHC Reconnaissance Survey Town Report: Abington (1981),,"Report: banks of the Shumatuscacant River listed as areas possibly used by the Contact period native population; placed mid-reach at Island Grove.; [verified] Island Grove Pond (on this river) is at 42.1111,-70.9400 per Natural Atlas; existing point ~200m off.",v7: coordinate verified
MHC recon: Nashoba Brook site cluster,42.478000,-71.408000,weak,1700,MA,Acton,MHC Reconnaissance Survey Town Report: Acton (1980),,Report: unspecified native sites on Nashoba Brook; placed on the lower Acton reach of the brook above its Fort Pond Brook confluence.; [verified] Only a USGS gauge ~4km upstream was found; the brook's confluence with Fort Pond Brook is unconfirmed.,v7: coordinate verified
MHC recon: Fort Pond Brook site cluster,42.462000,-71.444000,weak,700,MA,Acton,MHC Reconnaissance Survey Town Report: Acton (1980),,"Report: unspecified native sites on Fort Pond Brook; placed on the South Acton reach of the brook.; [verified] USGS 'Fort Pond Brook at River Rd near South Acton' gauge is at 42.4594,-71.4428, ~300m from point.",v7: coordinate verified
MHC recon: Great Hill southeast slope artifact locus,42.466000,-71.450000,medium,600,MA,Acton,MHC Reconnaissance Survey Town Report: Acton (1980),,"Report: artifacts reported SE of Great Hill (Phalen 1954); placed just southeast of the Great Hill summit.; [verified] Wikipedia gives Great Hill summit at 42.46861,-71.45417; point sits ~450m SE, matching description.",v7: coordinate verified
MHC recon: Strawberry Hill artifact locus,42.492700,-71.411700,medium,500,MA,Acton,MHC Reconnaissance Survey Town Report: Acton (1980),,"Report: artifacts reported from the Strawberry Hill area, also a conjectured trail route; placed on Strawberry Hill Road, NE Acton.; [verified] 16 Strawberry Hill Rd geocodes to 42.4932,-71.4156 (Redfin listing); existing point ~325m away.",v7: coordinate verified
MHC recon: Nagog Pond shore site locations,42.515050,-71.440370,weak,1200,MA,Acton/Littleton,MHC Reconnaissance Survey Town Report: Acton (1980),,"Report: likely site locations include terraces and knolls overlooking Nagog Pond, a spawning area; placed at the pond, which straddles the Acton-Littleton line.; [verified] Lake database (Lake-Link) gives Nagog Pond at 42.51505,-71.44037; original point was ~2.7km off.",v7: coordinate verified
MHC recon: Late Woodland/Contact site east of Acushnet River south of Main Street,41.679500,-70.916000,medium,500,MA,Acushnet,MHC Reconnaissance Survey Town Report: Acushnet (1981),,"Report: one Late Woodland (possibly Contact period) site discovered immediately E of the Acushnet River and S of Main St; placed on the east bank below Head of the River.; [verified] Head of the River Historic District (Main St bridge), Wikipedia: 41.68167,-70.91917; point ~360m ",v7: coordinate verified
"MHC recon: Rhode Island Way native ford, Acushnet River at Main Street",41.681700,-70.918500,medium,150,MA,Acushnet,MHC Reconnaissance Survey Town Report: Acushnet (1981),,"Report: Rhode Island Way (Plymouth-Newport route) crossed the Acushnet River at a native ford at the site of the Main St bridge (Howland 1907:20); placed at Head of the River.; [verified] Wikipedia Head of the River Historic District coords (Main St bridge) 41.68167,-70.91917, ~5",v7: coordinate verified
MHC recon: Acushnet River native burials,41.690000,-70.910000,weak,1500,MA,Acushnet,MHC Reconnaissance Survey Town Report: Acushnet (1981),,"Report: local histories report a number of native burials on both sides of the Acushnet River; placed on the river above Head of the River.; [verified] Placed ~1.2km upstream (N) of the confirmed Main St bridge ford, consistent with 'above Head of the River.'",v7: coordinate verified
MHC recon: Long Plain artifact locus,41.738000,-70.896500,weak,300,MA,Acushnet,MHC Reconnaissance Survey Town Report: Acushnet (1981),,"Report: unidentified native artifacts recovered from Acushnet village, Long Plain and the interior woodlands; placed at Long Plain village on Main St.; [verified] Long Plain School, 1203 Main St, Acushnet: Wikipedia coords 41.73805,-70.89656, ~6m match.",v7: coordinate verified
MHC recon: Acushnet Christian Indian village (c.1698),41.686000,-70.907000,weak,1500,MA,Acushnet,MHC Reconnaissance Survey Town Report: Acushnet (1981),,"Report: Acushnet held one of four small 'Christian' native villages in Old Dartmouth c.1698, with 14 Christian native families; placed at Acushnet village.; [verified] Wikipedia Acushnet town-center coords 41.68056,-70.90833, ~615m away; within generous margin.",v7: coordinate verified
MHC recon: Mittineague Falls native fishing station,42.104500,-72.645000,weak,1500,MA,Agawam/West Springfield,MHC Reconnaissance Survey Town Report: Agawam (1982),,"Report: Mittineague (Agawam) Falls reputed major native fishing site; English noted natives setting fish traps there c.1635; placed on the Westfield River at Mittineague.; [verified] Mittineague village confirmed on the Westfield River in West Springfield, but exact falls site no",v7: coordinate verified
"MHC recon: Agawam delta planting fields, mouth of the Westfield River",42.084170,-72.585560,medium,400,MA,Agawam,MHC Reconnaissance Survey Town Report: Agawam (1982),,"Report: native planting fields reported on the Agawam delta at the mouth of the Westfield River; placed at the Westfield-Connecticut confluence on the Agawam side.; [verified] Wikipedia gives Westfield R. mouth (into Connecticut R.) at 42.08417,-72.58556; original was ~3.3km off.",v7: coordinate verified
MHC recon: interior Agawam site cluster west and south of the river junction,42.078000,-72.625000,weak,2000,MA,Agawam,MHC Reconnaissance Survey Town Report: Agawam (1982),,"Report: several unidentified and Woodland period native sites located a short distance W of the Connecticut and S of the Westfield rivers; placed in interior north-central Agawam.; [verified] No specific landmark named ('interior,' unidentified sites); nothing findable to confirm",v7: coordinate verified
MHC recon: Merrimack River north bank site locations,42.845000,-70.950000,weak,2500,MA,Amesbury,MHC Reconnaissance Survey Town Report: Amesbury (1985),,"Report: numerous locations along the Merrimack River were likely site locations, with trails on the north bank; no sites yet located; placed mid-river-frontage in Amesbury.; [verified] Generic 'numerous locations' along river frontage, no named landmark; could not confirm a point",v7: coordinate verified
MHC recon: Powwow River corridor site locations,42.855000,-70.943000,weak,900,MA,Amesbury,MHC Reconnaissance Survey Town Report: Amesbury (1985),,"Report: Merrimack tributaries and inland wetlands listed as likely habitation, fishing, midden and burial locations; the Powwow is the main tributary, placed at Lake Gardner.; [verified] Lake Gardner (on the Powwow R.) at 42.8615,-70.9433 per aviation chart; existing point ~700m ",v7: coordinate verified
MHC recon: North Amherst Mill River site,42.407000,-72.522000,weak,1500,MA,Amherst,MHC Reconnaissance Survey Town Report: Amherst (1982),,Report: one native site with probable Early/Middle Woodland components located in North Amherst adjacent to the Mill River; placed on the Mill River at North Amherst.; [verified] Mill River in North Amherst confirmed to exist; exact Early/Middle Woodland site location not found.,v7: coordinate verified
MHC recon: Mill Valley sites on the Fort River,42.346000,-72.527000,weak,1500,MA,Amherst,MHC Reconnaissance Survey Town Report: Amherst (1982),,"Report: two undated native sites present near Mill Valley along the Fort River; placed at Mill Valley, South Amherst.; [verified] Mill Valley Gristmill referenced in archives but no coordinates found; Fort River source coords are elsewhere.",v7: coordinate verified
MHC recon: Bay Road trail along the base of the Holyoke Range,42.323000,-72.515000,weak,2500,MA,Amherst,MHC Reconnaissance Survey Town Report: Amherst (1982),,"Report: east-west trail documented as Bay Road along the base of Mount Holyoke (Sylvester 1879); placed mid-route on Bay Road in South Amherst.; [verified] Confirmed via Mt Norwottuck (42.306,-72.510) & S Amherst Common (42.341,-72.505), Wikipedia.",v7: coordinate verified
MHC recon: East Village-Lawrence Swamp horticultural lowlands,42.360000,-72.487000,weak,1800,MA,Amherst,MHC Reconnaissance Survey Town Report: Amherst (1982),,"Report: lowlands between East Village and Lawrence Swamp cited as agricultural land suitable for native horticulture; placed midway between the two.; [verified] East Village (42.3767,-72.5011,Wikipedia) & Lawrence Swamp (42.3325,-72.4836,Pacer) midpt ~750m off.",v7: coordinate verified
MHC recon: Haggetts Pond area and trail,42.648556,-71.199659,weak,500,MA,Andover,MHC Reconnaissance Survey Town Report: Andover (1985),,"Report: a trail along Haggett's Pond Road or High Plains Road probably linked the Haggett Pond area with the Merrimack; pond peripheries cited as likely site locations.; [verified] Wikipedia gives Haggetts Pond at 42.648556,-71.199659 - exact match to queue coordinates.",v7: coordinate verified
MHC recon: Skug River corridor,42.620000,-71.110000,weak,1500,MA,Andover,MHC Reconnaissance Survey Town Report: Andover (1985),,"Report: native transportation emphasized water travel along the Merrimack, Shawsheen and Skug rivers; placed on the Andover reach of the Skug River near Harold Parker.; [verified] Wikipedia: Skug R. source at Harold Parker(42.635,-71.098), mouth(42.599,-71.124); midpt ~340m off.",v7: coordinate verified
MHC recon: Menemsha Pond shore site locations,41.348000,-70.766000,weak,1500,MA,Aquinnah,MHC Reconnaissance Survey Town Report: Aquinnah (1984),,"Report: Late Woodland sites and artifacts with Gay Head provenience show preference for necks, coves and coastal ponds, including the Menemsha Pond area; placed on the Aquinnah shore.; [verified] Wikipedia Menemsha Pond center 41.33889,-70.77361 is ~1.2km off; widened margin, poi",v7: coordinate verified
MHC recon: Gay Head Neck native reservation (1642),41.348000,-70.827000,medium,1500,MA,Aquinnah,MHC Reconnaissance Survey Town Report: Aquinnah (1984),,"Report: Gay Head Neck first established as a native reservation in 1642 and has remained a native reservation and town; placed on the Neck behind the Gay Head cliffs.; [verified] Gay Head Light/cliffs at 41.348444,-70.834944 (Wikipedia) 665m away, confirms Neck area.",v7: coordinate verified
MHC recon: Gay Head native meetinghouse and village,41.341940,-70.813890,medium,500,MA,Aquinnah,MHC Reconnaissance Survey Town Report: Aquinnah (1984),,"Report: first meetinghouse built before 1698, with 260 natives attending services at Gay Head in 1698 and 58 houses on the Neck by 1712; placed at the Gay Head village centre.; [verified] Wikipedia: Gay Head-Aquinnah Town Center Historic Dist at 41.341940,-70.813890, 1.26km from ",v7: coordinate verified
MHC recon: Menotomy (Arlington Plain) native settlement core,42.408000,-71.145000,weak,2000,MA,Arlington,MHC Reconnaissance Survey Town Report: Arlington (1980),,"Report: Arlington Plain (Mystic River-Alewife Brook-Spy Pond), known as Menotomy, an extremely concentrated area of native occupation with large villages and fishing stations.; [verified] Wikipedia/MHC report confirm Menotomy bounded by Mystic R/Alewife Brook/Spy Pond; point plau",v7: coordinate verified
MHC recon: Spy Pond west shore Late Woodland sites,42.408500,-71.154000,medium,600,MA,Arlington,MHC Reconnaissance Survey Town Report: Arlington (1980),,"Report: several Late Woodland sites known along the west side of Spy Pond; placed on the pond's west shore.; [verified] Spy Pond center 42.40778,-71.15611 (Wikipedia), point 192m away/within pond footprint.",v7: coordinate verified
MHC recon: Alewife Brook Late Woodland sites,42.402000,-71.137000,medium,1000,MA,Arlington,MHC Reconnaissance Survey Town Report: Arlington (1980),,"Report: several Late Woodland sites known along Alewife Brook; placed mid-reach on the brook at the Arlington boundary.; [verified] Alewife Brook Reservation at 42.397319,-71.142276 (Wikipedia) 678m away, within margin.",v7: coordinate verified
MHC recon: Alewife Brook fish weir below St. Paul's Cemetery,42.404500,-71.134500,medium,400,MA,Arlington,MHC Reconnaissance Survey Town Report: Arlington (1980),,"Report: one known weir south of St. Paul's cemetery, on seasonal fish runs in the Mystic River and Alewife Brook; placed just south of the cemetery at 30 Broadway.; [verified] St. Paul's Cemetery at 42.40731,-71.13542 (FindAGrave); point 320m south, matches description.",v7: coordinate verified
MHC recon: Massachusetts Avenue ford at Alewife Brook,42.399500,-71.140000,medium,350,MA,Arlington,MHC Reconnaissance Survey Town Report: Arlington (1980),,"Report: primary east-west trail between the Charles and Concord rivers conjectured along Massachusetts Ave from a probable ford site at Alewife Brook across Menotomy Plain.; [verified] Alewife Brook Reservation notes historic weir near Mass Ave/Rte16 junction, 306m from point.",v7: coordinate verified
MHC recon: Arlington Center trail junction,42.415400,-71.156500,medium,400,MA,Arlington,MHC Reconnaissance Survey Town Report: Arlington (1980),,"Report: focus of regional trail routes at Arlington center, where the north-south Pleasant St route met Mystic St crossing Mill Brook toward the Mystic Lakes and Medford.; [verified] Arlington Center Historic District at 42.41472,-71.15583 (Wikipedia), only 93m from point.",v7: coordinate verified
MHC recon: Upper Naukeag Lake site locations,42.657500,-71.927200,medium,300,MA,Ashburnham,MHC Reconnaissance Survey Town Report: Ashburnham (1984),,"Report: native sites are probable at Upper and Lower Naukeag lakes; the Naukeag Lake trail is conjectured along Main St-Lashua-Harris-Coughlin roads west of Upper Naukeag.; [verified] HomeTownLocator/GNIS: Upper Naukeag Lake at 42.657513,-71.927192 - essentially exact match.",v7: coordinate verified
MHC recon: Lower Naukeag Lake site locations,42.667849,-71.956652,medium,300,MA,Ashburnham,MHC Reconnaissance Survey Town Report: Ashburnham (1984),,"Report: native sites are probable at Upper and Lower Naukeag lakes; a Heald Road branch ran northwest to Lower Naukeag; placed at the lake SW of North Ashburnham.; [verified] HomeTownLocator/GNIS: Lower Naukeag Lake at 42.667849,-71.956652 - exact match.",v7: coordinate verified
MHC recon: Lake Winnekeag site locations,42.661418,-71.900405,medium,300,MA,Ashburnham,MHC Reconnaissance Survey Town Report: Ashburnham (1984),,"Report: the town's many large ponds must have attracted some occupation, Winnekeag Lake among those named; placed at the lake 1.5 mi N of Ashburnham centre.; [verified] HomeTownLocator/GNIS: Winnekeag Lake at 42.661418,-71.900405 - exact match.",v7: coordinate verified
MHC recon: Wright Ponds (Neesepegesuck) site area,42.647870,-71.816190,medium,400,MA,Ashby,MHC Reconnaissance Survey Town Report: Ashby (1984),,"Report: native sites possible at Wright Ponds (Neesepegesuck); placed at the GNIS Wright Ponds basin in south Ashby.; [verified] Fishbrain gives Wright Ponds at 42.649111,-71.813861, 235m from point - confirms basin.",v7: coordinate verified
MHC recon: Damon Pond site area,42.661834,-71.791777,medium,250,MA,Ashby,MHC Reconnaissance Survey Town Report: Ashby (1984),,"Report: native sites possible at Damon Pond; placed at GNIS Damon Pond in Willard Brook State Forest, 1.8 mi SE of Ashby.; [verified] HomeTownLocator/GNIS: Damon Pond at 42.661834,-71.791777 - exact match, Willard Brook SF.",v7: coordinate verified
MHC recon: Watatic Pond site area,42.685880,-71.873860,weak,1600,MA,Ashby/Ashburnham,MHC Reconnaissance Survey Town Report: Ashby (1984),,"Report: native sites possible at Watatic Pond, terminus of the conjectured east-west corridor; pond lies just over the Ashburnham line.; [verified] Could not confirm exact Watatic Pond coords; only Mt Watatic summit(42.697,-71.893) found nearby.",v7: coordinate verified
MHC recon: Ashby east-west trail corridor (County Road-Main Street),42.677900,-71.818900,medium,500,MA,Ashby,MHC Reconnaissance Survey Town Report: Ashby (1984),,"Report: east-west corridor to Watatic Pond on County Road-Main Street-Rindge State Road-Flint Street; node placed at Ashby common.; [verified] Ashby town common/center at 42.67778,-71.82083 (Wikipedia infobox), only 159m from point.",v7: coordinate verified
MHC recon: Ashfield Pond / village plateau settlement focus,42.511753,-72.794537,medium,700,MA,Ashfield,MHC Reconnaissance Survey Town Report: Ashfield (1982),,"Report: local settlement probably focused on the Ashfield village plateau and vicinity of Ashfield Pond, with hunting and fishing there.; [verified] Real Ashfield Pond ~1.6km SSW of plotted pt (anyplaceamerica/GNIS); pond fix, plateau vague",v7: coordinate verified
MHC recon: South River valley site area,42.508000,-72.744000,weak,2500,MA,Ashfield,MHC Reconnaissance Survey Town Report: Ashfield (1982),,"Report: associated sites may lie in the South River valley from the Emmets Road junction to the Ashfield/Conway line; midpoint of that reach.; [verified] Emmet Rd confirmed real (listing), but exact South River midpoint vs Conway line not confirmed",v7: coordinate verified
MHC recon: Spruce Corner / Swift River uplands site area,42.490200,-72.839400,weak,1600,MA,Ashfield,MHC Reconnaissance Survey Town Report: Ashfield (1982),,"Report: native sites probable in western Ashfield uplands near Spruce Corner, with horticulture on the Swift River floodplain.; [verified] Spruce Corner Cemetery (Find a Grave) 1.5km from pt, within margin",v7: coordinate verified
MHC recon: Bear River valley at Baptist Corner,42.551700,-72.756300,weak,1000,MA,Ashfield,MHC Reconnaissance Survey Town Report: Ashfield (1982),,"Report: suspected trail as Murray Rd along the Bear River at Baptist Corner, with scattered native evidence in the Bear River valley.; [verified] Baptist Corner Cemetery (Find a Grave) ~0.7km from pt, within margin",v7: coordinate verified
MHC recon: Chapel Falls trail node (West Road),42.479000,-72.770000,weak,1000,MA,Ashfield,MHC Reconnaissance Survey Town Report: Ashfield (1982),,"Report: possible trail south to Mill River (Williamsburg) as West Road to Chapel Falls; node placed at Chapel Falls.; [verified] Chapel Falls at 42.4820,-72.7599 (hikingproject/waterfallhikes) ~0.9km, within margin",v7: coordinate verified
Magunkaquog Praying Indian Town (Magunco Hill),42.249150,-71.480995,strong,300,MA,Ashland,MHC Reconnaissance Survey Town Report: Ashland (1980),,"Report: mid-17th c. Praying Town at Mangunco Hill, Magunkaquog, last of Eliot's seven original praying towns; placed at GNIS Magunco Hill.; [verified] Wikidata GNIS Magunco Hill 42.24915,-71.48099 matches point almost exactly",v7: coordinate verified
MHC recon: Connecticut Path ford over Cold Spring Brook,42.258500,-71.472000,weak,1600,MA,Ashland,MHC Reconnaissance Survey Town Report: Ashland (1980),,Report: Connecticut Path on Fruit-Prospect-Chestnut Streets to a ford over Cold Spring Brook (marker site); placed at that brook crossing.; [verified] Path/brook pages found but no coordinate for the ford; search budget ran out before more tries,v7: coordinate verified
MHC recon: Sudbury River terraces site area,42.258000,-71.463000,weak,900,MA,Ashland,MHC Reconnaissance Survey Town Report: Ashland (1980),,"Report: sites possible on well-drained terraces and knolls overlooking the Sudbury River, especially at falls and confluences; placed at the Ashland falls.; [verified] USGS gauge ""Sudbury River at Ashland"" 42.25998,-71.45642 ~0.6km, within margin",v7: coordinate verified
MHC recon: Washakum Pond trail loop (Cedar Street),42.272500,-71.433000,weak,1200,MA,Ashland/Framingham,MHC Reconnaissance Survey Town Report: Ashland (1980),,"Report: conjectured trail loop around Washakum Pond possibly as Cedar Street; placed at Waushakum Pond on the Ashland-Framingham line.; [verified] Waushakum Pond 42.2640,-71.4262 (topozone/maplogs) ~1.1km, just within margin",v7: coordinate verified
MHC recon: Millers River corridor occupation sites,42.593000,-72.226000,weak,2200,MA,Athol,MHC Reconnaissance Survey Town Report: Athol (1984),,Report: occupation sites might have been located near the Millers River; placed at the Millers River crossing at Athol centre on the conjectured Nichewaug trail.; [verified] WebSearch quota exhausted before a specific Millers River/Athol-centre coordinate was found,v7: coordinate verified
MHC recon: Whites Pond site area,42.550400,-72.258400,weak,1600,MA,Athol,MHC Reconnaissance Survey Town Report: Athol (1984),,"Report: occupation sites might have been located near Whites Pond; placed at White Pond, southern Athol.; [verified] Mass.gov ""Whites Pond"" page found was for Plymouth, not Athol; correct pond unconfirmed",v7: coordinate verified
MHC recon: Lake Rohunta site area,42.568830,-72.270940,weak,1000,MA,Athol,MHC Reconnaissance Survey Town Report: Athol (1984),,"Report: occupation sites might have been located near Lake Rohunta; placed at the Athol portion of the lake.; [verified] Mass.gov Lake Rohunta access pt 42.5610,-72.2751 ~0.9km, within margin",v7: coordinate verified
MHC recon: South Athol Pond site area,42.536857,-72.257861,weak,1500,MA,Athol,MHC Reconnaissance Survey Town Report: Athol (1984),,Report: occupation sites might have been located near South Athol Pond; placed at GNIS South Athol Pond on Riceville Brook.; [verified] No mass.gov/GNIS page found for South Athol Pond before search quota ran out,v7: coordinate verified
MHC recon: Lake Ellis site area,42.575472,-72.206006,weak,1500,MA,Athol,MHC Reconnaissance Survey Town Report: Athol (1984),,Report: occupation sites might have been located near Lake Ellis in the south of town; placed at GNIS Lake Ellis.; [verified] Mass.gov confirms Lake Ellis is in Athol MA but page gives no coordinate,v7: coordinate verified
MHC recon: Tenmile River / downtown Attleboro site cluster,41.944700,-71.285600,weak,1800,MA,Attleboro,MHC Reconnaissance Survey Town Report: Attleboro (1981),,"Report: thirteen Early-Late Woodland sites recorded, clustered about the trail-network centre and heaviest along the Tenmile River at downtown Attleboro.; [verified] Ten Mile River real and runs through Attleboro but no specific coordinate confirmed",v7: coordinate verified
MHC recon: Sevenmile River site area,41.930000,-71.322000,weak,2000,MA,Attleboro,MHC Reconnaissance Survey Town Report: Attleboro (1981),,Report: settlement along the Sevenmile River near County Street and native fishing on that river; placed on the Sevenmile River in western Attleboro.; [verified] Sevenmile River exists near Attleboro; no specific coordinate confirmed before quota ran out,v7: coordinate verified
MHC recon: Bungay River site area,41.960000,-71.300000,weak,1600,MA,Attleboro,MHC Reconnaissance Survey Town Report: Attleboro (1981),,"Report: native fishing focused on the Tenmile and to a lesser degree the Bungay and Sevenmile rivers; placed on the Bungay River in northern Attleboro.; [verified] Wikipedia confirms Bungay River enters Ten Mile R. in Attleboro, no coordinate given",v7: coordinate verified
MHC recon: northeastern Attleboro Contact period site area,41.960000,-71.260000,weak,2800,MA,Attleboro,MHC Reconnaissance Survey Town Report: Attleboro (1981),,"Report: likelihood of extant Contact period sites is greatest in northeastern Attleboro; placed at the centroid of that town quadrant.; [verified] Basis is a town-quadrant centroid, not a landmark; nothing specific to verify",v7: coordinate verified
Pakachoag Hill Indian Village,42.241760,-71.805071,medium,800,MA,Auburn,MHC Reconnaissance Survey Town Report: Auburn (1984),,"Report: Pakachoag Hill was the reputed village location; Eliot found 20 Nipmuck families there in 1674 under John Horowanninit. Placed on the Pakachoag Street crest in Auburn.; [verified] Topozone Pakachoag Hill summit 42.24176,-71.80507 is 2.8km from plotted pt",v7: coordinate verified
MHC recon: Eddy Pond site area,42.172000,-71.843000,weak,900,MA,Auburn,MHC Reconnaissance Survey Town Report: Auburn (1984),,"Report: areas adjacent to Eddy Pond in the south should yield short-term occupations by small groups.; [verified] Mass.gov Eddy Pond 42.1789,-71.8414 (off South St) ~0.8km, within margin",v7: coordinate verified
MHC recon: Leesville and Stoneville ponds site area,42.229000,-71.837000,weak,1500,MA,Auburn,MHC Reconnaissance Survey Town Report: Auburn (1984),,"Report: short-term occupations expected adjacent to Leesville and Stoneville ponds in northern Auburn.; [verified] Leesville Pond (lake-link,~42.229,-71.829) & Stoneville Res. (anyplaceamerica,42.208,-71.859) confirmed; in margin.",v7: coordinate verified
MHC recon: Dark Brook site area,42.193000,-71.858000,weak,700,MA,Auburn,MHC Reconnaissance Survey Town Report: Auburn (1984),,"Report: Dark Brook in the centre of town among the water sources expected to yield short-term occupations; placed at Dark Brook Reservoir.; [verified] Dark Brook Reservoir Dam confirmed via Mapcarta at 42.198,-71.858; existing pt ~600m away, margin tightened.",v7: coordinate verified
MHC recon: Auburn and Pondville ponds site area,42.188000,-71.810000,weak,1200,MA,Auburn,MHC Reconnaissance Survey Town Report: Auburn (1984),,"Report: short-term occupations expected adjacent to Auburn and Pondville ponds in the east of town.; [verified] Pondville Pond confirmed via Fishbrain at 42.191,-71.814, ~450m from point, within margin.",v7: coordinate verified
MHC recon: Avon trail junction (East Main Street / High Street),42.127900,-71.041500,weak,3750,MA,Avon,MHC Reconnaissance Survey Town Report: Avon (1979),,"Report: Avon a regional junction of north-south routes, East Main St (Rt 28) Monatiquot-to-Bridgewater trail and High St Punkapoag-to-Great Bear Swamp trail; no sites reported.; [verified] No source pinpointed this specific junction; only town-level refs found. Margin widened.",v7: coordinate verified
MHC recon: Nonacoicus Brook / Nashua River confluence site area,42.573000,-71.603000,weak,1800,MA,Ayer,MHC Reconnaissance Survey Town Report: Ayer (1980),,"Report: sites possible along the Nashua River and Nonacoicus Brook, the primary trail route; placed at the brook's confluence with the Nashua.; [verified] USGS gauge near Ayer (42.562,-71.610) found but not the exact brook/river confluence; widened.",v7: coordinate verified
MHC recon: Sandy Pond site area,42.552500,-71.570500,weak,1000,MA,Ayer,MHC Reconnaissance Survey Town Report: Ayer (1980),,"Report: sites possible at Sandy Pond, on the conjectured Willow-Sandy Ponds Roads trail; placed at Sandy Pond off Snake Hill Road.; [verified] Mass.gov confirms Sandy Pond sits at Sandy Pond Rd/Snake Hill Rd junction, matching report exactly.",v7: coordinate verified
MHC recon: Long Pond site area,42.538000,-71.556000,weak,1800,MA,Ayer,MHC Reconnaissance Survey Town Report: Ayer (1980),,"Report: sites possible at Long Pond, headwater of the Ayer pond chain; placed at Long Pond in southeastern Ayer.; [verified] Ayer.ma.us confirms Long Pond exists (~50 acres) but no coordinate source found; margin widened.",v7: coordinate verified
MHC recon: Cummaquid (Cormaquid) village,41.704000,-70.267000,weak,1500,MA,Barnstable,MHC Reconnaissance Survey Town Report: Barnstable (1984),,Report: Plymouth men met Native Americans at Cormaquid seeking lobsters and went with them to their village; placed at Cummaquid on Route 6A.; [verified] WebSearch budget exhausted before a coordinate source for Cummaquid village was found; widened.,v7: coordinate verified
MHC recon: Mattacheese (Mattakeeset) / Barnstable Harbor settlement area,41.702000,-70.299000,weak,2250,MA,Barnstable,MHC Reconnaissance Survey Town Report: Barnstable (1984),,"Report: township name Mattacheese or Mattakeeset; Barnstable Harbor originally Chumquid Harbor; east-west trail skirted Great Marshes near Route 6A.; [verified] WebSearch budget exhausted before a coordinate source was found; margin widened, confidence dropped.",v7: coordinate verified
MHC recon: Centerville River / Craigville site area,41.625111,-70.364746,medium,300,MA,Barnstable,MHC Reconnaissance Survey Town Report: Barnstable (1984),,"Report: Late Woodland period sites are known in the Centerville River/Craigville area; placed at the Centerville River mouth behind Craigville Beach.; [verified] Wikipedia infobox gives Centerville River mouth at 41.6251,-70.3647; ~2.3km SW of prior point.",v7: coordinate verified
MHC recon: East Bay site area (Osterville),41.625500,-70.385500,weak,1500,MA,Barnstable,MHC Reconnaissance Survey Town Report: Barnstable (1984),,"Report: Late Woodland site concentrations along East Bay; Iyanno's 1664 purchase covered Hyannis, Hyannisport and Craigville lands.; [verified] WebSearch budget exhausted before a coordinate source for East Bay was found; margin widened.",v7: coordinate verified
MHC recon: Cotuit Bay site area,41.620000,-70.427000,weak,1800,MA,Barnstable,MHC Reconnaissance Survey Town Report: Barnstable (1984),,Report: Late Woodland site concentrations along Cotuit Bay; native place names Coatuit and Cotocheeset; Paupmunnuck sold the Cotuit lands 1648-1658.; [verified] No Wikipedia page or coordinate source found for Cotuit Bay before search budget ran out; widened.,v7: coordinate verified
MHC recon: Wequaquet Lake (Cheekwaquet) site area,41.667500,-70.333000,weak,700,MA,Barnstable,MHC Reconnaissance Survey Town Report: Barnstable (1984),,"Report: Cheekwaquet among documented native place names giving clues to site locations; placed at Wequaquet Lake, Centerville.; [verified] Wequaquet Lake confirmed via Wikipedia infobox at 41.6714,-70.3389; ~650m away, margin tightened.",v7: coordinate verified
MHC recon: Barnstable Harbor-Hyannis trail (Mary Dunn Road),41.683000,-70.294000,weak,3000,MA,Barnstable,MHC Reconnaissance Survey Town Report: Barnstable (1984),,Report: major north-south trail went from Barnstable Harbor to Hyannis in the area of Mary Dunn Road; node placed on that road.; [verified] No coordinate source found for this trail node before WebSearch budget was exhausted; widened.,v7: coordinate verified
MHC recon: Ware River site (southern Barre),42.386000,-72.095000,medium,1500,MA,Barre,MHC Reconnaissance Survey Town Report: Barre (1984),,Report: more confidence can be given to a site adjacent to the Ware River in the south; placed on the Ware River at Barre Plains / South Barre.; [verified] Wikipedia gives Ware R. source (Hubbardston) & mouth (Three Rivers); point interpolates onto its course.,v7: coordinate verified
MHC recon: Prince River site area,42.410000,-72.085000,weak,2700,MA,Barre,MHC Reconnaissance Survey Town Report: Barre (1984),,"Report: occupations likely on the Prince River, which the conjectured north-south highland trail parallels; placed on the Prince River in central Barre.; [verified] No Wikipedia page or coordinate source found for Prince River before search budget ran out; widened.",v7: coordinate verified
MHC recon: Burnshirt River crossing site area,42.430000,-72.070000,weak,1800,MA,Barre,MHC Reconnaissance Survey Town Report: Barre (1984),,"Report: occupations likely on the Burnshirt River, with a conjectured northeast trail branch (Williamsville Road) to the Burnshirt River crossing.; [verified] Wikipedia confirms Burnshirt R. flows via Williamsville to the Ware R. near Barre, matching report.",v7: coordinate verified
MHC recon: Crosbys Hill site (Shawsheen River),42.512222,-71.246389,weak,1500,MA,Bedford,MHC Reconnaissance Survey Town Report: Bedford (1980),,"Report: unspecified native sites on the Shawsheen at Crosby Hill; placed at Crosbys Hill (aka Indian Hill), east Bedford.; [verified] No Wikipedia page or coordinate source found for Crosbys/Indian Hill before search budget ran out; widened.",v7: coordinate verified
MHC recon: Concord River site cluster (Bedford),42.498000,-71.323000,weak,1800,MA,Bedford,MHC Reconnaissance Survey Town Report: Bedford (1980),,Report: several unspecified sites known along the Concord; placed mid-reach of the Concord River on Bedford's west edge.; [verified] Wikipedia confirms Concord R. runs north past Bedford's edge between its Concord and Lowell coord points.,v7: coordinate verified
MHC recon: Fawn Lake trail node (Spring Road-Page Street route),42.513611,-71.273056,weak,2250,MA,Bedford,MHC Reconnaissance Survey Town Report: Bedford (1980),,"Report: conjectured trail Spring Road past Fawn Lake to Page Street; point set at Fawn Lake, the one named landmark.; [verified] No coordinate source found for Fawn Lake before WebSearch budget was exhausted; margin widened.",v7: coordinate verified
MHC recon: Franklin Street railroad-junction Woodland site,42.274500,-72.409000,weak,2500,MA,Belchertown,MHC Reconnaissance Survey Town Report: Belchertown (1982),,Report: Early/possibly Middle Woodland occupation near the junction of the Boston and Maine Railroad and Franklin Street.; [verified] MHC Belchertown report confirms text verbatim; no independent source pins exact RR/Franklin St junction.,v7: coordinate verified
MHC recon: unidentified native site north of Belchertown village,42.335000,-72.405000,weak,4500,MA,Belchertown,MHC Reconnaissance Survey Town Report: Belchertown (1982),,"Report: unidentified native site reputed north of Belchertown village, about six miles from the Franklin Street site.; [verified] MHC report confirms vague '6 mi north' site; no fixed landmark exists to verify placement.",v7: coordinate verified
MHC recon: Cold Spring site vicinity (Belchertown village hill),42.276900,-72.401400,weak,2700,MA,Belchertown,MHC Reconnaissance Survey Town Report: Belchertown (1982),,Report: sites likely near Cold Spring on the Old Bay Path; village hill was site of native burns and hunting drives.; [verified] MHC report confirms Cold Spring near Swift River/SE uplands; exact spring location not found online.,v7: coordinate verified
MHC recon: Metacomet Lake site potential,42.305688,-72.431893,medium,400,MA,Belchertown,MHC Reconnaissance Survey Town Report: Belchertown (1982),,"Report: additional native sites may have been established adjacent to Metacomet Lake; placed at the lake.; [verified] GPSNauticalCharts pins Metacomet Lake ~42.305,-72.435, ~270m from point; within tightened margin.",v7: coordinate verified
MHC recon: Arcadia Lake site potential,42.313056,-72.427778,medium,300,MA,Belchertown,MHC Reconnaissance Survey Town Report: Belchertown (1982),,"Report: native sites and fishing focus at Arcadia Lake; placed at Arcadia Lake (Middle Pond).; [verified] Map database (Sandee) pins Arcadia Lake at 42.313433,-72.428055, ~50m away; confirmed.",v7: coordinate verified
MHC recon: Lake Holland site potential,42.316667,-72.431111,medium,300,MA,Belchertown,MHC Reconnaissance Survey Town Report: Belchertown (1982),,"Report: focal point of native fishing at Lake Holland with possible adjacent sites; placed at Lake Holland (Upper Pond).; [verified] Natural Atlas pins Lake Holland at 42.316753,-72.431198, ~15m away; confirmed.",v7: coordinate verified
MHC recon: Swift River intervale site zone,42.262000,-72.348000,weak,4500,MA,Belchertown,MHC Reconnaissance Survey Town Report: Belchertown (1982),,Report: native horticulture and sites most likely on the Swift River intervale; placed mid-reach of the Swift in SE Belchertown.; [verified] MHC report confirms general SE Belchertown/Swift River siting; no specific point to verify.,v7: coordinate verified
MHC recon: South Bellingham trail-corridor sites (Peters River),42.050000,-71.478000,weak,3500,MA,Bellingham,MHC Reconnaissance Survey Town Report: Bellingham (1980),,"Report: native sites reported along main trails in South Bellingham, route following the Pulaski Boulevard axis by Peters River.; [verified] MHC report confirms Pulaski Blvd/Peters River trail route generally; no coordinate source found.",v7: coordinate verified
MHC recon: Charles River terrace sites (Hartford Avenue at Stall Brook),42.118000,-71.462000,weak,3000,MA,Bellingham,MHC Reconnaissance Survey Town Report: Bellingham (1980),,"Report: suspected sites along Charles River paths, trail conjectured as Hartford Avenue around Stall Brook.; [verified] MHC report confirms Hartford Ave/Stall Brook route conjecture; no precise terrace-site source found.",v7: coordinate verified
MHC recon: Waverley Oaks-Beaver Brook occupation,42.386200,-71.181500,weak,2000,MA,Belmont,MHC Reconnaissance Survey Town Report: Belmont (1980),,"Report: reputed native occupation along Beaver Brook at Waverley Oaks; placed at the Waverley Oaks reach of Beaver Brook.; [verified] Waverley Oaks confirmed real (Beaver Brook Reservation, Belmont/Waltham line); no precise in-town pin found.",v7: coordinate verified
MHC recon: Pequusset Hill site (Payson Park Reservoir),42.383015,-71.168746,medium,250,MA,Belmont,MHC Reconnaissance Survey Town Report: Belmont (1980),,"Report: reputed occupation on Pequuset Hill, identified as the Payson Park Reservoir hill; placed at Payson Park.; [verified] Mapcarta pins Payson Park Reservoir at 42.383015,-71.168746, ~660m from prior point; corrected.",v7: coordinate verified
MHC recon: Little Pond-Fresh Pond unspecified sites,42.383200,-71.155500,weak,2700,MA,Belmont,MHC Reconnaissance Survey Town Report: Belmont (1980),,Report: other prehistoric or unspecified sites south of Little Pond and west of Fresh Pond; placed between the two ponds.; [verified] Both ponds are real Belmont waterbodies; no source found to verify exact midpoint placement.,v7: coordinate verified
MHC recon: Elm Street-Point Street site (Woodland/Contact),41.826500,-71.104500,weak,2400,MA,Berkley,MHC Reconnaissance Survey Town Report: Berkley (1981),,Report: extensive site with possible Woodland/Contact component between Elm and Point Streets; placed on the Taunton River shore there.; [verified] MHC report confirms Elm/Point St site near Taunton River; no geocoded intersection source found.,v7: coordinate verified
MHC recon: Shore's Creek village site,41.818000,-71.101000,medium,600,MA,Berkley,MHC Reconnaissance Survey Town Report: Berkley (1981),,"Report: large Archaic/Woodland village site adjacent to Shore's Creek, which lies immediately north of Hospital Hill.; [verified] Mapcarta pins Hospital Hill at 41.814270,-71.099490; point ~430m north matches 'immediately north'.",v7: coordinate verified
MHC recon: Dighton Rock artifact locality,41.812756,-71.110560,strong,150,MA,Berkley,MHC Reconnaissance Survey Town Report: Berkley (1981),,"Report: large quantities of native artifacts recovered around Dighton Rock, possible Contact settlement; Dighton Rock State Park shoreline, Berkley; coordinate corrected in review pass; [verified] Wikipedia infobox pins Dighton Rock itself at 41.812756,-71.110560; corrected ~800m",v7: coordinate verified
MHC recon: Assonet Neck cornhill fields,41.801389,-71.107778,weak,4000,MA,Berkley,MHC Reconnaissance Survey Town Report: Berkley (1981),,"Report: Delabarre in 1939 reported as many as 80,000 Indian cornhills on Assonet Neck; placed at the centre of the neck.; [verified] MHC report confirms Delabarre's 80,000-cornhill account; 'centre of neck' has no fixed point to check.",v7: coordinate verified
MHC recon: Bayview Avenue-Grinnell Street cornhills,41.799500,-71.102000,weak,2200,MA,Berkley,MHC Reconnaissance Survey Town Report: Berkley (1981),,Report: cornhills reported near the intersection of Bayview Avenue and Grinnell Street on Assonet Neck.; [verified] Both streets confirmed real in Berkley; no geocoded intersection source found to verify point.,v7: coordinate verified
MHC recon: cornhills south of Camp Merriwood,41.791000,-71.106400,medium,450,MA,Berkley,MHC Reconnaissance Survey Town Report: Berkley (1981),,"Report: cornhills reported south of Camp Merriwood; placed just south of Camp Merriwood on Assonet Neck.; [verified] Mapcarta pins Camp Merriwood at 41.793157,-71.103656; point ~330m south/west, matches description.",v7: coordinate verified
MHC recon: Gates Pond rumored site cluster,42.385000,-71.611000,medium,700,MA,Berlin,MHC Reconnaissance Survey Town Report: Berlin (1983),,"Report: large number of rumored sites adjacent to ponds including south and west of Gates Pond; placed off the SW shore.; [verified] Mapcarta/Wikiloc pin Gates Pond at 42.386877,-71.608525; SW-shore offset point ~290m away, within margin.",v7: coordinate verified
MHC recon: Wheeler Hill site east of Hog Swamp,42.395833,-71.623056,weak,2300,MA,Berlin,MHC Reconnaissance Survey Town Report: Berlin (1983),,"Report: rumored sites east of Hog Swamp on Wheeler Hill; placed at Wheeler Hill, Berlin.; [verified] MHC report confirms Wheeler Hill/Hog Swamp siting in Berlin; no coordinate source found for either.",v7: coordinate verified
MHC recon: Clamshell Pond rumored sites,42.399167,-71.678333,weak,900,MA,Berlin/Clinton,MHC Reconnaissance Survey Town Report: Berlin (1983),,"Report: rumored sites in the west near Clamshell Pond, Clinton; placed at Clamshell Pond on the Berlin-Clinton line.; [verified] Mapcarta/pond DB pins Clamshell Pond ~20m from point; report is rumor-only, no exact site.",v7: coordinate verified
MHC recon: Fall River bluffs at Bald Mountain Road,42.686000,-72.552000,weak,1200,MA,Bernardston,MHC Reconnaissance Survey Town Report: Bernardston (1982),,Report: prime site locations are bluffs on the east side of Fall River overlooking the Route 91 / Bald Mountain Road junction.; [verified] MHC 1982 Bernardston survey confirms bluffs at Rt91/Bald Mtn Rd jct verbatim; no coord given.,v7: coordinate verified
MHC recon: Fall River Valley occupation zone,42.665000,-72.548000,weak,2500,MA,Bernardston,MHC Reconnaissance Survey Town Report: Bernardston (1982),,Report: local natives probably congregated in the fertile Fall River Valley; placed mid-valley near Bernardston village.; [verified] MHC survey confirms broad Fall R. Valley probability zone incl. Bernardston lowlands; vague by design.,v7: coordinate verified
MHC recon: Bass River mouth site area,42.544444,-70.893889,weak,1500,MA,Beverly,MHC Reconnaissance Survey Town Report: Beverly (1986),,Report: the area around the mouth of the Bass River may have been a good site location; placed at the river mouth.; [verified] Wikipedia: Bass R.(Beverly) empties to Danvers R.; exact mouth coord not found before search ran out.,v7: coordinate verified
MHC recon: Bass River trail corridor (Woodbury Point to river head),42.562000,-70.891000,weak,2000,MA,Beverly,MHC Reconnaissance Survey Town Report: Beverly (1986),,Report: Indian trails along the coast and Bass River upgraded to horsepaths; first road ran Woodbury Point to head of Bass River.; [verified] Wikipedia confirms Woodbury Point marks rural/urban Beverly line; trail corridor pt unconfirmed.,v7: coordinate verified
MHC recon: North Billerica fordway site (Concord River),42.583333,-71.284444,medium,900,MA,Billerica,MHC Reconnaissance Survey Town Report: Billerica (1980),,"Report: documented ford at North Billerica, apparently intact site, with a few Contact period sites along the Concord there.; [verified] Wikipedia pins North Billerica ctr on Concord R at 42.5833,-71.2844, ~850m off; ford spot unpinned.",v7: coordinate verified
MHC recon: Nutting Lake north-shore site and planting fields,42.537500,-71.270500,medium,500,MA,Billerica,MHC Reconnaissance Survey Town Report: Billerica (1980),,"Report: period sites on the north side of Nuttings Lake; native settlement and planting fields north of Nutting Lake, 1665.; [verified] Mapcarta/GNIS Nutting Lake hamlet ctr 42.53787,-71.26895, ~130m from point; strong match.",v7: coordinate verified
MHC recon: Content Brook site cluster,42.578000,-71.215000,weak,1000,MA,Billerica,MHC Reconnaissance Survey Town Report: Billerica (1980),,"Report: numerous unspecified native sites along the Concord, also on Content Brook; placed on Content Brook.; [verified] USGS gauge 'Content Brook near Billerica' 42.5793,-71.2248, ~815m away; within stated margin.",v7: coordinate verified
MHC recon: Jacquith Brook graves and wigwam site,42.554500,-71.298000,medium,800,MA,Billerica,MHC Reconnaissance Survey Town Report: Billerica (1980),,"Report: graves and a wigwam site north of Jacquit Brook, formerly Winning Pond; placed just north of Winning Pond.; [verified] MHC Billerica survey states graves/wigwam N of Jacquit Bk (ex-Winning Pond) verbatim; pond is W Billerica.",v7: coordinate verified
MHC recon: palisaded Indian Towne east of Shawsheen River (Pinehurst),42.529300,-71.225500,medium,700,MA,Billerica,MHC Reconnaissance Survey Town Report: Billerica (1980),,"Report: undated 1660s map shows a circular, possibly palisaded Indian Towne east of the Shawsheen River at Pinehurst.; [verified] Wikipedia pins Pinehurst at 42.53361,-71.22944 (~580m); MHC survey confirms 1660s Indian Towne map there.",v7: coordinate verified
MHC recon: Blackstone River falls fishing site,42.015376,-71.551730,weak,1500,MA,Blackstone,MHC Reconnaissance Survey Town Report: Blackstone (1983),,"Report: anadromous runs in the Blackstone of particular importance, with a conjectured trail branch to Blackstone River Falls.; [verified] No named 'Blackstone River Falls' feature found in town sources before search budget was exhausted.",v7: coordinate verified
MHC recon: Mill River valley site zone (Elm Street corridor),42.027000,-71.525000,weak,1500,MA,Blackstone,MHC Reconnaissance Survey Town Report: Blackstone (1983),,Report: the Mill River in the east provided sites for fishing and agriculture; conjectured Mill River trail on Elm Street.; [verified] Search budget exhausted before Mill R./Elm St corridor in Blackstone could be verified.,v7: coordinate verified
MHC recon: Long Pond seasonal camps,42.202315,-73.008059,weak,1500,MA,Blandford,MHC Reconnaissance Survey Town Report: Blandford (1982),,"Report: likelihood of extant native-period sites greatest near Long and Blair Ponds; small seasonal fishing/hunting camps. Placed on Long Pond, W Blandford.; [verified] Blandford Wikipedia page does not mention Long Pond; search ran out before further lookup.",v7: coordinate verified
MHC recon: Blair Pond seasonal camps,42.177777,-72.977449,weak,1500,MA,Blandford,MHC Reconnaissance Survey Town Report: Blandford (1982),,"Report: promising locations in vicinity of Blandford's natural ponds incl. Long and Blair Ponds. Placed on Blair Pond, 2.5 mi W of Blandford centre.; [verified] Blandford Wikipedia page does not mention Blair Pond; search ran out before further lookup.",v7: coordinate verified
MHC recon: Knox Trail / Bay Path corridor (Route 23),42.183000,-72.959000,weak,3000,MA,Blandford,MHC Reconnaissance Survey Town Report: Blandford (1982),,"Report: primary E-W route, continuation of Bay Path along Knox Trail, from Russell Pond as Birch Hill Rd along the axis of Route 23. Node at Blandford centre on Rt 23.; [verified] Route 23/Knox Trail corridor not independently verified; search budget exhausted first.",v7: coordinate verified
MHC recon: Wattaquadock Hill trail route,42.421302,-71.634794,weak,2000,MA,Bolton,MHC Reconnaissance Survey Town Report: Bolton (1983),,"Report: alternate E-W route over Wataquadock Hill toward the lower Nashua. Placed at the Wattaquadock Hill summit.; [verified] Wikipedia confirms real hill, Bolton's highest pt, 1656 highway route; no summit coord found.",v7: coordinate verified
MHC recon: Nashua/Still River confluence camps,42.428000,-71.645000,weak,1500,MA,Bolton,MHC Reconnaissance Survey Town Report: Bolton (1983),,"Report: small short-term camps east of the Nashua River; routes run east toward the Nashua confluence and N-S along Still River. Placed at Bolton Flats on the town's west edge.; [verified] Wikipedia: Bolton Flats WMA sits at Nashua/Still R confluence, matching placement descripti",v7: coordinate verified
MHC recon: Mill Pond (Causeway Street) Contact sites,42.364000,-71.060500,weak,1500,MA,Boston,MHC Reconnaissance Survey Town Report: Boston (1981),,Report: suspected Contact sites within the former Mill Pond area of Causeway Street. Placed at Causeway St over the filled Mill Pond.; [verified] Mill Pond (Boston) page unfetchable; search budget exhausted before verification could complete.,v7: coordinate verified
Nonantum Praying Village (Oak Square),42.348700,-71.157400,medium,700,MA,Boston,MHC Reconnaissance Survey Town Report: Boston (1981),,"Report: Native Praying Village reported at Oak Square during the 1650s with adjacent site at Nonantum in Newton. Placed at Oak Square, Brighton.; [verified] Brighton wiki confirms 1646 Praying-Indian village at Newton-Brighton line, by Oak Square.",v7: coordinate verified
MHC recon: Nonantum site near Gallagher Park,42.362800,-71.148500,weak,1500,MA,Boston,MHC Reconnaissance Survey Town Report: Boston (1981),,"Report: probable period site known as Nonantum probably located in the vicinity of Gallagher Park. Placed at Gallagher Park on the Charles, Brighton.; [verified] Gallagher Park not found in sources checked; search budget exhausted before verification.",v7: coordinate verified
MHC recon: Great Herring Pond Contact cemetery (Comassakumkanett),41.797170,-70.558880,medium,400,MA,Bourne/Plymouth,MHC Reconnaissance Survey Town Report: Bourne (1984),,"Report: the one recognized Contact site is a cemetery on the southern shore of Great Herring Pond at the Plymouth County line, possibly tied to Comassakumkanett.; [verified] Matches Herring Pond Cemetery (MACRIS PLY801), Plymouth, near Bourne line; town/findagrave source.",v7: coordinate verified
MHC recon: Bournedale Herring Pond praying village and meetinghouse,41.786190,-70.565870,strong,200,MA,Bourne,MHC Reconnaissance Survey Town Report: Bourne (1984),,Report: first meetinghouse for Christian natives built in the Bournedale praying town around Herring Pond; another in 1765. Placed at the Bournedale Herring Pond Indian burying ground.; [verified] Exact match to Find a Grave 'Bournedale Herring Pond Indian Cemetery' coordinates.,v7: coordinate verified
"MHC recon: Manomet (Manametts) settlement, Monument Beach",41.715900,-70.617300,medium,1200,MA,Bourne,MHC Reconnaissance Survey Town Report: Bourne (1984),,"Report: Contact settlement reported as the Manomet or Manametts settlement in the Monument Beach area; village survived King Philip's War. Placed at Monument Beach village.; [verified] Wikipedia Monument Beach center ~0.9km away, within margin; village site is generalized.",v7: coordinate verified
"MHC recon: Pokesit (Poughkeesett) settlement, Pocasset",41.688400,-70.617500,medium,1200,MA,Bourne,MHC Reconnaissance Survey Town Report: Bourne (1984),,"Report: Contact settlement reported as the Pokesit or Poughkeesett settlement in the Pocasset area. Placed at Pocasset village on Buzzards Bay.; [verified] Wikipedia Pocasset village center ~0.3km away, well within margin.",v7: coordinate verified
MHC recon: Kitteaumett settlement,41.672000,-70.620900,weak,1500,MA,Bourne,MHC Reconnaissance Survey Town Report: Bourne (1984),,"Report names the Kitteaumett settlement among Bourne's Contact settlements without a fixed location; placed at Cataumet, the surviving form of the name.; [verified] Cataumet/Post Office Sq station ~0.9km away, within margin; site itself has no fixed spot.",v7: coordinate verified
MHC recon: Buzzards Bay shore shell middens,41.695000,-70.625000,weak,4000,MA,Bourne,MHC Reconnaissance Survey Town Report: Bourne (1984),,"Report: numerous shell midden sites, possibly Woodland or Contact, present in coastal areas along Buzzards Bay near shellfish beds and estuaries. Placed mid-shore.; [verified] Generic multi-site coastal description; no single midden landmark exists to confirm.",v7: coordinate verified
MHC recon: Scusset-Herring-Monument River portage trail,41.757000,-70.598000,weak,3500,MA,Bourne,MHC Reconnaissance Survey Town Report: Bourne (1984),,Report: primary portage route between Cape Cod Bay and Buzzards Bay along the Scusset-Herring-Monument River corridor. Node at the Bournedale portage head.; [verified] No specific portage-head landmark confirmed; search budget ran out before deeper check.,v7: coordinate verified
MHC recon: Beaver Brook esker sites,42.488000,-71.508000,weak,2500,MA,Boxborough,MHC Reconnaissance Survey Town Report: Boxborough (1980),,"Report: sites possible on well drained terraces and knolls adjacent to major brooks, especially along the Beaver Brook esker. Placed on the esker in E Boxborough.; [verified] Search found only unrelated Beaver Brooks (Belmont etc.); no Boxborough esker landmark confirmed.",v7: coordinate verified
MHC recon: Indian Meadows south of Boxborough Station,42.502000,-71.527000,weak,1200,MA,Boxborough,MHC Reconnaissance Survey Town Report: Boxborough (1980),,"Report: may have been used as a resource area by Praying Town Indians - area south of Boxborough Station referred to as Indian Meadows. Placed S of Depot Rd station area.; [verified] Mass.gov confirms Boxborough Station WMA near Depot Rd, matching description; no exact pin found.",v7: coordinate verified
"MHC recon: Parker River sites, north Boxford",42.687000,-70.985000,weak,2500,MA,Boxford,MHC Reconnaissance Survey Town Report: Boxford (1985),,"Report: Contact sites may be present along the banks of the Parker River in the northern portion of town; travel combined water and land along the Parker. Placed on the river in N Boxford.; [verified] Only general Parker River/Boxford refs found, no coordinate for the north-Boxfo",v7: coordinate verified
"MHC recon: Fish Brook sites, south Boxford",42.638000,-71.003000,weak,1500,MA,Boxford,MHC Reconnaissance Survey Town Report: Boxford (1985),,Report: Contact sites may be present along Fish Brook in the south of town. Placed on Fish Brook in S Boxford.; [verified] USGS gauge confirms Fish Brook is real but sits more central in town; south stretch not separately pinned.,v7: coordinate verified
MHC recon: Stiles Pond pond-margin sites,42.688989,-71.037063,strong,400,MA,Boxford,MHC Reconnaissance Survey Town Report: Boxford (1985),,"Report: sites may be present along the periphery of major ponds (Stiles Pond, Hovey's Pond, Lowe Pond). Placed on Stiles Pond, the largest of the three.; [verified] Coordinates match hometownlocator's Stiles Pond location almost exactly.",v7: coordinate verified
MHC recon: Ipswich Road / Main Street trail junction,42.661300,-70.996700,weak,3000,MA,Boxford,MHC Reconnaissance Survey Town Report: Boxford (1985),,Report: conjectured native trails along the routes of the Ipswich Road and Main Street. Node placed at their junction in Boxford centre.; [verified] Search budget exhausted before this junction could be checked; margin widened per spec.,v7: coordinate verified
MHC recon: Rocky Pond cornfield site,42.349000,-71.692500,weak,1800,MA,Boylston,MHC Reconnaissance Survey Town Report: Boylston (1983),,"Report: one probable agricultural site north of Rocky Pond, based on frequent early references to an Indian cornfield; Green St a path to Rocky Pond camps.; [verified] Search budget exhausted before this row could be checked; confidence downgraded per spec.",v7: coordinate verified
MHC recon: Nashua River ford at Central Street / Sears Hill,42.379000,-71.733000,weak,2200,MA,Boylston,MHC Reconnaissance Survey Town Report: Boylston (1983),,"Report: E-W paths joining as Central-Sears Hill, which fords the former Nashua, now flooded by Wachusett Reservoir; terrace sites now submerged.; [verified] Search budget exhausted before this row could be checked; margin widened per spec.",v7: coordinate verified
MHC recon: Sunset Lake pond-knoll sites,42.202500,-71.012220,strong,300,MA,Braintree,MHC Reconnaissance Survey Town Report: Braintree (1979),,"Report: three reported sites with Late Woodland components on well drained knolls or terraces adjacent to fresh water ponds. Placed at Sunset Lake.; [verified] Wikipedia gives Sunset Lake at 42.2025,-71.0122, ~1km from prior point (near margin edge).",v7: coordinate verified
MHC recon: Monatiquot River fall-line terraces,42.215500,-70.999000,weak,1200,MA,Braintree,MHC Reconnaissance Survey Town Report: Braintree (1979),,Report: likely site locations on terraces and knolls along both the Monatiquot estuary and fall lines. Placed at the Monatiquot falls in Braintree centre.; [verified] Monatiquot River confirmed real (Wikipedia); no separate falls coordinate found near centre.,v7: coordinate verified
MHC recon: Way to Plimuth coastal trail at the Fore River,42.227500,-70.968000,weak,2500,MA,Braintree,MHC Reconnaissance Survey Town Report: Braintree (1979),,"Report: the way to Plimuth on the 1633 Winthrop map, around the Monatiquot/Fore River via Commercial St, is the coastal trail from the Neponset to Cohasset-Plymouth.; [verified] Near Monatiquot/Fore River confluence (~0.4km), consistent with described trail route.",v7: coordinate verified
"MHC recon: Stony Brook (Sauguatuckett) settlement centre, West Brewster",41.750000,-70.104500,weak,2000,MA,Brewster,MHC Reconnaissance Survey Town Report: Brewster (1984),,Report: known Late Woodland sites along the bay shore and in the Stony Brook area; local tradition centres the Sauguatucketts in West Brewster near the Mill Ponds.; [verified] Search budget exhausted before this row could be checked; confidence downgraded per spec.,v7: coordinate verified
MHC recon: Indian Fields east of the Sauguatuckett River,41.754000,-70.099000,weak,2200,MA,Brewster,MHC Reconnaissance Survey Town Report: Brewster (1984),,Report: all lands on the east side of the Sauguatuckett River were reportedly cleared at the time of settlement and known as Indian Fields.; [verified] Search budget exhausted before this row could be checked; margin widened per spec.,v7: coordinate verified
MHC recon: Mill Pond praying Indian meetinghouse,41.745500,-70.103000,weak,1500,MA,Brewster,MHC Reconnaissance Survey Town Report: Brewster (1984),,"Report: a meetinghouse was reportedly established in the Mill Pond area for Praying Indians by 1675. Placed at the Brewster Mill Ponds.; [verified] Couldn't confirm exact Brewster Mill Ponds site; search budget ran out. Widened margin, downgraded.",v7: coordinate verified
MHC recon: native meetinghouse west of Seymour's Pond,41.724000,-70.096000,weak,1000,MA,Brewster,MHC Reconnaissance Survey Town Report: Brewster (1984),,"Report: the last native American meetinghouse is noted on a path west of Seymour's Pond. Placed just W of Seymour Pond on the Brewster side.; [verified] Seymour Pond confirmed (Mapcarta/GNIS) 41.724028,-70.092479, Harwich-Brewster line; corrected ~4.7km.",v7: coordinate verified
MHC recon: Sherman Pond-Marsh (Indian) Hill village site,42.138500,-72.192500,medium,900,MA,Brimfield,MHC Reconnaissance Survey Town Report: Brimfield (1982),,"Probable Contact period village extending from the N shore of Sherman Pond to the S slope of Marsh Hill (Indian Hill); placed between pond and hill; [verified] Sherman Pond confirmed (GNIS/hometownlocator) 42.1349,-72.1940, ~415m from point; within margin.",v7: coordinate verified
Quabaug Old Fort (Indian Hill),42.142500,-72.190000,weak,1500,MA,Brimfield,MHC Reconnaissance Survey Town Report: Brimfield (1982),,"Indian Hill reputedly the site of Quabaug Old Fort, a Contact/Plantation period stronghold where King Philip is said to have taken refuge; placed on Marsh/Indian Hill above Sherman Pond; [verified] Indian Hill marker exists near Brimfield center per Waymarking but exact coords un",v7: coordinate verified
MHC recon: Steerage Rock lookout (West Mountain),42.122467,-72.200250,strong,150,MA,Brimfield,MHC Reconnaissance Survey Town Report: Brimfield (1982),,"Steerage Rock, the town high point (1205 ft) and a Bay Path landmark, claimed to have been used by area natives as a vantage point; placed on West (Waddaquadduck) Mountain crest off Warren Rd; [verified] HMDB marker names Steerage Rock at 42.122467,-72.200250, near Brimfield cent",v7: coordinate verified
MHC recon: Tower Hill sensitive area,42.142000,-72.208000,weak,1500,MA,Brimfield,MHC Reconnaissance Survey Town Report: Brimfield (1982),,"Report flags the Sherman Pond, Marsh Hill and Tower Hill area as archaeologically sensitive; placed on Tower Hill NW of Brimfield centre; [verified] No source pinpointed Tower Hill in Brimfield; search budget exhausted before further lookup.",v7: coordinate verified
MHC recon: Salisbury Plain River ford (Crescent-Grove Sts),42.088000,-71.023500,weak,1500,MA,Brockton,MHC Reconnaissance Survey Town Report: Brockton (1981),,Documented N/S trail on Main St with presumed ford over the Salisbury (Plain) River at Crescent-Grove Streets; placed at the river crossing N of Brockton centre; [verified] Could not confirm Crescent-Grove St intersection coordinates; search budget exhausted.,v7: coordinate verified
Stone House Hill cave (rock shelter),42.063000,-71.080000,weak,1500,MA,Brockton/Easton,MHC Reconnaissance Survey Town Report: Brockton (1981),,Stone House Hill cave adjacent to the Brockton-Easton line near the old road to Easton (Stonehill St) reputedly used by natives for shelter; placed at that line near Stonehill College; [verified] No source found for Stone House Hill cave distinct from Stonehill College; search bu,v7: coordinate verified
MHC recon: Quaboag River collecting area (W of Quaboag Pond),42.215500,-72.107000,weak,2000,MA,Brookfield,MHC Reconnaissance Survey Town Report: Brookfield (1984),,"Area W of Quaboag Pond and along the Quaboag River described as one of central Massachusetts' richest collecting areas, Middle Archaic through Late Woodland; placed on the river reach by Brookfield centre; [verified] Quaboag Pond confirmed (Wikipedia) 42.1872,-72.0681, ~4.5km awa",v7: coordinate verified
MHC recon: Quacumquasit Pond site cluster,42.172214,-72.072992,weak,700,MA,Brookfield,MHC Reconnaissance Survey Town Report: Brookfield (1984),,"Many native sites likely at Quaboag and Quacumquasit Ponds; placed on Quacumquasit (South) Pond, with a trail between the two ponds on Cross Rd; [verified] Quacumquasit Pond confirmed (onWater/GNIS) 42.172214,-72.072992; corrected ~1.8km from prior placement.",v7: coordinate verified
MHC recon: Brookline palisaded fort (Amory Playground),42.345000,-71.118000,medium,400,MA,Brookline,MHC Reconnaissance Survey Town Report: Brookline (1980),,"Probable period site: a palisaded and ditched square fort overlooking the Muddy River, apparently in the vicinity of the Amory playground on Beacon St at Longwood; [verified] Amory Playground confirmed (Freeman & Amory St) 42.3460,-71.1132, ~410m away; at edge but within margin.",v7: coordinate verified
MHC recon: Heath School site,42.318500,-71.155500,weak,700,MA,Brookline,MHC Reconnaissance Survey Town Report: Brookline (1980),,"Unidentified native site reported near the Heath School; placed at the school on Eliot St; [verified] School confirmed at 100 Eliot St (now Roland Hayes School), matches basis; exact coords unavailable.",v7: coordinate verified
MHC recon: site W of Walnut Hill (Baker School),42.310000,-71.160000,weak,800,MA,Brookline,MHC Reconnaissance Survey Town Report: Brookline (1980),,"Unidentified native site reported west of Walnut Hill near the Baker School; placed at the Baker School on Beverly Rd; [verified] Baker School confirmed at 205 Beverly Rd, Brookline, matches basis; exact coords unavailable.",v7: coordinate verified
MHC recon: Muddy River ford (Brookline Village),42.332000,-71.119000,weak,500,MA,Brookline,MHC Reconnaissance Survey Town Report: Brookline (1980),,"Junction of trails around the Charles River highlands and Back Bay with a critical ford over the Muddy River at Boylston-Washington Streets, Brookline Village; [verified] Brookline Village center confirmed (Wikipedia) 42.3333,-71.1211, ~230m away; within margin.",v7: coordinate verified
MHC recon: Shelburne Falls fishing encampment (Buckland side),42.603000,-72.740000,medium,600,MA,Buckland,MHC Reconnaissance Survey Town Report: Buckland (1982),,"Shelburne Falls was the site of large native fishing encampments during spring salmon and shad runs; secondary sources put occupation on the Buckland side of the falls; [verified] Shelburne Falls confirmed (Wikipedia) 42.6053,-72.7383, ~290m away; within margin, tightened slightl",v7: coordinate verified
MHC recon: Deerfield River floodplain sites,42.611000,-72.768000,weak,3000,MA,Buckland,MHC Reconnaissance Survey Town Report: Buckland (1982),,Native occupation and horticulture indicated on the Deerfield River floodplain; report says evidence is most likely to survive there; placed on the Buckland bank downstream of Shelburne Falls; [verified] Deerfield River near Buckland confirmed only generally (Wikipedia); no speci,v7: coordinate verified
MHC recon: Clesson Brook floodplain sites,42.583500,-72.836000,weak,600,MA,Buckland,MHC Reconnaissance Survey Town Report: Buckland (1982),,"Secondary sources suggest native occupation on the Clesson Brook floodplain; placed on the brook near Buckland Four Corners; [verified] Clesson Brook at Buckland Four Corners confirmed (USGS gauge) 42.5834,-72.8362, ~20m away; tightened.",v7: coordinate verified
MHC recon: Sandy Brook site,42.506000,-71.203000,weak,1500,MA,Burlington,MHC Reconnaissance Survey Town Report: Burlington (1980),,"Site reported on Sandy Brook; primary N/S trail presumed as Cambridge St across Sandy Brook, so placed at that crossing; [verified] Could not confirm Sandy Brook/Cambridge St crossing coordinates; search budget exhausted.",v7: coordinate verified
MHC recon: Vine Brook / Great Meadow site area,42.487000,-71.203000,weak,1500,MA,Burlington,MHC Reconnaissance Survey Town Report: Burlington (1980),,"Sites possible along Vine Brook, especially in the Great Meadows area; placed on Vine Brook in the Great Meadows wetland by the Lexington line; [verified] Vine Brook confirmed through Burlington/Lexington (Wikipedia); exact Great Meadows stretch unpinned.",v7: coordinate verified
MHC recon: Long Meadow Brook terraces,42.493000,-71.210000,weak,1500,MA,Burlington,MHC Reconnaissance Survey Town Report: Burlington (1980),,"Well drained, south facing areas along Sandy and Long Meadow Brooks named as likely site locations; placed at Long Meadow Brook's confluence with Vine Brook; [verified] Could not confirm Long Meadow Brook/Vine Brook confluence coordinates; search budget exhausted.",v7: coordinate verified
MHC recon: Alewife Brook fish weir and ford,42.398200,-71.129000,weak,1500,MA,Cambridge,MHC Reconnaissance Survey Town Report: Cambridge (1980),,"Primary N/S trail to Menotomy conjectured as Massachusetts Ave to a presumed ford at the Alewife Brook fish weir; placed where Mass Ave crosses Alewife Brook; [verified] Found Alewife Brook Reservation pt ~1.8km off, not the Mass Ave crossing",v7: coordinate verified
MHC recon: Charles River Oyster Banks (Cambridgeport),42.358000,-71.096000,weak,1200,MA,Cambridge,MHC Reconnaissance Survey Town Report: Cambridge (1980),,"Extensive oyster beds known along the Cambridgeport section of the Charles; branching trails ran to the tidal Oyster Banks fishing grounds in the MIT area; [verified] Wikipedia Cambridgeport centroid (42.360,-71.108) is ~1km from existing point; consistent.",v7: coordinate verified
MHC recon: Fresh Pond north shore (City Home property),42.388500,-71.148800,medium,500,MA,Cambridge,MHC Reconnaissance Survey Town Report: Cambridge (1980),,"Contact period sites suspected around Fresh Pond; the Cambridge City Home property on the north side of the pond named as one possible area of site survival; [verified] Wikipedia Fresh Pond center (42.383,-71.150) confirms pond location; north-shore offset expected.",v7: coordinate verified
"MHC recon: Charles riverbank, Captains Island to Mount Auburn",42.369000,-71.140000,weak,1200,MA,Cambridge,MHC Reconnaissance Survey Town Report: Cambridge (1980),,"Prehistoric sites documented along the Charles river bank between Captains Island and Mount Auburn; placed on that reach of the Cambridge shore; [verified] Mount Auburn Cemetery (42.371,-71.145) is ~450m from existing point on that Charles reach.",v7: coordinate verified
MHC recon: Harvard Square trail junction and Charles ford,42.373610,-71.118890,weak,200,MA,Cambridge,MHC Reconnaissance Survey Town Report: Cambridge (1980),,Important junction of trails from the coastal fishing grounds to the Mystic Valley around Harvard Square with a low tide ford across the Charles at the Larz Anderson bridge; [verified] Wikipedia Harvard Square infobox coordinates,v7: coordinate verified
Ponkapoag Indian Plantation,42.187000,-71.120000,weak,2500,MA,Canton,MHC Reconnaissance Survey Town Report: Canton (1979),,"Indian Plantation at Punkapoag established 1657, about 6000 acres, with a small fort built to protect it in 1675; centred on Ponkapoag village and pond; [verified] Wikipedia Ponkapoag Pond 42.192500,-71.095000 is within stated margin",v7: coordinate verified
MHC recon: Blue Hills felsite and slate quarries,42.213000,-71.121000,weak,2000,MA,Canton,MHC Reconnaissance Survey Town Report: Canton (1979),,"Major quarry sites in the Blue Hills area named as the source of felsite and slate for implements; placed on the Canton side of the Blue Hills; [verified] Wikipedia gives Great Blue Hill at 42.212043,-71.115606, ~460m away, within margin.",v7: coordinate verified
MHC recon: York Street native residences,42.173900,-71.093900,weak,1500,MA,Canton,MHC Reconnaissance Survey Town Report: Canton (1979),,Last elements of the Indian Plantation population recorded on York St in the Early Industrial period; placed on York St in eastern Canton; [verified] Unfound: York St segment in Canton not geolocatable via Waze/OSM; coords unchanged.,v7: coordinate verified
MHC recon: Taunton Path node (Green-Green Lodge Sts),42.207000,-71.140000,weak,2000,MA,Canton,MHC Reconnaissance Survey Town Report: Canton (1979),,"Documented Path to Taunton around the Neponset marshes, Blue Hills and Punkapoag Pond running as Green-Green Lodge Sts; placed at that route by the Fowl Meadow; [verified] Search for Green Lodge St, Canton returned only real-estate listings, no trail coords.",v7: coordinate verified
MHC recon: Concord River sites,42.534000,-71.312000,weak,2000,MA,Carlisle,MHC Reconnaissance Survey Town Report: Carlisle (1980),,"A few unspecified sites reported along the Concord with additional sites likely; conjectured trails follow the valley as Maple St and River Rd; placed on the Carlisle bank; [verified] Wikipedia gives only Concord River's Concord confluence/Lowell mouth, no Carlisle point.",v7: coordinate verified
MHC recon: Spencer Brook terrace sites,42.515000,-71.365000,weak,1500,MA,Carlisle,MHC Reconnaissance Survey Town Report: Carlisle (1980),,Unspecified sites reported on terraces overlooking Spencer Brook; placed on the brook in southwestern Carlisle; [verified] No specific source for Spencer Brook site; only generic town data found,v7: coordinate verified
MHC recon: Pages Brook terrace sites,42.543000,-71.320000,weak,1500,MA,Carlisle,MHC Reconnaissance Survey Town Report: Carlisle (1980),,Unspecified sites reported on terraces overlooking Pages Brook; placed on the brook in northeastern Carlisle near Page Brook Rd; [verified] Carlisle sources lack Page Brook detail; only town-center coord found,v7: coordinate verified
MHC recon: Great Brook terrace sites,42.549000,-71.348000,weak,1500,MA,Carlisle,MHC Reconnaissance Survey Town Report: Carlisle (1980),,"Unspecified sites reported on terraces overlooking Great Brook; placed on the brook at Great Brook Farm in northern Carlisle; [verified] Wikipedia Great Brook Farm SP at 42.55583,-71.35333, within margin",v7: coordinate verified
MHC recon: Deerfield River-Cold River confluence site cluster,42.638600,-72.942000,weak,1500,MA,Charlemont,MHC Reconnaissance Survey Town Report: Charlemont (1982),,"Report: several undated native sites on the Deerfield River floodplain near the river's confluence with the Cold River; placed at that confluence by Mohawk Trail State Forest; [verified] USGS Charlemont gauge (42.626,-72.854) is ~7km off, not at Cold River confluence; unconfirmed",v7: coordinate verified
MHC recon: Todd Mountain native lookout,42.646500,-72.938000,weak,1500,MA,Charlemont,MHC Reconnaissance Survey Town Report: Charlemont (1982),,Report: eastern summit of Todd Mountain reputed to have been used as a native lookout; placed just E of the mapped Todd Mountain summit; [verified] HikingProject coordinate ~7km off and inconsistent; nothing confirmable,v7: coordinate verified
"MHC recon: Deerfield floodplain, Zoar to Charlemont village",42.638000,-72.895000,weak,2500,MA,Charlemont,MHC Reconnaissance Survey Town Report: Charlemont (1982),,"Report: greatest likelihood of Contact sites on Deerfield floodplain between the villages of Zoar and Charlemont; midpoint of that reach; [verified] Wikipedia Zoar village 42.652500,-72.931389 consistent with stated Zoar-Charlemont midpoint",v7: coordinate verified
"MHC recon: Deerfield floodplain, Hartwell Brook to East Charlemont",42.622000,-72.842000,weak,2000,MA,Charlemont,MHC Reconnaissance Survey Town Report: Charlemont (1982),,Report: likely Contact sites between the Deerfield-Hartwell Brook confluence and East Charlemont village; placed midway along that reach; [verified] No Hartwell Brook/Deerfield confluence site found; only unrelated Charlemont results,v7: coordinate verified
Indian Hill Burial Place,42.165000,-71.945000,weak,2500,MA,Charlton,MHC Reconnaissance Survey Town Report: Charlton (1984),,"Report: documented native burial site on Indian Hill in the northeast of town; hill not separately mapped, placed in NE Charlton quadrant; [verified] Town of Charlton page gives only 1875 relative description, no coordinates confirmable",v7: coordinate verified
MHC recon: Glen Echo Lake shore camps,42.163568,-71.991148,weak,1500,MA,Charlton,MHC Reconnaissance Survey Town Report: Charlton (1984),,Report: banks of Glenecho pond probably locations for short-term Contact occupations; placed on Glen Echo Lake; [verified] HomeTownLocator page blocked by robots.txt; unconfirmed,v7: coordinate verified
MHC recon: Prindle Lake shore camps,42.113056,-71.995639,weak,1500,MA,Charlton,MHC Reconnaissance Survey Town Report: Charlton (1984),,Report: banks of Prindle pond in the southwest probably short-term occupation locations; placed on Prindle Lake off Prindle Hill Rd; [verified] Mass.gov Prindle Lake page blocked by robots.txt; unconfirmed,v7: coordinate verified
MHC recon: Stage Harbor Contact locale,41.668000,-69.965000,medium,900,MA,Chatham,MHC Reconnaissance Survey Town Report: Chatham (1984),,"Report: Champlain spent about three weeks in the Stage Harbor area; shellfish beds of Stage Harbor exploited; placed on Stage Harbor; [verified] Wikipedia: Stage Harbor Light 41.6586,-69.9836 at harbor mouth; point within broader harbor.",v7: coordinate verified
MHC recon: Monomoyick settlement (Monomoy),41.640000,-69.987000,weak,3000,MA,Chatham,MHC Reconnaissance Survey Town Report: Chatham (1984),,"Report: Monomoy Island still bears the name of the original settlement and native tribal area Monomoyick; placed on north Monomoy; [verified] Monomoy NWR region (~41.55,-70.00) per Wikipedia confirms general area",v7: coordinate verified
MHC recon: Monomesset Neck (Nickerson's Neck),41.699000,-69.938000,weak,1500,MA,Chatham,MHC Reconnaissance Survey Town Report: Chatham (1984),,"Report: native place name Monomesset Neck (Nickersons Neck) cited as evidence of Contact settlement; placed on Nickerson's Neck, Pleasant Bay; [verified] HMDB Nickerson marker (41.7086,-69.9869) documents different site, not the neck.",v7: coordinate verified
MHC recon: Cotchpinicut Neck,41.706673,-69.950798,weak,800,MA,Chatham,MHC Reconnaissance Survey Town Report: Chatham (1984),,"Report: Cotchpinicut Neck cited among native place names indicating settlement; placed at Cotchpinicut Rd/Landing, North Chatham; [verified] Corrected via listing on Cotchpinicut Rd, North Chatham, MA",v7: coordinate verified
MHC recon: Monnamoiet River (Muddy Creek),41.710000,-70.017000,weak,1500,MA,Chatham/Harwich,MHC Reconnaissance Survey Town Report: Chatham (1984),,Report: Monnamoiet River (Muddy Creek) cited as native place name indicating Contact settlement; placed on Muddy Creek at the Chatham-Harwich line; [verified] Search found only general refs; Topozone fetch blocked (403); unconfirmed,v7: coordinate verified
MHC recon: Robbins Hill site and cornfields,42.585090,-71.365060,medium,600,MA,Chelmsford,MHC Reconnaissance Survey Town Report: Chelmsford (April 1980),,"Report: probable Contact sites on Robbins Hill and native corn fields still reported there prior to 1660; placed at the mapped Robbins Hill summit; [verified] OK: HomeTownLocator/GeoView confirm Robbins Hill at 42.58509,-71.36506 (exact match).",v7: coordinate verified
MHC recon: Black Brook-River Meadow Brook terrace,42.618000,-71.341000,weak,1500,MA,Chelmsford,MHC Reconnaissance Survey Town Report: Chelmsford (April 1980),,Report: probable Contact sites on the terrace between Black and River Meadow Brooks; placed near their junction toward Middlesex Village; [verified] HomeTownLocator page blocked by robots.txt; no coordinate confirmed for this confluence.,v7: coordinate verified
MHC recon: Heart Pond site cluster,42.565604,-71.388186,weak,800,MA,Chelmsford,MHC Reconnaissance Survey Town Report: Chelmsford (April 1980),,"Report: unspecified native sites reported around Heart Pond; placed on Heart Pond; [verified] Matches Wikipedia Heart Pond, Chelmsford coordinates exactly",v7: coordinate verified
MHC recon: Westford Street site (NE of Route 3),42.606000,-71.377000,weak,1500,MA,Chelmsford,MHC Reconnaissance Survey Town Report: Chelmsford (April 1980),,Report: unspecified native sites along Westford Street NE of the Route 3 intersection; placed just NE of that crossing; [verified] No source pins this junction; Moovit fetch blocked by robots.txt,v7: coordinate verified
MHC recon: Winnisimmet Street burials,42.394000,-71.037000,medium,500,MA,Chelsea,MHC Reconnaissance Survey Town Report: Chelsea (November 1980),,"Report: Contact period burials noted near Winnisimmet Street; placed on Winnisimmet St near Chelsea Square; [verified] Winnisimmet St address (42.38878,-71.03969) confirms street exists near Chelsea Square area.",v7: coordinate verified
MHC recon: Powder Horn Hill burials,42.401232,-71.029919,medium,500,MA,Chelsea,MHC Reconnaissance Survey Town Report: Chelsea (November 1980),,"Report: Contact period burials noted on Powderhorn Hill; placed at the mapped Powder Horn Hill summit; [verified] HomeTownLocator/topozone/peakbagger confirm Powder Horn Hill, Chelsea; fetch blocked by robots.txt.",v7: coordinate verified
MHC recon: Island End River sites (Navy Hospital land),42.391000,-71.052000,weak,1500,MA,Chelsea,MHC Reconnaissance Survey Town Report: Chelsea (November 1980),,"Report: sites likely along the Island End River, especially less disturbed areas of the Navy Hospital property; placed between the river and Admiral's Hill; [verified] Wikipedia Island End River page gives no coordinates; unconfirmed",v7: coordinate verified
MHC recon: Mill Creek sites,42.397000,-71.061000,weak,1500,MA,Chelsea,MHC Reconnaissance Survey Town Report: Chelsea (November 1980),,Report: sites likely along Mill Creek; placed on Mill Creek at the Chelsea-Everett line; [verified] Wikipedia Chelsea Creek describes Mill Creek's course but gives no coordinates,v7: coordinate verified
"MHC recon: reputed last Pequot village, Westfield River",42.383000,-72.878000,weak,1500,MA,Chesterfield,MHC Reconnaissance Survey Town Report: Chesterfield (October 1982),,"Report: reputed site of the last Pequot village near the Westfield River and Partridge Road junction on the river's southern floodplain; placed on the East Branch near the Gorge; [verified] Wikipedia Chesterfield Gorge at 42.39306,-72.88000, within margin",v7: coordinate verified
MHC recon: southeastern Chesterfield upland encampment (Kidd's Lookout/Bofa Hill),42.378000,-72.800000,weak,2000,MA,Chesterfield,MHC Reconnaissance Survey Town Report: Chesterfield (October 1982),,"Report: greatest possibility of extant Contact sites in SE Chesterfield, notably Bofa Hill and Kidd's Lookout; Kidd's Lookout is a high hill in eastern Chesterfield; [verified] MHC Chesterfield report found (same source); no independent coordinate for Kidd's Lookout/Bofa Hill",v7: coordinate verified
"MHC recon: Indian Wading Place, Chicopee River",42.144700,-72.608300,weak,1500,MA,Chicopee,MHC Reconnaissance Survey Town Report: Chicopee (April 1982),,Report: primary north-south Connecticut valley trail crossed at the reported Indian Wading Place on the Chicopee River opposite Szot Park; placed at that crossing; [verified] Searched; no confirmable coordinate for Szot Park river crossing found,v7: coordinate verified
MHC recon: Willimansett river bluff site,42.171000,-72.608000,weak,1500,MA,Chicopee,MHC Reconnaissance Survey Town Report: Chicopee (April 1982),,"Report: native sites reported at the Willimansett river bluff, on bluffs overlooking the Connecticut River; placed on the bluff W of Chicopee St (Rt 116); [verified] Wikipedia Willimansett article gives no coordinates; bluff site location unconfirmed.",v7: coordinate verified
MHC recon: Chicopee Falls native settlement area,42.159000,-72.574000,weak,1500,MA,Chicopee,MHC Reconnaissance Survey Town Report: Chicopee (April 1982),,Report: the only specific reference to native settlement areas was in the vicinity of Chicopee Falls; placed at the falls on the Chicopee River; [verified] WebFetch to travelmath.com (Chicopee Falls) returned 403; no coordinate confirmed.,v7: coordinate verified
MHC recon: Menemsha Pond site concentration,41.345000,-70.762000,weak,1200,MA,Chilmark,MHC Reconnaissance Survey Town Report: Chilmark (1984),,"Report: the Menemsha, Squibnocket Pond and Peares Point areas have known site concentrations; placed on Menemsha Pond; [verified] Wikipedia Menemsha Pond (41.339,-70.774) close to existing point in this site-concentration area.",v7: coordinate verified
"MHC recon: Old South Road native trail, north of Chilmark Pond",41.342000,-70.722000,weak,2000,MA,Chilmark,MHC Reconnaissance Survey Town Report: Chilmark (1984),,"Report: a native trail ran E-W on the north side of Chilmark Pond in the area of Old South Road linking the Takemmy and Nashowakemmuck sachemships; [verified] Chilmark town center 41.343,-70.745 (Wikipedia); Chilmark Pond area consistent",v7: coordinate verified
MHC recon: Clamshell Pond east shore sites,42.428500,-71.678000,weak,600,MA,Clinton,MHC Reconnaissance Survey Town Report: Clinton (1983),,"Report: native sites on the east side of Clamshell Pond and fishing there from nearby base camps; placed on Clamshell Pond off Clamshell Rd; [verified] Mass.gov confirms Clamshell Pond, Clinton near Wachusett Reservoir; no coord listed",v7: coordinate verified
MHC recon: Mossy Pond sites,42.418274,-71.699014,weak,1500,MA,Clinton,MHC Reconnaissance Survey Town Report: Clinton (1983),,Report: possible native sites at Mossy Pond and fishing along it; placed on Mossy Pond; [verified] HomeTownLocator page blocked by robots.txt; unconfirmed,v7: coordinate verified
MHC recon: South Meadow Pond sites,42.401000,-71.703000,weak,1500,MA,Clinton,MHC Reconnaissance Survey Town Report: Clinton (1983),,Report: area exploited for fishing along South Meadow Pond with possible horticulture on adjacent knolls; pond lies about 1.5 mi SW of Clinton centre; [verified] Search inconclusive; Wikipedia's South Meadow Pond is a different pond (Plymouth Co),v7: coordinate verified
MHC recon: Nashua River falls sites,42.403610,-71.687780,medium,500,MA,Clinton,MHC Reconnaissance Survey Town Report: Clinton (1983),,"Report: native sites in the Nashua River valley corridor including riverine falls sites; placed at the Nashua River falls below Wachusett Dam; [verified] Wikipedia: Wachusett Dam at 42.403610,-71.687780; falls sit just below dam",v7: coordinate verified
MHC recon: Straits Pond shore site area,42.252000,-70.844000,weak,1500,MA,Cohasset,MHC Reconnaissance Survey Town Report: Cohasset (1979),,Town history lists site areas incl. Late Woodland components on the shore of Straits Pond; placed on the Cohasset (south) shore.; [verified] WebFetch to hookandbullet.com (Straits Pond) blocked by robots; no coordinate confirmed.,v7: coordinate verified
MHC recon: Cooper's Island site (Little Harbor west side),42.244000,-70.815000,weak,1500,MA,Cohasset,MHC Reconnaissance Survey Town Report: Cohasset (1979),,Listed site area at Cooper's Island on the west side of Little Harbor; placed at the island in Little Harbor.; [verified] Cohasset history page confirms Cooper's Island exists but gives no coordinates,v7: coordinate verified
MHC recon: Little Harbor entrance site (north side),42.247000,-70.807000,weak,1500,MA,Cohasset,MHC Reconnaissance Survey Town Report: Cohasset (1979),,"Listed site area at the entrance to Little Harbor, north side; placed at the harbour mouth.; [verified] Birdinghotspots page confirms Little Harbor, Cohasset but gives no coordinates.",v7: coordinate verified
MHC recon: Government Island occupation,42.238060,-70.789170,medium,250,MA,Cohasset,MHC Reconnaissance Survey Town Report: Cohasset (1979),,Probable Contact period occupation on Government Island; placed on the island in Cohasset Harbor.; [verified] Corrected to Wikipedia Government Island Historic District coordinates.,v7: coordinate verified
MHC recon: Lily Pond winter camp area,42.233000,-70.818000,weak,800,MA,Cohasset,MHC Reconnaissance Survey Town Report: Cohasset (1979),,"Probable Contact period winter sites in the vicinity of Lily Pond (Bigelow 1898); placed at the pond.; [verified] USGS site 421337070490301 (Lily Pond, Cohasset) decodes to 42.2269,-70.8175; within margin.",v7: coordinate verified
MHC recon: Beechwood winter camp area,42.210630,-70.820110,medium,800,MA,Cohasset,MHC Reconnaissance Survey Town Report: Cohasset (1979),,"Probable Contact period winter sites in the vicinity of Beechwood; placed at Beechwood village.; [verified] Corrected toward Beechwood Cemetery (Find A Grave) coords, Cohasset, ~2km from prior point.",v7: coordinate verified
MHC recon: Brass Kettle Brook burial locality,42.230819,-70.820495,medium,300,MA,Cohasset,MHC Reconnaissance Survey Town Report: Cohasset (1979),,"Report notes place name Brass Kettle Brook as suggestive of Contact period burials; placed at Brass Kettle brook off King St.; [verified] Corrected to Brass Kettle Conservation Area coords (King St, Cohasset) per cohassetconservationtrust.org.",v7: coordinate verified
MHC recon: North River floodplain site cluster (Lyonsville-Shattuckville),42.662000,-72.703000,weak,2500,MA,Colrain,MHC Reconnaissance Survey Town Report: Colrain (1983),,"Native sites probably focused on the broader North River floodplain between Lyonsville and Shattuckville; midpoint of that reach.; [verified] USGS gauge North River at Shattuckville (42.6384,-72.7251) confirms reach location",v7: coordinate verified
MHC recon: North River branch confluence camp area,42.664000,-72.706000,weak,1200,MA,Colrain,MHC Reconnaissance Survey Town Report: Colrain (1983),,"Report calls the area near the confluence of the two branches of the North River an especially inviting native location.; [verified] USGS East Branch North River gauge at Colrain (42.675,-72.696) near the branches' confluence.",v7: coordinate verified
MHC recon: Colrain Center fordway,42.672300,-72.697600,weak,700,MA,Colrain,MHC Reconnaissance Survey Town Report: Colrain (1983),,"Trail from Pocumtuck up the North River east bank to a presumed fordway at Colrain Center; placed at the village centre crossing.; [verified] Wikipedia Colrain Center Historic District (42.6733,-72.6978) within margin",v7: coordinate verified
MHC recon: Green River fishing and hunting camps,42.703417,-72.670647,medium,2000,MA,Colrain,MHC Reconnaissance Survey Town Report: Colrain (1983),,"Smaller fishing and hunting encampments probably adjacent to the Green River; placed on the Green River reach in east Colrain.; [verified] USGS gauge 01170100, Green River near Colrain (waterdata.usgs.gov)",v7: coordinate verified
MHC recon: McLeod Pond / Catamount Hill upland camps,42.663000,-72.762000,weak,1500,MA,Colrain,MHC Reconnaissance Survey Town Report: Colrain (1983),,Conjectured trail branches to McLeod Pond on Catamount Hill with scattered upland camps; placed at the pond.; [verified] HomeTownLocator McLeod Pond fetch blocked (403); coordinate unconfirmed,v7: coordinate verified
MHC recon: Nashawtuc Hill native village,42.457000,-71.366500,medium,600,MA,Concord,MHC Reconnaissance Survey Town Report: Concord (1980),,Trails conjectured to the documented native village sites at Nashawtuc Hill on the Concord River meadows; placed at the hill.; [verified] OK: Concord Land Trust confirms Nashawtuc Hill along Concord River; coord consistent.,v7: coordinate verified
MHC recon: 1635 native settlement at Sudbury/Assabet confluence,42.465500,-71.359000,medium,700,MA,Concord,MHC Reconnaissance Survey Town Report: Concord (1980),,"A small native settlement reported on the east side of the Sudbury at its confluence with the Assabet in 1635.; [verified] Matches Egg Rock confluence, Concord River (Wikipedia), ~80m",v7: coordinate verified
MHC recon: Mill Brook fish weir,42.462500,-71.352000,weak,1000,MA,Concord,MHC Reconnaissance Survey Town Report: Concord (1980),,"A fish weir on Mill creek reported at first settlement; placed on Mill Brook near its outlet to the Concord River.; [verified] Wikipedia: Mill Brook mouth is SW of Old North Bridge, Concord; existing coord within margin.",v7: coordinate verified
MHC recon: Assabet north bank site cluster (Spencer to Dakins Brook),42.479000,-71.373000,weak,1500,MA,Concord,MHC Reconnaissance Survey Town Report: Concord (1980),,Several Woodland sites reported along the north side of the Assabet between Spencer and Dakins Brooks; centred on that reach.; [verified] Wikipedia gives Assabet/Sudbury confluence only; this reach unconfirmed,v7: coordinate verified
MHC recon: Fairhaven Hill / Walden Pond trail,42.438000,-71.366000,weak,2000,MA,Concord,MHC Reconnaissance Survey Town Report: Concord (1980),,"Trails conjectured from the south around Walden Pond and Fairhaven Hill to Lincoln with trail remnants near the railroad; node at Fairhaven Hill.; [verified] Search inconclusive; Fairhaven Hill topo source blocked (403), no coords confirmed",v7: coordinate verified
MHC recon: Annursnack Hill trail route,42.477871,-71.395339,medium,500,MA,Concord,MHC Reconnaissance Survey Town Report: Concord (1980),,"Probable north-side route along Strawberry Hill Road around Annursnack Hill; node at the hill.; [verified] Wikipedia: Annursnac Hill at 42.477871,-71.395339",v7: coordinate verified
MHC recon: South River valley camp cluster (Conway village reach),42.527000,-72.693000,weak,2500,MA,Conway,MHC Reconnaissance Survey Town Report: Conway (1982),,"Period sites most likely concentrated in the South River valley between Conway village and the river's confluence with the Deerfield.; [verified] USGS gauge South River near Conway (42.5419,-72.6937), ~1.7km, within margin",v7: coordinate verified
MHC recon: South River / Deerfield River confluence bluff,42.548000,-72.680000,weak,1200,MA,Conway,MHC Reconnaissance Survey Town Report: Conway (1982),,"Bluff immediately north of the South and Deerfield rivers named as a likely site area and primary fishing location.; [verified] South River State Forest (42.558,-72.684) close to existing bluff point near Conway confluence.",v7: coordinate verified
MHC recon: Schneck Brook horticultural and fishing area,42.540000,-72.725000,weak,1500,MA,Conway,MHC Reconnaissance Survey Town Report: Conway (1982),,Horticultural land on level ground south of Schneck Brook and a primary fishing site at its confluence with the Deerfield River.; [verified] No source found for Schneck Brook; Conway wiki does not mention it,v7: coordinate verified
MHC recon: Cummington village Westfield River floodplain,42.457000,-72.889000,weak,1200,MA,Cummington,MHC Reconnaissance Survey Town Report: Cummington (1982),,"Native occupation probably focused on the Westfield floodplain at Cummington village with cropland and fishing; placed at the village river reach.; [verified] USGS Westfield River at Cummington gauge (42.456,-72.885) closely matches existing point.",v7: coordinate verified
MHC recon: West Cummington Westfield River floodplain,42.476000,-72.933000,weak,1500,MA,Cummington,MHC Reconnaissance Survey Town Report: Cummington (1982),,"Native occupation and horticulture also focused on the Westfield floodplain at West Cummington village.; [verified] Wikipedia gives only Cummington town center (42.462,-72.894); no West Cummington-specific source found.",v7: coordinate verified
MHC recon: Westfield / Swift River confluence riverine site,42.443000,-72.857000,weak,1500,MA,Cummington,MHC Reconnaissance Survey Town Report: Cummington (1982),,"An additional riverine period site likely at the confluence of the Westfield and North Branch Swift Rivers, near Swift River village.; [verified] Searched; no confirmed coords for confluence site near Swift River village, Cummington.",v7: coordinate verified
MHC recon: Dawes Cemetery whetstone quarry site,42.461000,-72.914400,weak,700,MA,Cummington,MHC Reconnaissance Survey Town Report: Cummington (1982),,"Native quarry site suggested south of Dawes cemetery at a 19th-century whetstone quarry; placed just south of the cemetery on Potash Hill Rd.; [verified] Find A Grave: Dawes Cemetery (42.4633,-72.9144) within margin",v7: coordinate verified
MHC recon: Danversport river confluence site area,42.559500,-70.926500,weak,1500,MA,Danvers,MHC Reconnaissance Survey Town Report: Danvers (1986),,"Report says the confluence of the Waters, Crane and Porter Rivers at Danversport may have afforded good site locations incl. middens and burials.; [verified] Wikipedia gives Danvers town center only; no coordinate specific to Danversport neighborhood found.",v7: coordinate verified
MHC recon: Wahquameschock neck (Waters-Crane Rivers),42.555000,-70.935000,weak,1500,MA,Danvers,MHC Reconnaissance Survey Town Report: Danvers (1986),,Endicott's Orchard Farm lay on a neck of land called by the Indians Wahquameschock between the Waters and Crane Rivers.; [verified] Searched; no source confirms historic Wahquameschock neck between Waters/Crane Rivers.,v7: coordinate verified
MHC recon: Route 62 / Route 35 trail corridor,42.573000,-70.939000,weak,2500,MA,Danvers,MHC Reconnaissance Survey Town Report: Danvers (1986),,"Major native trails likely existed in the areas of Routes 35 and 62; node placed where the two corridors meet near Danvers centre.; [verified] Wikipedia confirms Rte35/62 junction in Putnamville, Danvers; no coordinates given",v7: coordinate verified
MHC recon: Russells Mills Contact period burial,41.573060,-71.005000,weak,700,MA,Dartmouth,MHC Reconnaissance Survey Town Report: Dartmouth (1981),,A possible Contact period burial situated in Russells Mills on the north bank of the Paskamanset River.; [verified] Corrected to Russells Mills Historic District ctr (Wikipedia); orig ~2.7km off.,v7: coordinate verified
MHC recon: Paskamanset / Destruction Brook interior settlement,41.586500,-70.978500,weak,1500,MA,Dartmouth,MHC Reconnaissance Survey Town Report: Dartmouth (1981),,"Interior native settlement likely focused at the confluence of the Paskamanset River and Destruction Brook at Russells Mills.; [verified] Wikipedia river coord is ~2.6km away, likely the river mouth not Russells Mills",v7: coordinate verified
MHC recon: South Dartmouth burial east of Apponagansett River,41.585500,-70.938500,weak,1500,MA,Dartmouth,MHC Reconnaissance Survey Town Report: Dartmouth (1981),,An unidentified native burial was exposed in South Dartmouth east of the Apponagansett River.; [verified] WebFetch to hometownlocator (Apponagansett Bay) blocked by robots; no coordinate confirmed.,v7: coordinate verified
MHC recon: Great Neck / west of Slocums River site group,41.530000,-70.985000,weak,1500,MA,Dartmouth,MHC Reconnaissance Survey Town Report: Dartmouth (1981),,"Three small unidentified native sites located west of Slocums River near Great Neck; placed on the west side of the river.; [verified] Anchored on Slocums River mouth (Wikipedia 41.5294,-70.9767), shifted west toward Great Neck",v7: coordinate verified
MHC recon: Smith Mills settlement area,41.636000,-70.990000,weak,1000,MA,Dartmouth,MHC Reconnaissance Survey Town Report: Dartmouth (1981),,"Settlement near the junction of the Paskamanset River and two of its tributaries at Smith Mills, on a suspected east-west trail.; [verified] Wikipedia: Smith Mills, Dartmouth at 41.6397,-70.9844; within stated margin.",v7: coordinate verified
MHC recon: Reed Road / Noquochoke Lake ford,41.646000,-71.040000,weak,800,MA,Dartmouth,MHC Reconnaissance Survey Town Report: Dartmouth (1981),,"A native ford was probably situated at the junction of Reed Rd and Noquochoke Lake.; [verified] USGS site 413900071023001 (Noquochoke Lake) decodes to 41.6500,-71.0417; within margin.",v7: coordinate verified
MHC recon: Wigwam Pond reputed 17th century site,42.235000,-71.171000,weak,700,MA,Dedham,MHC Reconnaissance Survey Town Report: Dedham (1981),,"A site with reputed 17th century occupation southeast of Wigwam Pond; placed just SE of the pond.; [verified] Matches SE of Wigwam Pond (Fishbrain coords), within margin.",v7: coordinate verified
MHC recon: Wigwam Brook ford (Dwight's Bridge),42.240000,-71.170000,weak,600,MA,Dedham,MHC Reconnaissance Survey Town Report: Dedham (1981),,"Critical native ford over Wigwam Brook at East St., later Dwight's Bridge; placed at the East St. crossing.; [verified] Mapcarta Wigwam Pond coord ~490m away, within margin, Dedham",v7: coordinate verified
MHC recon: Dedham Island / Motley Pond suspected sites,42.257000,-71.190000,weak,1200,MA,Dedham,MHC Reconnaissance Survey Town Report: Dedham (1981),,"Suspected native sites around Motley Pond at Dedham Island, with a branch trail across the Charles at Bridge St.; [verified] Fishbrain lists Motley Pond at 42.2567,-71.1877, ~190m from existing point.",v7: coordinate verified
MHC recon: Weld Pond rockshelter and wintering area,42.249800,-71.201800,weak,1500,MA,Dedham,MHC Reconnaissance Survey Town Report: Dedham (1981),,"Rockshelters and wintering sites possible in the rockier western part of town, especially around Weld and Rodman Ponds.; [verified] HomeTownLocator page blocked by robots.txt; no coordinate confirmed for Weld Pond.",v7: coordinate verified
MHC recon: Mother Brook terrace sites,42.248000,-71.166000,weak,1200,MA,Dedham,MHC Reconnaissance Survey Town Report: Dedham (1981),,"Period sites likely on well-drained terraces along Mother Brook between the Charles and Neponset; placed mid-brook.; [verified] Wikipedia Mother Brook diversion point at 42.255,-71.1647, ~780m from existing point.",v7: coordinate verified
MHC recon: Pine Island native sites,42.562000,-72.610000,weak,1500,MA,Deerfield,MHC Reconnaissance Survey Town Report: Deerfield (1982),,"Important native sites reported around the Deerfield valley meadows at Pine Island, by the fordway over the Deerfield River to Greenfield.; [verified] Searched; no Pine Island found in Deerfield/Franklin Co.; only Dukes/Essex/Norfolk Co. hits.",v7: coordinate verified
MHC recon: The Bars native sites,42.527000,-72.615000,weak,1000,MA,Deerfield,MHC Reconnaissance Survey Town Report: Deerfield (1982),,"Important native sites reported at The Bars on the Deerfield valley meadows, on the Mill Village Road trail axis.; [verified] Bars Farm, 146 Mill Village Rd, Deerfield, confirms Mill Village Rd trail axis location.",v7: coordinate verified
"MHC recon: palisaded native fort, eastern bluffs",42.545000,-72.599000,medium,600,MA,Deerfield,MHC Reconnaissance Survey Town Report: Deerfield (1982),,"A pallisaded native fort probably situated on a portion of the eastern bluffs east of Bement School; placed on the bluff above the village.; [verified] OK: Bement School confirmed at 42.5481,-72.6061; bluffs site just east, within margin.",v7: coordinate verified
MHC recon: North Meadows shell middens,42.553000,-72.612000,weak,1500,MA,Deerfield,MHC Reconnaissance Survey Town Report: Deerfield (1982),,Undated native shell middens in North Meadows near the Deerfield River indicate freshwater mollusc harvesting.; [verified] Searched; no specific coordinates found for North Meadows locale in Deerfield.,v7: coordinate verified
MHC recon: Deerfield River floodplain burials west of Old Albany cemetery,42.542000,-72.618000,weak,1500,MA,Deerfield,MHC Reconnaissance Survey Town Report: Deerfield (1982),,Several probable period burials exposed in the late 19th century on the Deerfield River floodplain west of the Old Albany cemetery.; [verified] Mindat Old Albany Cemetery page blocked (403); location unconfirmed,v7: coordinate verified
MHC recon: upland burials southwest of Pocumtuck Rock,42.542000,-72.596000,weak,1500,MA,Deerfield,MHC Reconnaissance Survey Town Report: Deerfield (1982),,Upland burials found southwest of Pocumtuck Rock overlooking Wapping; placed on the ridge slope above Wapping.; [verified] Peakery Pocumtuck Rock page gives elevation but no coordinates,v7: coordinate verified
MHC recon: Petty's Plain Contact period burial,42.577938,-72.602851,medium,800,MA,Deerfield/Greenfield,MHC Reconnaissance Survey Town Report: Deerfield (1982),,"One possible Contact period burial exposed on Petty's Plain in 1886; Petty's Plain lies across the Deerfield River in Greenfield, formerly part of Deerfield.; [verified] Redfin: 77 Petty Plain Rd, Greenfield at 42.5779,-72.6029; ~1.4km east of prior point.",v7: coordinate verified
MHC recon: Nobscusset settlement and reservation,41.746000,-70.184000,medium,900,MA,Dennis,MHC Reconnaissance Survey Town Report: Dennis (1984),,"A Native settlement or reservation at Nobsquassit in the north of town, with a Native congregation and 121 Praying Indians at Sawtucket and Nobscusset in 1674.; [verified] Find a Grave: Nobscusset Indian Burial Ground 41.74513,-70.18304; within margin.",v7: coordinate verified
MHC recon: Nobscusset planting fields,41.748000,-70.200000,weak,1500,MA,Dennis,MHC Reconnaissance Survey Town Report: Dennis (1984),,Nobscusset native planting fields in the northwest of the town; placed on the level ground west of Nobscusset.; [verified] HomeTownLocator Nobscusset Point page blocked by robots.txt; no coordinate confirmed.,v7: coordinate verified
MHC recon: Sesuit Neck settlement,41.752000,-70.162000,weak,1000,MA,Dennis,MHC Reconnaissance Survey Town Report: Dennis (1984),,"Native settlement probably focused along the north shore at Sesuit Neck; placed on the neck at Sesuit Harbor.; [verified] NOAA benchmark, Sesuit Harbor, East Dennis at 41.7517,-70.1550; within margin.",v7: coordinate verified
MHC recon: Quivett Neck settlement,41.749000,-70.147000,weak,1500,MA,Dennis,MHC Reconnaissance Survey Town Report: Dennis (1984),,Native settlement probably focused along the north shore at Quivett Neck; placed on the neck at Quivett Creek.; [verified] Searched; HomeTownLocator page blocked (robots); no coordinate confirmed.,v7: coordinate verified
Dighton Council Oak,41.819300,-71.135280,strong,300,MA,Dighton,MHC Reconnaissance Survey Town Report: Dighton (1981),,King Philip traditionally met the Pocassets at the Council Oak (still stands) midway between Cedar Swamp and Main St; placed at the marked oak off 1996 Elm St; [verified] HMDB marker (41°49.158'N 71°8.117'W) matches existing coordinate,v7: coordinate verified
MHC recon: Cedar Swamp-Main Street settlement area,41.821000,-71.143000,weak,1500,MA,Dighton,MHC Reconnaissance Survey Town Report: Dighton (1981),,"Probably extensive Contact Period settlement between Cedar Swamp and Main St, a vast tract of abandoned native cornland in the 1670s; centroid W of the Council Oak; [verified] Only 'Cedar Swamp Archeological District' found is in Westborough/Hopkinton, not Dighton.",v7: coordinate verified
MHC recon: Elm and County Streets site cluster,41.822500,-71.122500,weak,1500,MA,Dighton,MHC Reconnaissance Survey Town Report: Dighton (1981),,Three unidentified native sites at the Elm St/County St junction and the Segreganset mouth; placed at the estimated Elm-County crossing N of Main St; [verified] No source found pinning this Dighton street junction,v7: coordinate verified
MHC recon: Hunters and Richmond Hills sites,41.807517,-71.128162,weak,1500,MA,Dighton,MHC Reconnaissance Survey Town Report: Dighton (1981),,"Report notes additional native sites may have been established on Hunters and Richmond Hills; anchored on the surveyed Richmond Hill summit; [verified] Matches Richmond Hill summit, HomeTownLocator/GNIS coordinates exactly",v7: coordinate verified
MHC recon: Wallis Pond site area,42.069030,-71.781460,weak,1500,MA,Douglas,MHC Reconnaissance Survey Town Report: Douglas (1984),,Probable seasonal sites on the shores of Wallis Pond; placed at the pond in Douglas State Forest; [verified] Searched; no confirmable precise coordinate for Wallis Pond,v7: coordinate verified
MHC recon: Wallum Lake site area,42.008709,-71.768403,medium,900,MA/RI,Douglas,MHC Reconnaissance Survey Town Report: Douglas (1984),,"Probable seasonal sites on the shores of Wallum Pond; placed on the Massachusetts (Douglas) end of the lake; [verified] Wikipedia Wallum Lake coords (42.0087,-71.7684) match stated point.",v7: coordinate verified
MHC recon: Crystal Lake (Bad Luck Pond) site area,42.047000,-71.773000,weak,1200,MA,Douglas,MHC Reconnaissance Survey Town Report: Douglas (1984),,"Probable sites on Crystal Lake, formerly Bad Luck Pond; pond lies about 1.5 mi W of Douglas centre between Route 16 and SW Main St; [verified] Mass.gov Badluck Pond page confirms location 1.5mi W of Douglas center, matching placement.",v7: coordinate verified
MHC recon: Mumford River site area,42.070000,-71.720000,weak,1500,MA,Douglas,MHC Reconnaissance Survey Town Report: Douglas (1984),,"Probable sites along the Mumford River, whose corridor also carried the trail to Uxbridge; anchored on the river at East Douglas village; [verified] Within ~525m of USGS gauge Mumford River at East Douglas (42.0734,-71.7156)",v7: coordinate verified
MHC recon: Douglas Woods rock shelter,42.030000,-71.790000,weak,1500,MA,Douglas,MHC Reconnaissance Survey Town Report: Douglas (1984),,"Report lists a rockshelter in the Douglas Woods in the west of town; placed in the western Douglas State Forest uplands; [verified] Within Douglas State Forest (Wikipedia ~42.0458,-71.7903), western uplands per description",v7: coordinate verified
MHC recon: Powissett Plain occupation area,42.225258,-71.260598,medium,500,MA,Dover,MHC Reconnaissance Survey Town Report: Dover (1980),,"Powissett Plain cited as a native occupation area; placed on the Powisset Street plain at Powisset Farm; [verified] Corrected to Powisset Farm (37 Powisset St, Dover) coords per TheTrustees.org.",v7: coordinate verified
MHC recon: Noanet Plain occupation area,42.248000,-71.252000,medium,1000,MA,Dover,MHC Reconnaissance Survey Town Report: Dover (1980),,"Noanct (Noanet) Plain cited as a native occupation area; placed in the Noanet Woodlands uplands SE of Dover centre; [verified] TheTrustees.org confirms Noanet Woodlands on Powissett St, Dover; point falls within reservation.",v7: coordinate verified
MHC recon: Noanet Brook fish weirs,42.252320,-71.262834,medium,1000,MA,Dover,MHC Reconnaissance Survey Town Report: Dover (1980),,"Native settlement along Noanet Brook with fishweirs at its confluence with the Charles; placed at the brook mouth on the Dover-Needham reach of the Charles; [verified] USGS gauge Noanet Brook near Dover; brook location, not exact mouth",v7: coordinate verified
MHC recon: Long Pond southeast shore sites,42.702000,-71.344000,weak,1500,MA,Dracut,MHC Reconnaissance Survey Town Report: Dracut (1980),,Town history notes unspecified sites on the SE shore of Long Pond; pond lies on the NH line about 3.5 mi NW of Dracut centre; [verified] No source specific to Dracut's Long Pond found in search results,v7: coordinate verified
MHC recon: Mascuppic Lake site area,42.679000,-71.369000,weak,900,MA,Dracut/Tyngsborough,MHC Reconnaissance Survey Town Report: Dracut (1980),,"Sites considered likely adjacent to Peters and Mascuppic as well as Long Pond; placed on the Dracut (eastern) side of Mascuppic Lake; [verified] Mass.gov Mascuppic Lake coord is ~485m away, within 900m margin",v7: coordinate verified
MHC recon: Peters Pond site area,42.716500,-71.260583,medium,500,MA,Dracut,MHC Reconnaissance Survey Town Report: Dracut (1980),,"Sites likely adjacent to Peters Pond, also the conjectured Pelham St cross-link to New Hampshire; placed at the pond in NE Dracut; [verified] Fishbrain Peters Pond Dracut coord matches 'NE Dracut' basis better",v7: coordinate verified
MHC recon: Beaver Brook village sites (New Boston and Navy Yard),42.678000,-71.308000,weak,2500,MA,Dracut,MHC Reconnaissance Survey Town Report: Dracut (1980),,Unspecified sites noted along Beaver Brook near New Boston Village and Navy Yard Village (Parker Ave); anchored mid-course on Beaver Brook in Dracut; [verified] Wikipedia: Beaver Brook runs NH border to Lowell through Dracut; segment plausible,v7: coordinate verified
MHC recon: Dudley Center Hill village site,42.045000,-71.926000,medium,800,MA,Dudley,MHC Reconnaissance Survey Town Report: Dudley (1984),,"Documented native village site at Dudley Center Hill; placed on Dudley Hill at the town centre; [verified] Wikipedia Dudley Hill Historic District (42.0469,-71.9292) within margin",v7: coordinate verified
MHC recon: Quinebaug Valley village site,42.045000,-71.965000,weak,1800,MA,Dudley,MHC Reconnaissance Survey Town Report: Dudley (1984),,Reputed native village site in the Quinebaug Valley; placed on the Quinebaug River in western Dudley near West Dudley; [verified] USGS gauge 01123990 on Quinebaug River near Dudley confirms general location,v7: coordinate verified
MHC recon: Massapoag Pond site area,42.638690,-71.497530,weak,1500,MA,Dunstable,MHC Reconnaissance Survey Town Report: Dunstable (1980),,"Town history notes many artifacts from the Massapoag Pond area, mostly Archaic; placed at the pond 1.5 mi SW of Dunstable centre; [verified] Search inconclusive; HomeTownLocator blocked by robots.txt, no coord confirmed",v7: coordinate verified
MHC recon: Salmon Brook valley sites,42.675000,-71.482000,weak,2000,MA,Dunstable,MHC Reconnaissance Survey Town Report: Dunstable (1980),,"Sites suspected along the local valley of Salmon Brook from Massapoag Pond; anchored on the brook at Dunstable centre; [verified] USGS gauge Salmon Brook at Main St, Dunstable MA (waterdata.usgs.gov), ~1km match",v7: coordinate verified
MHC recon: Nashua River terrace sites,42.660000,-71.448000,weak,2000,MA,Dunstable,MHC Reconnaissance Survey Town Report: Dunstable (1980),,Period sites possible on well drained terraces and knolls along the Nashua River; anchored on the river reach forming the east town line; [verified] Dunstable center found (Wikipedia) but Nashua River/east town-line reach not confirmed,v7: coordinate verified
MHC recon: western Dunstable slate quarry sites,42.670000,-71.515000,weak,2000,MA,Dunstable,MHC Reconnaissance Survey Town Report: Dunstable (1980),,"Report notes possible slate quarry sites in the western part of town; centroid of western Dunstable; [verified] Dunstable town center 42.675,-71.483 (Wikipedia); plausible for western town area",v7: coordinate verified
MHC recon: Powder Point site area,42.045500,-70.661000,weak,1500,MA,Duxbury,MHC Reconnaissance Survey Town Report: Duxbury (1981),,"Extensive evidence of Early-Late Woodland settlement on Powder Point with prehistoric shell middens reported throughout; placed on the point; [verified] Search inconclusive; paddling.com fetch paywalled (402), no coord confirmed",v7: coordinate verified
MHC recon: High Pines shell middens,42.029000,-70.675000,weak,1500,MA,Duxbury,MHC Reconnaissance Survey Town Report: Duxbury (1981),,Prehistoric shell middens reported throughout High Pines opposite Duxbury Beach; placed on the mainland shore at High Pines; [verified] HomeTownLocator High Pines fetch blocked by robots.txt; unconfirmed,v7: coordinate verified
Morton's Hole fish weir (the Nook),42.045000,-70.674000,weak,1500,MA,Duxbury,MHC Reconnaissance Survey Town Report: Duxbury (1981),,"Fish weir placed in Morton's Hole (Nook) in 1639; placed on the Nook shore of Duxbury Bay; [verified] Searched; topo source inaccessible, no coordinate confirmed for the Nook",v7: coordinate verified
MHC recon: native planting grounds south of the Nook,42.041000,-70.676000,weak,1500,MA,Duxbury,MHC Reconnaissance Survey Town Report: Duxbury (1981),,"Reported native planting grounds immediately south of the Nook, on good agricultural land south of Duxbury Marsh; [verified] WebFetch to topozone.com (The Nook) returned 403; no coordinate confirmed in snippets.",v7: coordinate verified
MHC recon: Millbrook area sites,42.048000,-70.700000,weak,1000,MA,Duxbury,MHC Reconnaissance Survey Town Report: Duxbury (1981),,"Unidentified native sites reported in the Millbrook area, one of three not on Kingston or Duxbury Bays; placed at Millbrook village; [verified] HomeTownLocator: Millbrook, Duxbury at 42.049,-70.687; within/near margin.",v7: coordinate verified
MHC recon: Robbins Pond north shore multi-component site,42.006000,-70.905000,medium,700,MA,East Bridgewater,MHC Reconnaissance Survey Town Report: East Bridgewater (1981),,"Multi-component occupation with Woodland and Contact material on the northern shore of Robbins Pond (MHC File); [verified] ~500m from Robbins Pond center (Wikipedia), consistent with north shore",v7: coordinate verified
MHC recon: Robbins Pond north shore site 2,42.005000,-70.898000,weak,800,MA,East Bridgewater,MHC Reconnaissance Survey Town Report: East Bridgewater (1981),,"Unidentified native site east of the Robbins Pond multi-component site, possibly contemporaneous; placed east along the north shore; [verified] Wikipedia: Robbins Pond (MA) 42.00167,-70.90333; offset shore point within margin.",v7: coordinate verified
Satucket River fish weir,42.021500,-70.947000,weak,1500,MA,East Bridgewater,MHC Reconnaissance Survey Town Report: East Bridgewater (1981),,"Extant native fish weir several hundred yards NE of the Satucket River and Plymouth St (Rte 106) junction; present at first white settlement; [verified] Searched; USGS gage page blocked by robots, no coordinate confirmed",v7: coordinate verified
Sachem's Rock,42.018330,-70.951670,strong,200,MA,East Bridgewater,MHC Reconnaissance Survey Town Report: East Bridgewater (1981),,"Site of the 1649 transfer of Satucket from Massasoit to Duxbury men, several hundred yards SW of the river and Plymouth St junction; Sachem Rock Farm, 331 Plymouth St, East Bridgewater; coordinate corrected in review pass; [verified] Sachem Rock Farm, 355 Plymouth St, East Bridge",v7: coordinate verified
MHC recon: Quaboag Pond southeast shore village site,42.183500,-72.062000,weak,1000,MA,East Brookfield/Brookfield,MHC Reconnaissance Survey Town Report: East Brookfield (1984),,"Reputed native village site on the southeast shore of Quaboag Pond, in the Nipmuck Quaboag subregion; [verified] Wikipedia: Quaboag Pond centroid 42.1872,-72.0681; SE shore point consistent with pond extent.",v7: coordinate verified
MHC recon: Lake Lashaway site area,42.230000,-72.045000,weak,900,MA,East Brookfield,MHC Reconnaissance Survey Town Report: East Brookfield (1984),,"Evidence indicates sites on Quaboag Pond as well as Lake Lashaway; placed on the East Brookfield (southern) end of the lake; [verified] Wikipedia Lake Lashaway coord is ~525m away, within 900m margin",v7: coordinate verified
MHC recon: Seven Mile River ford,42.222000,-72.050000,weak,1200,MA,East Brookfield,MHC Reconnaissance Survey Town Report: East Brookfield (1984),,"Conjectured east-west trail along the north side of the Seven Mile River corridor with a ford and south branch on Podunk St; placed at the river crossing by East Brookfield village; [verified] Wikipedia: Seven Mile River joins East Brookfield River at 42.2189,-72.0522, ~380m away",v7: coordinate verified
MHC recon: East Longmeadow centre settlement area,42.062000,-72.513000,weak,1500,MA,East Longmeadow,MHC Reconnaissance Survey Town Report: East Longmeadow (1982),,"No reported sites, but probable Contact Period settlement on land around the town centre bounded by Westwood and Mapleshade Aves and Chestnut St; [verified] Within ~270m of East Longmeadow town coordinates (Wikipedia 42.0644,-72.5131)",v7: coordinate verified
MHC recon: Nauset Marsh Late Woodland site cluster,41.818900,-69.962900,medium,1200,MA,Eastham,MHC Reconnaissance Survey Town Report: Eastham (1984),,"Report cites Late Woodland period sites in southern Eastham near Nauset Marsh and Town Cove; no precise coordinates given.; [verified] Wikipedia: Nauset Archeological District (Fort Hill area) at 41.8189,-69.9629, >1.5km from prior point.",v7: coordinate verified
MHC recon: Town Cove native corn ground and shellfishing area,41.800000,-69.981000,weak,1500,MA,Eastham,MHC Reconnaissance Survey Town Report: Eastham (1984),,1644 Nauset land deed reserved native shellfishing rights at Town Cove; corn cultivation concentrated in the cove area.; [verified] Eastham Chamber page describes Town Cove but gives no coordinates; nothing confirmable.,v7: coordinate verified
Fort Hill fortified site,42.322000,-72.632000,weak,1500,MA,Easthampton,MHC Reconnaissance Survey Town Report: Easthampton (1982),,Report notes a reported fortified native site on Fort Hill near the Oxbow of the Connecticut River.; [verified] No source found for Fort Hill near Oxbow in Easthampton; only Groton/Northampton hits.,v7: coordinate verified
MHC recon: Manhan River Falls fishing site,42.266000,-72.667000,weak,1500,MA,Easthampton,MHC Reconnaissance Survey Town Report: Easthampton (1982),,Manhan River Falls near its junction with Route 10 cited as a primary native fishing focal point.; [verified] USGS gauge on Manhan River found but not confirmed to be falls near Route 10; unconfirmed.,v7: coordinate verified
Pascommuck palisaded village site,42.248000,-72.678000,weak,1500,MA,Easthampton,MHC Reconnaissance Survey Town Report: Easthampton (1982),,"Ca. 1664 native palisaded village claimed on a bluff over the Manhan River SW of the Route 10 junction, near later Pascommuck.; [verified] Pascommuck=orig. Easthampton village name (Wikipedia); no precise site coords found.",v7: coordinate verified
MHC recon: Easton Green native village site,42.026000,-71.128000,weak,1500,MA,Easton,MHC Reconnaissance Survey Town Report: Easton (1981),,Local tradition places an unidentified native village immediately east of Easton Green; artifacts recovered nearby.; [verified] Easton Green is a real place (HomeTownLocator) but no coordinates published there.,v7: coordinate verified
MHC recon: Mulberry Brook site,42.018711,-71.125881,medium,600,MA,Easton,MHC Reconnaissance Survey Town Report: Easton (1981),,"Reputed unidentified native site on both banks of Mulberry Brook south of Foundry Street.; [verified] Corrected: USGS gauge 'Mulberry Meadow Brook near Easton Center' 42.018711,-71.125881.",v7: coordinate verified
MHC recon: Chappaquiddick praying village,41.383000,-70.450000,medium,1500,MA,Edgartown,MHC Reconnaissance Survey Town Report: Edgartown (1984),,Chappaquiddick established as one of the Vineyard's praying towns ca. 1670; Praying Indians set apart there by 1690.; [verified] Wikipedia confirms Chappaquiddick Island extent; point falls within island,v7: coordinate verified
MHC recon: Edgartown Great Pond/Oyster Pond trail corridor,41.371000,-70.560000,weak,2000,MA,Edgartown,MHC Reconnaissance Survey Town Report: Edgartown (1984),,"Conjectured native trail skirted the northern shores of Edgartown Great Pond and Oyster Pond linking Chappaquiddick to interior sachemships.; [verified] Oyster Pond coords 41.364,-70.599 (Wikipedia); north-shore corridor plausible",v7: coordinate verified
MHC recon: Sengekontacket Pond trail corridor,41.420000,-70.540000,weak,2000,MA,Edgartown,MHC Reconnaissance Survey Town Report: Edgartown (1984),,"Conjectured northern native trail ran around Sengekontacket Pond toward Vineyard Haven Harbor, Oak Bluffs and Tisbury.; [verified] Vineyard Gazette: Sengekontacket Pond spans Edgartown/Oak Bluffs along Beach Rd",v7: coordinate verified
MHC recon: French King Bridge lowland occupation,42.597667,-72.496532,medium,800,MA,Erving,MHC Reconnaissance Survey Town Report: Erving (1982),,"Evidence of Woodland period occupation exposed on Erving's western lowlands near French King Bridge.; [verified] Corrected via HMDB marker for French King Bridge, Erving (Rte 2)",v7: coordinate verified
MHC recon: Rattlesnake Mountain rockshelters,42.585000,-72.393000,weak,1500,MA,Erving,MHC Reconnaissance Survey Town Report: Erving (1982),,Undated rockshelters reported in the uplands southeast of Rattlesnake Mountain.; [verified] Mindat feature page for Erving Rattlesnake Mountain could not be fetched; no coordinate confirmed.,v7: coordinate verified
MHC recon: Laurel Lake/Farley fishing encampment,42.601000,-72.421000,weak,1500,MA,Erving,MHC Reconnaissance Survey Town Report: Erving (1982),,Report flags Laurel Lake's shore and the Farley village terrace as archaeologically sensitive native fishing/encampment ground.; [verified] HomeTownLocator page blocked robots; no coord confirmable for Laurel Lake/Farley.,v7: coordinate verified
MHC recon: Jack's Brook/Keyup Brook habitation area,42.599000,-72.406000,weak,1000,MA,Erving,MHC Reconnaissance Survey Town Report: Erving (1982),,"Natives Jack and Keyup reputedly had habitations by Jack's Brook and Keyup Brook near their confluence with Millers River.; [verified] USGS gauge, Keyup Brook at Erving: 42.6023,-72.3995; within margin.",v7: coordinate verified
MHC recon: Castle Neck River mouth site area,42.647000,-70.777000,weak,2000,MA,Essex,MHC Reconnaissance Survey Town Report: Essex (1985),,Mouths of the Castle Neck and Essex Rivers flagged as likely Contact period site locations with probable shell middens/burials.; [verified] Search found only listings; source pages (HomeTownLocator/Wikidata) not fetchable,v7: coordinate verified
MHC recon: Sagamore Hill spring site,42.408000,-71.052000,weak,1500,MA,Everett,MHC Reconnaissance Survey Town Report: Everett (1981),,"Documented native spring near Mt. Washington (Sagamore Hill), on a trail branch along Ferry and Elm Streets.; [verified] Search returned only unrelated Sagamore Hill locations (Ipswich, Cape Cod); nothing confirmable for Everett.",v7: coordinate verified
Sagamore John's village (Beacham Point),42.404000,-71.062000,medium,1000,MA,Everett,MHC Reconnaissance Survey Town Report: Everett (1981),,"Historical literature places Sagamore John's village on Beacham Point along the Mystic tideflats.; [verified] Beacham St, Everett listings (LoopNet/GEOCORDS) confirm location near Mystic tideflats.",v7: coordinate verified
MHC recon: Cooke's Garrison House village and burial ground,41.652200,-70.912500,strong,300,MA,Fairhaven,MHC Reconnaissance Survey Town Report: Fairhaven (1981),,"Pre-1650s native village and burial ground, incl. a Contact/Historic burial, found near Cooke's Garrison House by Riverside Cemetery.; [verified] Riverside Cemetery, 274 Main St, Fairhaven (Wikipedia)",v7: coordinate verified
MHC recon: Sconticut Neck settlement area,41.619000,-70.885000,medium,1200,MA,Fairhaven,MHC Reconnaissance Survey Town Report: Fairhaven (1981),,"Southern two-thirds of Sconticut Neck flagged as highest-likelihood area for surviving native Contact period settlement.; [verified] Fort Phoenix (S tip of Sconticut Neck, Fairhaven, 41.624,-70.899) confirms peninsula location.",v7: coordinate verified
MHC recon: Long Island/West Island settlement area,41.597000,-70.826000,weak,1500,MA,Fairhaven,MHC Reconnaissance Survey Town Report: Fairhaven (1981),,"Additional native settlement likely occurred on the Acushnet River's Long Island and the eastern half of West Island.; [verified] West Island per Wikipedia (41.5966,-70.8326), shifted east for stated eastern half",v7: coordinate verified
Skeleton in Armor burial site,41.708000,-71.160000,medium,1500,MA,Fall River,MHC Reconnaissance Survey Town Report: Fall River (1982),,Contact period burial (Longfellow's Skeleton in Armor) found in a gravel bank near the corner of Fifth and Hartwell Streets.; [verified] Sources give no confirmable find-site coordinates (AccessGenealogy),v7: coordinate verified
MHC recon: Cook Pond site,41.675056,-71.171833,medium,700,MA,Fall River,MHC Reconnaissance Survey Town Report: Fall River (1982),,An unidentified native site was situated on the western edge of Cook Pond.; [verified] Corrected to Cook Pond location per mass.gov (was ~4.5km off),v7: coordinate verified
MHC recon: Taunton/Assonet River confluence site,41.728000,-71.101000,weak,1500,MA,Fall River,MHC Reconnaissance Survey Town Report: Fall River (1982),,A second unidentified native site lay on the Taunton River's eastern bank below its confluence with the Assonet River.; [verified] Search inconclusive; no source gives confluence coordinates,v7: coordinate verified
MHC recon: Stafford Road Indian Reservation,41.700000,-71.114000,weak,1500,MA,Fall River,MHC Reconnaissance Survey Town Report: Fall River (1982),,"Ca. 1704 Indian Reservation land set aside along Stafford Road, east of North Watuppa Pond.; [verified] Search found Stafford Mills (unrelated site); no source for the reservation itself",v7: coordinate verified
MHC recon: Waquoit Bay settlement focus,41.560000,-70.530000,medium,1200,MA,Falmouth,MHC Reconnaissance Survey Town Report: Falmouth (1985),,"Waquoit Bay is a documented Contact period native settlement focus per surface artifact collections.; [verified] Wikipedia: Waquoit Bay at 41.56N,70.53W; point moved ~2.8km to match published bay location.",v7: coordinate verified
MHC recon: Chappaquoit village and burial place,41.604000,-70.649000,medium,800,MA,Falmouth,MHC Reconnaissance Survey Town Report: Falmouth (1985),,"Jenkins notes considerable Indian villages at Chappaquoit, also reported as the location of a native burial place.; [verified] Corrected via HomeTownLocator Chappaquoit place centroid, Falmouth",v7: coordinate verified
MHC recon: Shepard's Pond relic site,42.053000,-71.242000,weak,1600,MA,Foxborough,MHC Reconnaissance Survey Town Report: Foxborough (1979),,"Area around Shepard's Pond reported to have many Indian relics (Carpenter 1890); pond near Cedar St, approx.; [verified] No source found for Shepard's Pond, Foxborough; same-named pond only found in Canton, MA.",v7: coordinate verified
MHC recon: Lake Cochituate west side/outlet site cluster,42.301000,-71.365000,weak,1500,MA,Framingham,MHC Reconnaissance Survey Town Report: Framingham (1980),,"Report cites site concentration at west side/outlet of Lake Cochituate; point on Framingham shore.; [verified] Search inconclusive; only whole-lake coord found, not the west/outlet point",v7: coordinate verified
MHC recon: Saxonville Falls site,42.324720,-71.401110,medium,500,MA,Framingham,MHC Reconnaissance Survey Town Report: Framingham (1980),,"Site concentration reported around the falls at Saxonville on the Sudbury River.; [verified] Wikipedia: Saxonville falls at 42.3264,-71.3994 - within margin of existing point.",v7: coordinate verified
MHC recon: Old Quaker Cemetery vicinity site,41.779430,-71.085640,weak,700,MA,Freetown,MHC Reconnaissance Survey Town Report: Freetown (1981),,Native site w/ Woodland and possible Contact/Historic component reported E of Old Quaker Cemetery on Taunton River.; [verified] Matches Assonet Old Quaker Cemetery (Find A Grave) exactly.,v7: coordinate verified
MHC recon: East Freetown Cemetery vicinity site,41.763960,-70.988010,weak,700,MA,Freetown,MHC Reconnaissance Survey Town Report: Freetown (1981),,Unidentified native site reported N of East Freetown cemetery; reputedly a native burial ground per tradition.; [verified] Matches East Freetown Cemetery (Find A Grave) exactly.,v7: coordinate verified
MHC recon: Morton Cemetery vicinity site,41.765000,-70.995000,weak,1600,MA,Freetown,MHC Reconnaissance Survey Town Report: Freetown (1981),,"Unidentified native site reported N of Morton Cemetery, East Freetown; [verified] FindAGrave 'Morton Cemetery' (41.78,-70.93) falls outside Freetown; landmark unconfirmed.",v7: coordinate verified
MHC recon: Long Pond site cluster,41.800000,-70.949440,weak,1200,MA,Freetown/Lakeville,MHC Reconnaissance Survey Town Report: Freetown (1981),,"Native Contact-period settlement probably concentrated near Taunton/Assonet Rivers and Long Pond.; [verified] Wikipedia Long Pond (Lakeville, MA) coordinate 41.80000,-70.94944 matches existing point exactly.",v7: coordinate verified
MHC recon: Crystal Lake site,42.585000,-71.965000,weak,1500,MA,Gardner,MHC Reconnaissance Survey Town Report: Gardner (1984),,"Native sites likely at Crystal Lake; Crystal Pond attracted occupation per Contact-period section.; [verified] No confirmable coord for Crystal Lake, Gardner via search/BirdingHotspots; margin widened.",v7: coordinate verified
MHC recon: Kendall Pond lithic site,42.564400,-72.019800,weak,900,MA,Gardner,MHC Reconnaissance Survey Town Report: Gardner (1984),,"Small task groups visited hill areas, possibly for lithic resources near Kendall Pond.; [verified] Confirmed via Natural Atlas (~193m from stated point, within margin).",v7: coordinate verified
MHC recon: Parker River/Wheeler Brook site zone,42.740000,-70.995000,weak,1800,MA,Georgetown,MHC Reconnaissance Survey Town Report: Georgetown (1985),,"Contact Period sites may be present along Parker River or Wheeler Brook in northern Georgetown.; [verified] USGS gauge 01100900, Parker River tributary near Georgetown, confirms area",v7: coordinate verified
MHC recon: Penn Brook site zone (old Indian fields),42.723000,-70.985000,weak,2000,MA,Georgetown,MHC Reconnaissance Survey Town Report: Georgetown (1985),,Contact sites may lie along Penn Brook in the south; old pasture lands here possibly indicate old Indian fields.; [verified] Search returned Penn Brook School refs only; no confirmable brook coordinates,v7: coordinate verified
MHC recon: Rock Pond/Pentucket Pond site zone,42.735333,-70.995889,weak,1500,MA,Georgetown,MHC Reconnaissance Survey Town Report: Georgetown (1985),,"Contact Period sites may be located around Rock and Pentucket Ponds or other major wetlands.; [verified] Matches Pentucket Pond coordinates on Mass.gov (42.7353,-70.9984)",v7: coordinate verified
Riverside Native Village,42.603000,-72.556000,strong,350,MA,Gill/Greenfield,MHC Reconnaissance Survey Town Report: Gill (1982),,Several hundred natives reportedly occupied the village at Riverside in 1675-76; Riverside archaeological district at Turners Falls/Gill on the Connecticut; coordinate corrected in review pass; [verified] Riverside Archeological Dist. spans Adams Rd (Greenfield)-Barton Cove (Gill,v7: coordinate verified
Fort Hill Palisade Site,42.612000,-72.546000,weak,1500,MA,Gill,MHC Reconnaissance Survey Town Report: Gill (1982),,"Reputed site of a native defensive palisade on Fort Hill, adjacent to the Riverside native village.; [verified] Unfound: Gill wiki confirms Riverside/Great Falls area but no exact Fort Hill coord.",v7: coordinate verified
MHC recon: Turners Falls fishing station (Barton's Cove),42.602900,-72.541200,weak,1500,MA,Gill,MHC Reconnaissance Survey Town Report: Gill (1982),,"Fishing focused at Turner's Falls adjacent to Barton and Doctor's Islands in Barton's Cove.; [verified] Searched; Barton's Cove sources lacked coordinates, none confirmed",v7: coordinate verified
MHC recon: Gill upland hills site cluster,42.655000,-72.480000,weak,2500,MA,Gill,MHC Reconnaissance Survey Town Report: Gill (1982),,"Likely upland period sites at Mount Hermon, Stump Hill, Barnard Hill and Grassy Hill, NE Gill.; [verified] Mount Hermon village in Gill confirmed but no coordinate source found",v7: coordinate verified
MHC recon: Mount Rood (Lithia) tool site,42.462512,-72.839949,weak,900,MA,Goshen,MHC Reconnaissance Survey Town Report: Goshen (1982),,Reported native tool sites around Mount Rood in the Lithia section of western Goshen.; [verified] Confirmed via PeakVisor; exact match to stated coordinates.,v7: coordinate verified
MHC recon: Sears Meadow/Route 9 site zone,42.440278,-72.800000,weak,2000,MA,Goshen,MHC Reconnaissance Survey Town Report: Goshen (1982),,"Likelihood of surviving period sites judged greatest near Route 9 and Sears Meadow per report Observations.; [verified] Goshen town center 42.440,-72.800 (Wikipedia); orig point ~6.5km north, outside town",v7: coordinate verified
MHC recon: Naushon Island seasonal encampment,41.496498,-70.707252,weak,3000,MA,Gosnold,MHC Reconnaissance Survey Town Report: Gosnold (1984),,"Report: short-term seasonal encampments probable, particularly on Naushon Island, largest of Elizabeth Islands.; [verified] Matches Wikipedia Naushon Island coordinates exactly",v7: coordinate verified
MHC recon: Bummet Brook Woodland village site,42.235914,-71.705018,medium,700,MA,Grafton,MHC Reconnaissance Survey Town Report: Grafton (1984),,"Report: Woodland-period 'village' reported on terrace above Bummet Brook, north of North Grafton.; [verified] ~75m from Big Bummet Brook monitoring site (MassDEP), within margin",v7: coordinate verified
MHC recon: Quinsigamond-Blackstone confluence site cluster,42.155300,-71.698700,weak,1500,MA,Grafton,MHC Reconnaissance Survey Town Report: Grafton (1984),,"Report: sites of unknown cultural affiliation near confluence of Quinsigamond and Blackstone rivers, South Grafton.; [verified] Wikipedia gives only Lake Quinsigamond source coordinate, not the South Grafton confluence; nothing confirmable.",v7: coordinate verified
Hassanamesit Praying Town,42.207900,-71.689300,medium,1500,MA,Grafton,MHC Reconnaissance Survey Town Report: Grafton (1984),,"Third praying town est. 1654 by Eliot, 12 families/pop.60; Hassanamisco Reservation, Brigham Hill, Grafton; coordinate corrected in review pass; [verified] Searched; no coordinate found for Hassanamisco Reservation in sources checked",v7: coordinate verified
MHC recon: Pitchawam Swamp hunting camp,42.260000,-72.490000,weak,1500,MA,Granby,MHC Reconnaissance Survey Town Report: Granby (1982),,"Report: short-term hunting camps near marshland of Pitchawam Swamp (native-derived name), east of town center.; [verified] Wikidata entry for Pitchawam Swamp could not be fetched (cache-only domain); nothing confirmable.",v7: coordinate verified
MHC recon: southwestern Granby site cluster,42.245000,-72.545000,weak,2500,MA,Granby,MHC Reconnaissance Survey Town Report: Granby (1982),,"Report: 5 undated native archaeological sites on lowland/upland locations in southwestern Granby.; [verified] SW of Granby center (42.2564,-72.5167) per Wikipedia; geography consistent",v7: coordinate verified
MHC recon: Seymour Brook find spot,42.055000,-72.810000,weak,1500,MA,Granville,MHC Reconnaissance Survey Town Report: Granville (1982),,"Report: one or two unidentified native projectile points recovered on banks of Seymour Brook, SE Granville.; [verified] Town of Granville page: Seymour Brook bridge on Water St near Trumble Ln; no coordinates given.",v7: coordinate verified
MHC recon: Granville Reservoir-Cooley Lake site potential,42.091000,-72.851000,weak,1500,MA,Granville,MHC Reconnaissance Survey Town Report: Granville (1982),,"Report: native sites suspected on upper Little River at Granville Reservoir and possibly Cooley Lake.; [verified] Within ~120m of Granville Reservoir coordinates (Natural Atlas 42.0913,-72.8496)",v7: coordinate verified
MHC recon: Canada Hill Woodland site,42.601000,-72.575000,weak,1500,MA,Greenfield,MHC Reconnaissance Survey Town Report: Greenfield (1982),,"Report: large Woodland-component site in vicinity of Canada Hill, overlooking the Connecticut River.; [verified] No source names 'Canada Hill' Greenfield with coordinates; unconfirmable.",v7: coordinate verified
MHC recon: Cheapside bluffs Woodland site,42.572308,-72.585645,medium,700,MA,Greenfield,MHC Reconnaissance Survey Town Report: Greenfield (1982),,"Report: second Woodland occupation noted on bluffs overlooking the Connecticut, west of Cheapside.; [verified] Corrected to Cheapside coords per Topozone GPS waypoint (was ~1.4km off)",v7: coordinate verified
MHC recon: undated sites near Canada Hill and Cheapside,42.595000,-72.575000,weak,1200,MA,Greenfield,MHC Reconnaissance Survey Town Report: Greenfield (1982),,"Report: two undated sites located west of the Connecticut, NE of Canada Hill and north of Cheapside.; [verified] Cheapside (Mapcarta, 42.572,-72.586) confirms landmark; site sits north as described",v7: coordinate verified
MHC recon: Smead and Rawson Islands seasonal sites,42.597310,-72.578700,medium,1000,MA,Greenfield,MHC Reconnaissance Survey Town Report: Greenfield (1982),,"Report: smaller sites probably established on Smead and Rawson Islands in the Connecticut River.; [verified] Rawson Island per Mapcarta (42.5973,-72.5787); Smead Island adjacent, unconfirmed.",v7: coordinate verified
MHC recon: Wrangling Brook village site,42.617000,-71.612000,weak,1500,MA,Groton,MHC Reconnaissance Survey Town Report: Groton (1980),,Town history (Tercentenary p.45) mentions one village on west side of Nashua River near Wrangling Brook.; [verified] No source located Wrangling Brook on the Nashua River near Groton,v7: coordinate verified
School Meadow Fort,42.387500,-72.580000,weak,1500,MA,Hadley,MHC Reconnaissance Survey Town Report: Hadley (1982),,"Pre-1675 palisaded native fort and village reputedly NW of North Hadley, surviving traces at School Meadow.; [verified] North Hadley Historic District confirmed nearby; School Meadow Fort not located precisely.",v7: coordinate verified
MHC recon: Fort River-Connecticut confluence bluff site cluster,42.325000,-72.578000,weak,1200,MA,Hadley,MHC Reconnaissance Survey Town Report: Hadley (1982),,"Report: four probable Contact-period sites on bluffs at the confluence of the Connecticut and Fort rivers.; [verified] USGS gauge 'Fort River at Hadley, MA' confirms river feature in Hadley",v7: coordinate verified
MHC recon: Chmura Road site,42.328000,-72.575000,weak,1500,MA,Hadley,MHC Reconnaissance Survey Town Report: Hadley (1982),,Report: probable Contact-period site SW of the junction of Route 47 and Chmura (Chimura) Road.; [verified] Chmura Rd confirmed in Hadley but no Route 47 junction coordinate found,v7: coordinate verified
MHC recon: Russellville Brook mouth site,42.410000,-72.565000,medium,700,MA,Hadley,MHC Reconnaissance Survey Town Report: Hadley (1982),,"Report: Woodland Period occupation reported near the mouth of Russellville Brook, North Hadley.; [verified] HomeTownLocator: Russellville locale, Hadley coords used as brook-mouth proxy",v7: coordinate verified
MHC recon: Monponsett Pond site cluster,42.020000,-70.855000,weak,1200,MA,Halifax,MHC Reconnaissance Survey Town Report: Halifax (1981),,"Report: three of six unidentified native sites clustered about Monponsett Pond.; [verified] Wikipedia: Monponsett Pond (W. lobe 42.006,-70.843), Halifax, near site",v7: coordinate verified
MHC recon: Palmer Mill Brook site pair,41.965000,-70.850000,weak,1500,MA,Halifax,MHC Reconnaissance Survey Town Report: Halifax (1981),,"Report: two of six unidentified native sites in close proximity to Palmer Mill Brook.; [verified] Searched; no specific Palmer Mill Brook coordinates found for Halifax, MA.",v7: coordinate verified
MHC recon: Burrage Pond site cluster,42.021000,-70.876000,medium,900,MA,Halifax,MHC Reconnaissance Survey Town Report: Halifax (1981),,"Report: high probability of native sites, particularly vicinity of Burrage Pond.; [verified] Wikipedia Burrage Pond WMA coords (42.021,-70.876) match stated point.",v7: coordinate verified
MHC recon: South St/Hayward St planting ground,41.978000,-70.840000,weak,1500,MA,Halifax,MHC Reconnaissance Survey Town Report: Halifax (1981),,Report: possible native planting grounds at the junction of South and Hayward Streets.; [verified] No source found for this Halifax street intersection or planting ground claim.,v7: coordinate verified
Sagamore Hill (Masconomet's grave),42.634510,-70.824030,strong,300,MA,Hamilton/Ipswich,MHC Reconnaissance Survey Town Report: Hamilton (1985),,"Report: Masconomet, Sagamore of the Agawams, buried on Sagamore Hill ca.1658; Masconomet's grave on Sagamore Hill, Hamilton; coordinate corrected in review pass; [verified] Sagamore Hill Burial Ground, Hamilton (Find A Grave 42.63451,-70.82403)",v7: coordinate verified
MHC recon: Scantic River north bank site cluster,42.070000,-72.408000,weak,900,MA,Hampden,MHC Reconnaissance Survey Town Report: Hampden (1982),,Report notes suspected native sites along the north bank of the Scantic River near the town center.; [verified] USGS gauge confirms Scantic River flows through Hampden; existing point plausible.,v7: coordinate verified
MHC recon: Indian Head ford at Curtis Crossing,42.093000,-70.831000,weak,1500,MA,Hanover,MHC Reconnaissance Survey Town Report: Hanover (1981),,Trail from Elm St. south to a ford at Curtis Crossing on the Indian Head River; placed near south Hanover where the river forms the town line.; [verified] Indian Head River confirmed in Hanover; Curtis Crossing ford not documented online.,v7: coordinate verified
"MHC recon: unidentified native site, East/Broadway Sts",42.130000,-70.859000,weak,1500,MA,Hanover,MHC Reconnaissance Survey Town Report: Hanover (1981),,"One unidentified native site reported midway between East and Broadway Streets, close to the Hanover/Norwell line.; [verified] Searched; no confirmable landmark for this street-junction site.",v7: coordinate verified
MHC recon: Pine Island burial ground,42.098000,-70.847000,weak,1500,MA,Hanover,MHC Reconnaissance Survey Town Report: Hanover (1981),,"A native burial ground was claimed to be situated at Pine Island (Dwelley and Simmons 1910); placed at Pine Island Swamp, south Hanover.; [verified] HomeTownLocator page blocked; no coordinate confirmed",v7: coordinate verified
MHC recon: Rocky Swamp burial ground,42.123227,-70.865989,weak,1000,MA,Hanover,MHC Reconnaissance Survey Town Report: Hanover (1981),,"A second native burial ground was claimed at 'Rocky Swamp' (Dwelley and Simmons 1910); [verified] Pine Island Swamp (Natural Atlas), West Hanover; ~2.8km from prior point, swamp confirmed real.",v7: coordinate verified
"MHC recon: Benjamin Hanks farm burial, Main Street",42.089900,-70.871200,weak,1500,MA,Hanson,MHC Reconnaissance Survey Town Report: Hanson (1981),,Report cites one possible Contact period burial on Main Street at the Benjamin Hanks farm.; [verified] No source identifies Benjamin Hanks farm location in Hanson,v7: coordinate verified
MHC recon: Indian Crossway (Great Cedar Swamp),42.045000,-70.845000,medium,900,MA,Hanson,MHC Reconnaissance Survey Town Report: Hanson (1981),,"Primary route (Main St/Rte 14) from Indian Head Pond with a supposed 'Indian Crossway' through Great Cedar Swamp.; [verified] Wikipedia Indian Head Pond (42.0500,-70.8500) within margin of route origin.",v7: coordinate verified
MHC recon: pond-cluster native site area (Wampatuck/Maquan/Indian Head/Monponsett),42.058000,-70.855000,weak,1500,MA,Hanson,MHC Reconnaissance Survey Town Report: Hanson (1981),,"Report finds concentration of native population likely near Wampatuck, Maquan, Indian Head and Monponsett Ponds; place names suggestive of occupation.; [verified] Within ~410m of Maquan Pond coordinates (Wikipedia 42.0606,-70.8514)",v7: coordinate verified
MHC recon: Hardwick Pond native site area,42.310400,-72.241700,medium,700,MA,Hardwick,MHC Reconnaissance Survey Town Report: Hardwick (1984),,"Historic overview cites reported native sites at Hardwick Pond in the south of town.; [verified] Mass.gov Hardwick Pond coords (42.3104,-72.2417) match existing point",v7: coordinate verified
MHC recon: Moose Brook/Ware River confluence site,42.340000,-72.180000,weak,1500,MA,Hardwick,MHC Reconnaissance Survey Town Report: Hardwick (1984),,"Reported native sites on floodplain terraces at the Moose Brook/Ware River confluence, east of town center.; [verified] MHC Hardwick report (mass.gov) confirms area but gives no coordinates",v7: coordinate verified
MHC recon: Bare Hill Pond native camp area,42.494190,-71.589310,weak,700,MA,Harvard,MHC Reconnaissance Survey Town Report: Harvard (1983),,"Small, short-term native camps reported adjacent to Bare Hill Pond.; [verified] Corrected near Bare Hill Pond access pt (harvard-ma.gov); orig ~1.4km off.",v7: coordinate verified
Indian Planting Field,42.500000,-71.589000,medium,600,MA,Harvard,MHC Reconnaissance Survey Town Report: Harvard (1983),,"Report states the area north of Bare Hill Pond is known as 'Indian Planting Field.'; [verified] Corrected: Bare Hill Pond confirmed 42.4942,-71.5893 (Mass.gov); site north of pond.",v7: coordinate verified
MHC recon: Mirror Lake/Hell Pond native camp,42.528584,-71.614039,medium,400,MA,Harvard,MHC Reconnaissance Survey Town Report: Harvard (1983),,"Small, short-term native camps reported adjacent to Mirror/Hell Ponds near the Nashua River.; [verified] Harvard Conservation Trust trail page: Mirror Lake (Hell Pond) trailhead 42.528584,-71.614039.",v7: coordinate verified
MHC recon: Muddy Creek Contact period burials/midden,41.694000,-70.028000,weak,1500,MA,Harwich,MHC Reconnaissance Survey Town Report: Harwich (1984),,"Contact period burials and shell middens reported in East Harwich, particularly the Muddy Creek area.; [verified] Searched; Topozone page inaccessible (403 error); no coordinate confirmed.",v7: coordinate verified
MHC recon: Nohorns Neck settlement and cleared fields,41.656100,-70.089200,medium,700,MA,Harwich,MHC Reconnaissance Survey Town Report: Harwich (1984),,Natives reportedly living on Nohants/Nohorns Neck at Allens Harbor when settlers arrived; cleared native fields reported on harbor's east side.; [verified] Allen Harbor coords (marinas.com); Nohorns Neck reportedly on harbor's east side.,v7: coordinate verified
MHC recon: Herring River vicinity Contact period sites,41.675000,-70.043890,weak,1200,MA,Harwich,MHC Reconnaissance Survey Town Report: Harwich (1984),,"Contact period sites expected for South Harwich near the Herring River, where native settlements were reported at time of settlement.; [verified] Wikipedia South Harwich, MA CDP centroid: 41.675,-70.04389",v7: coordinate verified
MHC recon: Halfway Brook fortified site (Elm Court),42.345000,-72.588000,weak,1500,MA,Hatfield,MHC Reconnaissance Survey Town Report: Hatfield (1982),,Historic overview documents a Contact period fortified site apparently intact at Halfway Brook on the Northampton line (Elm Court).; [verified] MHC Hatfield survey confirms Halfway Brook/Elm Court site; no coordinates given.,v7: coordinate verified
"MHC recon: Capawonk fordway, Mill River",42.357000,-72.607000,weak,1500,MA,Hatfield,MHC Reconnaissance Survey Town Report: Hatfield (1982),,Main trail followed south from Great Pond to the Capawonk fordway at the Mill River.; [verified] MHC Hatfield survey confirms Capawonk fordway trail; no coordinates published.,v7: coordinate verified
"MHC recon: terrace site, Mill/Connecticut River confluence",42.362000,-72.600000,medium,600,MA,Hatfield,MHC Reconnaissance Survey Town Report: Hatfield (1982),,"Two undated native sites and a Woodland site situated on the terrace overlooking the Mill/Connecticut River confluence.; [verified] OK: USGS Mill River at Hatfield gauge near confluence 42.366478,-72.604811 (~640m).",v7: coordinate verified
MHC recon: Great Pond area native sites,42.410000,-72.592000,weak,1500,MA,Hatfield,MHC Reconnaissance Survey Town Report: Hatfield (1982),,Additional native settlement probably occurred east of Great Pond in northeastern Hatfield; Woodland and undated sites noted.; [verified] No coordinate confirmed; HomeTownLocator blocked robots.txt; margin widened.,v7: coordinate verified
"MHC recon: Pawtucket principal village, Little River mouth",42.772500,-71.082800,medium,600,MA,Haverhill,MHC Reconnaissance Survey Town Report: Haverhill (1985),,"Mouth of the Little River suggested as the location for the principal village of the Pawtucket Indians.; [verified] OK: Wikipedia Little River mouth exact match at 42.7725,-71.08278.",v7: coordinate verified
MHC recon: Merrimack River Contact period site cluster,42.774000,-71.083000,weak,1200,MA,Haverhill,MHC Reconnaissance Survey Town Report: Haverhill (1985),,"Three Contact period multi-component habitation sites documented near the Merrimack River by MHC/Haverhill Historical Society collections research.; [verified] NOAA gauge 'Merrimack River at Haverhill, MA' confirms river feature",v7: coordinate verified
"MHC recon: quarries, Hawley State Forest",42.560000,-72.780000,medium,900,MA,Hawley,MHC Reconnaissance Survey Town Report: Hawley (1982),,Historic overview notes quarries conjectured in Hawley State Forest.; [verified] Kenneth Dubuque Memorial State Forest (Wikipedia) confirmed to span Hawley.,v7: coordinate verified
MHC recon: Chickley Brook native site area,42.608695,-72.912875,weak,1200,MA,Hawley,MHC Reconnaissance Survey Town Report: Hawley (1982),,"Overview notes possible native sites along Chickley Brook, near the Forge/Hallockville villages.; [verified] USGS gauge 01168380, Chickley River near West Hawley MA (waterdata.usgs.gov)",v7: coordinate verified
"MHC recon: West Branch quarries, North Heath",42.712000,-72.688000,weak,1500,MA,Heath,MHC Reconnaissance Survey Town Report: Heath (1982),,"Historic overview notes native sites possible along the West Branch in North Heath, with conjectured quarries.; [verified] HomeTownLocator North Heath page had no coordinate in fetched content.",v7: coordinate verified
"MHC recon: native site area, village of Heath/Mill Brook",42.678000,-72.680000,weak,1500,MA,Heath,MHC Reconnaissance Survey Town Report: Heath (1982),,Contact Period observations note period sites may survive adjacent to the village of Heath and the southern portion of Mill Brook.; [verified] Searched; Mill Brook Wikipedia is a disambiguation page; no Heath-specific coordinate found.,v7: coordinate verified
MHC recon: Downer Landing burial site,42.246500,-70.895500,weak,1500,MA,Hingham,MHC Reconnaissance Survey Town Report: Hingham (1979),,Town history notes period burials along the shore at Downer Landing on Hingham Harbor.; [verified] World's End/Hingham Harbor sources inaccessible; Downer Landing coords unconfirmed.,v7: coordinate verified
MHC recon: Planter's Hill burial site,42.261000,-70.883000,weak,1500,MA,Hingham,MHC Reconnaissance Survey Town Report: Hingham (1979),,Town history notes period burials at Planter's Hill within the World's End peninsula.; [verified] World's End (Hingham) source inaccessible; Planter's Hill coords unconfirmed.,v7: coordinate verified
MHC recon: Weir River outlet burial site,42.263000,-70.874000,weak,1500,MA,Hingham/Hull,MHC Reconnaissance Survey Town Report: Hingham (1979),,Town history notes period burials along the Weir River outlet near the Hull line.; [verified] Wikipedia confirms Weir River reaches Hingham Bay near World's End; no precise outlet coord.,v7: coordinate verified
MHC recon: Accord Pond Woodland site cluster,42.173330,-70.890000,medium,700,MA,Hingham/Norwell,MHC Reconnaissance Survey Town Report: Hingham (1979),,Report notes documented Woodland sites in the interior river valley around Accord Pond.; [verified] Wikipedia Accord Pond coords match existing point exactly,v7: coordinate verified
MHC recon: Fort Hill coastal trail node,42.244000,-70.893000,weak,2000,MA,Hingham,MHC Reconnaissance Survey Town Report: Hingham (1979),,Coastal trail conjectured along Fort Hill-South-Main-Hull Sts around Hingham Harbor toward the Weir River at Hull.; [verified] Search found Fort Hill entries in other towns only; Hingham Fort Hill uncorroborated,v7: coordinate verified
MHC recon: Indian Trail (Franklin Street corridor),42.155000,-71.010000,weak,1500,MA,Holbrook,MHC Reconnaissance Survey Town Report: Holbrook (1979),,"Route 37 (N/S Franklin Sts.) locally cited as 'Indian Trail' per Holbrook Centennial history.; [verified] Within ~70m of Holbrook Square Historic District, at N Franklin St (Wikipedia)",v7: coordinate verified
MHC recon: Pine-Pond Street trail to Great Pond,42.178000,-71.005000,weak,2000,MA,Holbrook,MHC Reconnaissance Survey Town Report: Holbrook (1979),,Pine and Pond Sts. conjectured as a native trail linking Holbrook toward Great Pond in Weymouth.; [verified] Search surfaced a different Great Pond (Truro); Weymouth Great Pond coords not confirmed,v7: coordinate verified
MHC recon: Chaffin Pond site,42.331167,-71.839972,medium,300,MA,Holden,MHC Reconnaissance Survey Town Report: Holden (1984),,"Report notes unknown-period sites reported for predictable areas adjacent to Chaffin Pond.; [verified] Corrected via Fishbrain coords (42°19'52""N 71°50'24""W), ~5.7km from prior point.",v7: coordinate verified
MHC recon: Eagle Lake site,42.355979,-71.884887,weak,900,MA,Holden,MHC Reconnaissance Survey Town Report: Holden (1984),,"Report notes unknown-period sites reported for predictable areas adjacent to Eagle Lake.; [verified] Confirmed via Fishbrain (42°21'19""N 71°53'06""W), matches stated point closely.",v7: coordinate verified
MHC recon: Quinapoxet Reservoir site,42.386000,-71.881000,weak,1500,MA,Holden,MHC Reconnaissance Survey Town Report: Holden (1984),,Report notes unknown-period sites reported for predictable areas adjacent to Quinapoxet Reservoir.; [verified] TopoZone blocked (403); no coordinate confirmed; margin widened.,v7: coordinate verified
MHC recon: Holden Reservoir site,42.296204,-71.866739,weak,900,MA,Holden,MHC Reconnaissance Survey Town Report: Holden (1984),,Report notes unknown-period sites reported for predictable areas adjacent to Holden Reservoir.; [verified] Confirmed via USGS monitoring location; exact match.,v7: coordinate verified
MHC recon: Holland Pond Woodland campsite,42.091000,-72.169500,medium,600,MA,Holland,MHC Reconnaissance Survey Town Report: Holland (1983),,"A large Woodland-period campsite lay on valley bottomland along the southern shore of Holland Pond.; [verified] Corrected: Wikipedia Holland Pond at 42.094889,-72.170556; site on its southern shore.",v7: coordinate verified
MHC recon: Stafford Road/Marcey Road burial site,42.045000,-72.150000,weak,1500,MA,Holland,MHC Reconnaissance Survey Town Report: Holland (1983),,An undated native burial site was reputedly on a hill near the junction of Stafford and Marcey Roads.; [verified] No source pinpoints Stafford/Marcey Rd junction; only generic Holland town/street listings found,v7: coordinate verified
Indian Hill (Blodgett Road) site,42.058000,-72.145000,weak,1500,MA,Holland,MHC Reconnaissance Survey Town Report: Holland (1983),,"A reported native site is located at Indian Hill on Blodgett Road.; [verified] Indian Hill, Holland site not confirmable; source blocked by robots.txt.",v7: coordinate verified
Mucksquit (Wennakeening) village site,42.188300,-71.423600,strong,400,MA,Holliston,MHC Reconnaissance Survey Town Report: Holliston (1980),,Major multi-component site 'Mucksquit' on SW shore of Lake Winthrop with Woodland and Contact-period material.; [verified] Lake Winthrop GNIS/Topozone point (SW-shore site near here),v7: coordinate verified
MHC recon: Chabboquasett site (Dopping Brook),42.190000,-71.435000,weak,1500,MA,Holliston,MHC Reconnaissance Survey Town Report: Holliston (1980),,"Area between Fiske and Central Sts. along Dopping Brook, called 'chabboquasett,' reported to contain period sites.; [verified] Unfound: USGS gauge on Dopping Brook is at Whitney St, not the Fiske/Central St stretch.",v7: coordinate verified
MHC recon: Eliot praying-town trail (Bogastow Brook),42.206000,-71.400000,weak,1800,MA,Holliston,MHC Reconnaissance Survey Town Report: Holliston (1980),,Route from Sherborn via Bogastow Brook to Lake Winthrop reportedly used by Eliot for praying towns in the 1650s.; [verified] Bogastow Brook confirmed in Holliston (LOC viaduct record); no coordinate found,v7: coordinate verified
MHC recon: Depot Hill site,42.208000,-72.610000,weak,1500,MA,Holyoke,MHC Reconnaissance Survey Town Report: Holyoke (1982),,Native sites reported at Depot Hill in Holyoke overlooking the Great Falls of the Connecticut River.; [verified] No 'Depot Hill' Holyoke source found in search results,v7: coordinate verified
MHC recon: Ashley Pond area site,42.175000,-72.661000,weak,800,MA,Holyoke,MHC Reconnaissance Survey Town Report: Holyoke (1982),,"Unidentified/Woodland-period sites possibly located around the Ashley Pond area.; [verified] Wikipedia Ashley Reservoir coords match exactly (42.175,-72.661).",v7: coordinate verified
MHC recon: Great Falls spring fishing site,42.213610,-72.601670,medium,600,MA,Holyoke,MHC Reconnaissance Survey Town Report: Holyoke (1982),,"Report notes considerable influx of natives to Holyoke during the annual spring fish runs at the Great Falls.; [verified] Corrected: Wikipedia Holyoke Dam/Great Falls at 42.21361,-72.60167 on Connecticut River.",v7: coordinate verified
MHC recon: Hopedale Pond/Mill River shoreline site,42.140032,-71.553454,weak,800,MA,Hopedale,MHC Reconnaissance Survey Town Report: Hopedale (1983),,Shores and terraces of Hopedale Pond and the Mill River noted as likely sites for fishing and agriculture.; [verified] Topozone Hopedale Pond coordinates; corrected ~1.8km from original.,v7: coordinate verified
MHC recon: Hartford Avenue trail,42.125000,-71.545000,weak,1500,MA,Hopedale,MHC Reconnaissance Survey Town Report: Hopedale (1983),,"Documented east-west trail along the town's southern border follows present Hartford Avenue.; [verified] Hopedale center (latitude.to, 42.1307,-71.5412) ~0.7km away; within margin.",v7: coordinate verified
MHC recon: North Pond (Maspenock) site,42.208000,-71.550000,medium,700,MA,Hopkinton,MHC Reconnaissance Survey Town Report: Hopkinton (1980),,"Unspecified period sites reported along North Pond ('Waspenook'/Maspenock).; [verified] Mass.gov access points (42.2054/-71.5587, 42.1977/-71.5541) bracket existing point",v7: coordinate verified
MHC recon: Whitehall Reservoir site,42.228284,-71.570966,weak,1500,MA,Hopkinton,MHC Reconnaissance Survey Town Report: Hopkinton (1980),,Unspecified period sites reported along White Hall Reservoir.; [verified] HomeTownLocator page blocked (robots.txt); no confirmable coordinate found,v7: coordinate verified
MHC recon: Hopkinton Reservoir site,42.258056,-71.520806,medium,700,MA,Hopkinton/Ashland,MHC Reconnaissance Survey Town Report: Hopkinton (1980),,"Unspecified period sites reported along Hopkinton Reservoir.; [verified] Mass.gov Hopkinton Reservoir coords (Hopkinton/Ashland line, off Rte 85)",v7: coordinate verified
MHC recon: Indian Brook trail node,42.240000,-71.528889,medium,1000,MA,Hopkinton,MHC Reconnaissance Survey Town Report: Hopkinton (1980),,"Connecticut Path conjectured to pass near Cedar Swamp-Indian Brook en route from Ashland.; [verified] USGS gage 01097468 'Indian Brook near Hopkinton, MA' at 42.240,-71.528889",v7: coordinate verified
MHC recon: Asnacomet Pond site cluster,42.448500,-71.979280,weak,700,MA,Hubbardston,MHC Reconnaissance Survey Town Report: Hubbardston (1984),,Two undescribed sites are reported located on Asnacomet Pond.; [verified] Corrected to Asnacomet Pond access pt (mass.gov); orig ~3.7km off.,v7: coordinate verified
MHC recon: Moosehorn Pond site,42.468770,-71.967280,weak,800,MA,Hubbardston,MHC Reconnaissance Survey Town Report: Hubbardston (1984),,"Possible native sites reported near Moosehorn Pond in the southeast part of town.; [verified] Mapcarta Moosehorn Pond, Hubbardston coords; corrected ~3.5km from original.",v7: coordinate verified
MHC recon: Burnshirt River crossing trail ford,42.470000,-72.000000,weak,1500,MA,Hubbardston,MHC Reconnaissance Survey Town Report: Hubbardston (1984),,"Main east-west trail from the Wachusett area, between Asnacomet and Moosehorn ponds, crossed the Burnshirt River.; [verified] Wikipedia river point (Templeton/Barre area) far off; Hubbardston ford unconfirmed.",v7: coordinate verified
MHC recon: Boon Pond site,42.403060,-71.501390,weak,800,MA,Hudson/Stow,MHC Reconnaissance Survey Town Report: Hudson (1980),,Sites likely on terraces/knolls overlooking the Assabet and adjacent to Boon's Pond.; [verified] Wikipedia Lake Boon (Boon's Pond) infobox coords; corrected ~4.6km.,v7: coordinate verified
MHC recon: White Pond site,42.430000,-71.560000,weak,1500,MA,Hudson/Stow,MHC Reconnaissance Survey Town Report: Hudson (1980),,Sites likely on terraces/knolls overlooking the Assabet and adjacent to White Pond.; [verified] Wikipedia 'White Pond (MA)' coords don't match Hudson/Stow location; unconfirmed.,v7: coordinate verified
MHC recon: Assabet River ford (Main St/Bolton Rd),42.396000,-71.565000,weak,1000,MA,Hudson,MHC Reconnaissance Survey Town Report: Hudson (1980),,"Probable trail route (Main St/Bolton Rd loop) with a ford across the Assabet near the sewage plant.; [verified] Hudson center 42.392,-71.567 (Wikipedia) ~500m off; within margin of Main St/Assabet.",v7: coordinate verified
MHC recon: Assabet Falls trail crossing,42.392000,-71.559000,weak,1500,MA,Hudson,MHC Reconnaissance Survey Town Report: Hudson (1980),,Secondary trail conjectured to branch south over Assabet Falls at Hudson Center.; [verified] Searched; no 'Assabet Falls' landmark found near Hudson Center,v7: coordinate verified
MHC recon: Assabet River fish weirs,42.394000,-71.562000,weak,1200,MA,Hudson,MHC Reconnaissance Survey Town Report: Hudson (1980),,Seasonal fish runs in the Assabet River made fish weirs probable in this reach.; [verified] Assabet River runs through Hudson center per USGS gauges/Wikipedia; point consistent with town,v7: coordinate verified
Atlantic Hill Cemetery (protohistoric),42.301000,-70.905000,weak,1500,MA,Hull,MHC Reconnaissance Survey Town Report: Hull (1979),,Report notes protohistoric cemetery on Atlantic Hill in Contact Period survey observations.; [verified] NeighborhoodScout page had no coordinates; none confirmed,v7: coordinate verified
MHC recon: Skull Head native sites,42.305000,-70.913000,weak,1500,MA,Hull,MHC Reconnaissance Survey Town Report: Hull (1979),,Oblique references to native sites on 'Skull Head' in settlement pattern section.; [verified] No source names 'Skull Head' specifically; only generic Hull town center coordinates found,v7: coordinate verified
MHC recon: Straits Pond / Lyford's Liking site potential,42.254000,-70.868000,weak,2000,MA,Hull,MHC Reconnaissance Survey Town Report: Hull (1979),,Report flags high undiscovered site potential near Straits Pond and Lyford's Liking.; [verified] Straits Pond spans Hull/Cohasset border per town.hull.ma.us; existing coords match,v7: coordinate verified
MHC recon: Hull Street / Nantasket Beach native trail,42.298000,-70.910000,weak,2000,MA,Hull,MHC Reconnaissance Survey Town Report: Hull (1979),,"Native trail from Hull Street along Nantasket Beach to Hull village, primary mainland link.; [verified] Near Hull village center per Wikipedia; consistent trail endpoint",v7: coordinate verified
MHC recon: Norwich Pond native fishing area,42.246000,-72.865000,weak,1500,MA,Huntington,MHC Reconnaissance Survey Town Report: Huntington (1982),,Norwich Pond identified as a focal point of native fishing in Subsistence Pattern section.; [verified] Fishbrain 'Norwich Pond' tagged Northampton/Hampshire Co; not confirmed as Huntington pond.,v7: coordinate verified
MHC recon: Westfield/Little River confluence camp area,42.234000,-72.879000,weak,1200,MA,Huntington,MHC Reconnaissance Survey Town Report: Huntington (1982),,"Probable native sites near Westfield-Little River confluence and Goss Heights per Settlement Pattern.; [verified] USGS gauge 01181008 Westfield R at Huntington ~1.1km away, within stated margin",v7: coordinate verified
MHC recon: Castle Neck River mouth midden/burial area,42.688000,-70.766000,weak,1500,MA,Ipswich,MHC Reconnaissance Survey Town Report: Ipswich (1985),,Shell middens/burials probable near mouth of Castle Neck River per Contact Period settlement pattern.; [verified] Mass.gov confirms Castle Neck River WMA is in Ipswich but gives no coords for river mouth.,v7: coordinate verified
MHC recon: Plum Island native planting fields,42.702000,-70.764000,weak,1500,MA,Ipswich,MHC Reconnaissance Survey Town Report: Ipswich (1985),,"Report states native fields were likely located along Plum Island per subsistence pattern section.; [verified] Sandy Point State Reservation, S. tip Plum I. Ipswich (Wikipedia) ~1.0km away.",v7: coordinate verified
MHC recon: Lucas Pond Late Woodland component,41.998000,-70.755000,weak,1500,MA,Kingston,MHC Reconnaissance Survey Town Report: Kingston (1981),,Late Woodland component found adjacent to Lucas Pond per Settlement Patterns section.; [verified] No 'Lucas Pond' found in Kingston MA search results; site unconfirmed.,v7: coordinate verified
Patuxet House Site (Christian Indian burial),41.987000,-70.726000,medium,1500,MA,Kingston,MHC Reconnaissance Survey Town Report: Kingston (1981),,"Surveyed Christian Indian burial w/ grave goods at former Patuxet House, corner Green & Summer Sts (Willoughby 1935).; [verified] No confirmable coords for Green/Summer St corner; searched, nothing matched",v7: coordinate verified
MHC recon: Indian Pond native site complex,41.961110,-70.761940,weak,1200,MA,Kingston,MHC Reconnaissance Survey Town Report: Kingston (1981),,"Indian Pond shores named in unidentified native contact-period site complex, Settlement Patterns section.; [verified] Wikipedia infobox: Indian Pond (Kingston, MA) at 41.96111,-70.76194",v7: coordinate verified
MHC recon: Silver Lake native site complex,42.017000,-70.795000,weak,1500,MA,Kingston,MHC Reconnaissance Survey Town Report: Kingston (1981),,"Silver Lake shores named in unidentified native contact-period site complex, Settlement Patterns section.; [verified] Wikipedia Silver Lake (Plymouth Co.) coords ~0.7km away; within margin.",v7: coordinate verified
MHC recon: Piegan Hill site,41.985000,-70.735000,weak,2000,MA,Kingston,MHC Reconnaissance Survey Town Report: Kingston (1981),,Piegan Hill cited as an 18th-century documented native-associated site elsewhere in report.; [verified] Searched; no confirmable Piegan Hill location found for Kingston MA,v7: coordinate verified
King Philip's Lookout,41.828000,-70.905000,weak,1200,MA,Lakeville,MHC Reconnaissance Survey Town Report: Lakeville (1981),,"Local tradition names King Philip's Lookout as residence of Pamantaquash, 'the Pond Sachem,' near Assawompset Pond.; [verified] HomeTownLocator/TopoZone list King Phillips Lookout near Assawompset Pond, Plymouth Co, MA",v7: coordinate verified
MHC recon: Nashaway camp at Nashua River forks,42.447300,-71.669500,medium,700,MA,Lancaster,MHC Reconnaissance Survey Town Report: Lancaster (1984),,"Nashaway group repeated/long-term camp at confluence and wading place of Nashua River branches, S. Lancaster.; [verified] Wikipedia South Nashua River coords used for river forks, S. Lancaster",v7: coordinate verified
MHC recon: Haverhill St / East Haverhill St Indian trail,42.716000,-71.150000,weak,2000,MA,Lawrence,MHC Reconnaissance Survey Town Report: Lawrence (1986),,"Haverhill Street and East Haverhill Street noted as early Indian trails in transportation routes section.; [verified] Only Haverhill St milestone found is in Reading MA, not Lawrence; unconfirmed",v7: coordinate verified
MHC recon: Old Haverhill Rd / Ferry St Indian trail,42.718029,-71.148616,weak,2000,MA,Lawrence,MHC Reconnaissance Survey Town Report: Lawrence (1986),,"Old Haverhill Road and Ferry Street identified as portions of early Indian trails.; [verified] Ferry St (144 Ferry St), Prospect Hill area, Lawrence MA per realty listing",v7: coordinate verified
"MHC recon: rumored native site, Burncoat Pond",42.264000,-71.893000,weak,1200,MA,Leicester,MHC Reconnaissance Survey Town Report: Leicester (1983),,"Rumored native site finds reported east of Burncoat Pond per Settlement Period section.; [verified] Mapcarta: Burncoat Pond at 42.235,-71.945; point is east of pond per description, as expected",v7: coordinate verified
MHC recon: Monoosnock Brook headwaters camp area,42.500000,-71.800000,weak,1500,MA,Leominster,MHC Reconnaissance Survey Town Report: Leominster (1984),,Probable short-term native camp area at Monoosnock Brook headwaters per Settlement Pattern section.; [verified] Mapcarta brook point ~5.9km off; specific headwaters location unconfirmed.,v7: coordinate verified
MHC recon: Long Plain Brook native site cluster,42.463000,-72.487000,weak,1500,MA,Leverett,MHC Reconnaissance Survey Town Report: Leverett (1982),,Undated native sites reported along Long Plain Brook; delta area has greatest site survival likelihood.; [verified] No dedicated source for Long Plain Brook found; only Long Plain Rd real-estate listings,v7: coordinate verified
MHC recon: Leverett Pond native fishing area,42.487000,-72.495000,weak,1500,MA,Leverett,MHC Reconnaissance Survey Town Report: Leverett (1982),,Leverett Pond noted as probable focal point of local native fishing activity.; [verified] TopoZone blocked (403); no coordinate confirmed; margin widened.,v7: coordinate verified
MHC recon: North Leverett / Sawmill River artifact area,42.507000,-72.485000,weak,900,MA,Leverett,MHC Reconnaissance Survey Town Report: Leverett (1982),,"Undated native artifacts recovered in North Leverett near the Sawmill River.; [verified] Confirmed via Wikipedia North Leverett Historic District coords, within margin.",v7: coordinate verified
MHC recon: Woodland site north of Loring Hill,42.439000,-71.198000,weak,700,MA,Lexington,MHC Reconnaissance Survey Town Report: Lexington (1980),,"Report: one Woodland-period site reported north of Loring Hill; placed at Loring Hill vicinity, E Lexington.; [verified] Loring Hill confirmed real summit, E Lexington (Topozone); coord kept.",v7: coordinate verified
MHC recon: native trail focus at Lexington town center,42.446800,-71.224500,weak,1200,MA,Lexington,MHC Reconnaissance Survey Town Report: Lexington (1980),,"Report: native sites suspected at trail focus at town center; placed at Lexington Center/Battle Green.; [verified] Wikipedia: Battle Green at 42.44944,-71.23139; existing pt ~640m away, within margin.",v7: coordinate verified
MHC recon: possible native burial sites near Alexander Road,42.725170,-72.636368,medium,300,MA,Leyden,MHC Reconnaissance Survey Town Report: Leyden (1982),,"Report: two possible native period burial sites adjacent to Alexander Road suggest native sites in this area.; [verified] Corrected via Trulia geocode for Alexander Rd, Leyden (~10.6km from prior point).",v7: coordinate verified
"MHC recon: native encampment area, Glen Brook",42.706000,-72.560000,weak,1500,MA,Leyden,MHC Reconnaissance Survey Town Report: Leyden (1982),,Report: Contact-period occupation probably limited to small fishing/hunting encampments along Glen Brook.; [verified] No MA Glen Brook found; Wikipedia disambig lists only PA/NY brooks; margin widened.,v7: coordinate verified
"MHC recon: native encampment/horticultural village site, Beaver Meadow",42.699000,-72.533000,weak,1500,MA,Leyden,MHC Reconnaissance Survey Town Report: Leyden (1982),,Report cites Beaver Meadow among locations that may also have been sites of small horticultural villages.; [verified] HomeTownLocator blocked robots.txt; no coordinate confirmed; margin widened.,v7: coordinate verified
"MHC recon: native encampment/horticultural village site, East Hill",42.693000,-72.525000,weak,1500,MA,Leyden,MHC Reconnaissance Survey Town Report: Leyden (1982),,"Report cites East Hill among locations that may also have been sites of small horticultural villages.; [verified] Searched web; no source pinpoints East Hill, Leyden precisely",v7: coordinate verified
"MHC recon: native encampment/horticultural village site, Frizzell Hill",42.688000,-72.512000,weak,1500,MA,Leyden,MHC Reconnaissance Survey Town Report: Leyden (1982),,Report cites Frizzell Hill among locations that may also have been sites of small horticultural villages.; [verified] Frizzell Hill Rd confirmed in Leyden (Trulia); no hill coordinate found,v7: coordinate verified
MHC recon: unspecified native sites near Fairhaven Bay,42.402000,-71.351000,weak,1500,MA,Lincoln,MHC Reconnaissance Survey Town Report: Lincoln (1980),,Report: several unspecified sites along Sudbury River especially near Fairhaven Bay; placed on Lincoln bank opposite the bay.; [verified] Wikipedia/Mass.gov pages on Fairhaven Bay give no explicit coordinates.,v7: coordinate verified
MHC recon: native site along Elm Brook,42.452833,-71.304306,medium,700,MA,Lincoln,MHC Reconnaissance Survey Town Report: Lincoln (1980),,"Report: unspecified Contact-period sites reported on Elm Brook; placed at Elm Brook/Route 2A crossing.; [verified] USGS gauge Elm Brook at Rte 2A, Lincoln matches existing point exactly",v7: coordinate verified
MHC recon: native sites near Sandy Pond,42.421300,-71.340200,weak,1500,MA,Lincoln,MHC Reconnaissance Survey Town Report: Lincoln (1980),,Report: sites also likely near Sandy Pond (fresh water fishing).; [verified] Trail page had no coordinates; no confirmable source found for Sandy Pond,v7: coordinate verified
MHC recon: native sites near Beaver Pond,42.415520,-71.304850,medium,700,MA,Lincoln,MHC Reconnaissance Survey Town Report: Lincoln (1980),,"Report: sites also likely near Beaver Pond (fresh water fishing).; [verified] Wikipedia Beaver Pond (Lincoln, MA) coords match existing point exactly",v7: coordinate verified
Fort Pond Native Defense Site,42.524000,-71.474000,weak,1500,MA,Littleton,MHC Reconnaissance Survey Town Report: Littleton (1980),,"Report: Fort Pond contained an important native defense site.; [verified] Unfound: Littleton doc confirms Fort Pond in south of town, no coordinates given.",v7: coordinate verified
MHC recon: native sites near Nagog Pond,42.515050,-71.440370,weak,1200,MA,Littleton/Acton,MHC Reconnaissance Survey Town Report: Littleton (1980),,"Report: conjectured trails pass Fort and Nagog Ponds, both noted as native sites.; [verified] Lake-Link map places Nagog Pond at 42.51505,-71.44037, ~1.4km from old point.",v7: coordinate verified
MHC recon: unidentified native site near Raspberry Rock,42.032000,-72.567000,weak,1500,MA,Longmeadow,MHC Reconnaissance Survey Town Report: Longmeadow (1982),,Report: an unidentified native site is situated on the riverfront immediately south of Raspberry Rock.; [verified] Searched; no 'Raspberry Rock' landmark found in Longmeadow sources.,v7: coordinate verified
"MHC recon: native burial ground, southern Longmeadow riverfront",42.035000,-72.570000,weak,1500,MA,Longmeadow,MHC Reconnaissance Survey Town Report: Longmeadow (1982),,"Report: Woodland occupation and a possible associated native burial ground found in southern Longmeadow along the riverfront, 19th c.; [verified] No source found for this site; Hockanum burial ground is in Hadley, not Longmeadow",v7: coordinate verified
Fort Hill Native Fortification and Burial Site,42.635000,-71.296390,medium,300,MA,Lowell,MHC Reconnaissance Survey Town Report: Lowell (1980),,"Report: probable native period sites and burials on/around Fort Hill; native fortification built there after Iroquois raids, 1669.; [verified] Rogers Fort Hill Park Historic District (Wikipedia); 1669 Pawtucket fort site.",v7: coordinate verified
MHC recon: Pawtucket Falls fishing site,42.650625,-71.327339,strong,400,MA,Lowell,MHC Reconnaissance Survey Town Report: Lowell (1980),,"Report: Pawtucket Falls a major regional fishing area attracting large seasonal native populations.; Pawtucket Falls on the Merrimack, Lowell; coordinate corrected in review pass; [verified] Pawtucket Falls coordinates per Wikipedia",v7: coordinate verified
MHC recon: Concord River/Merrimack River confluence fishing site,42.649258,-71.330061,medium,700,MA,Lowell,MHC Reconnaissance Survey Town Report: Lowell (1980),,"Report: confluence of Concord and Merrimack Rivers cited as a major native fishing/settlement area.; [verified] USGS gauge just above Concord River confluence, Lowell, used for site",v7: coordinate verified
Wamesit Praying Town,42.641000,-71.310000,weak,1500,MA,Lowell,MHC Reconnaissance Survey Town Report: Lowell (1980),,"Report: Wamesit Praying Town (1652) near Merrimack Falls, presumed village site in downtown Lowell; boundary ditch remains at Lowell General Hospital.; [verified] Search inconclusive; Wikipedia describes site but gives no coordinates",v7: coordinate verified
MHC recon: Ford Hill native site,42.625000,-71.290000,weak,1500,MA,Lowell,MHC Reconnaissance Survey Town Report: Lowell (1980),,"Report: trail route runs around Ford Hill, named a native site, near Lawrence-Boylston Streets.; [verified] Search only found a Fords Hill in Bovina, NY; no Lowell MA source confirmed.",v7: coordinate verified
Indian Leap (Wallamanumps),42.163000,-72.523000,weak,1500,MA,Ludlow,MHC Reconnaissance Survey Town Report: Ludlow (1982),,"Report: bluff overlooking the Chicopee River at Wallamanumps, reputedly an overnight refuge for a native force led by King Philip; called Indian Leap.; [verified] Indian Leap, Ludlow real landmark; coordinate source blocked (robots.txt).",v7: coordinate verified
Facing Rock,42.201270,-72.456580,medium,800,MA,Ludlow,MHC Reconnaissance Survey Town Report: Ludlow (1982),,"Report: at Facing Rock a small native band is said to have killed an English captive.; [verified] Singletracks.com Facing Rocks trailhead, Bridle Rd, Ludlow MA.",v7: coordinate verified
MHC recon: Chicopee River fishing site near North Street bridge,42.165280,-72.442220,medium,400,MA,Ludlow,MHC Reconnaissance Survey Town Report: Ludlow (1982),,Report: prime fishing location at Chicopee River falls just below the North St. bridge.; [verified] Ludlow Village Historic Dist./Wallamanumps Falls area per Wikipedia,v7: coordinate verified
MHC recon: Middle Woodland occupation site near RCCE/Gun Club,42.145000,-72.505000,weak,1500,MA,Ludlow,MHC Reconnaissance Survey Town Report: Ludlow (1982),,Report: evidence of Middle Woodland occupation encountered in western lowlands southeast of the RCCE and Gun Club.; [verified] Ludlow Fish & Game Club at 200 Sportsmans Rd confirmed; no coordinates found,v7: coordinate verified
"MHC recon: native pond site, Lake Whalom (Unkechewalom)",42.573966,-71.740457,weak,800,MA,Lunenburg,MHC Reconnaissance Survey Town Report: Lunenburg (1984),,"Report: native pond sites likely at Lake Whalom (Unkechewalom).; [verified] HomeTownLocator Lake Whalom, Lunenburg coords; corrected ~2.6km.",v7: coordinate verified
"MHC recon: native pond site, Massapoag Pond",42.555424,-71.718738,weak,800,MA,Lunenburg,MHC Reconnaissance Survey Town Report: Lunenburg (1984),,"Report: native pond sites likely at Massapog/Massapoag Pond.; [verified] HomeTownLocator Massapoag Pond, Lunenburg coords; corrected ~5.1km.",v7: coordinate verified
MHC recon: native trail along Boston Street/Essex Street,42.463000,-70.965000,weak,2000,MA,Lynn,MHC Reconnaissance Survey Town Report: Lynn (1985),,"Report: Plantation-period settlement (1629) made from Salem along native trails of Boston Street and Essex Street.; [verified] Lynn town center ~42.467,-70.950 / 42.471,-70.953 (latitude.to); within margin",v7: coordinate verified
"MHC recon: native trail, Main Street corridor",42.533400,-71.047300,weak,1500,MA,Lynnfield,MHC Reconnaissance Survey Town Report: Lynnfield (1986),,Report: conjectured native trail in the Main Street area linking Wakefield/Reading with Middleton/Ipswich River locale.; [verified] Main St corridor confirmed within Lynnfield township near town center.,v7: coordinate verified
"MHC recon: native trail, Sumner Street-Salem Street corridor",42.510000,-71.040000,weak,1500,MA,Lynnfield,MHC Reconnaissance Survey Town Report: Lynnfield (1986),,"Report: conjectured native trail in the Sumner Street-Salem Street area leading south to Saugus, Lynn and Salem.; [verified] Sumner/Salem St corridor confirmed within Lynnfield, south of center toward Saugus.",v7: coordinate verified
MHC recon: native site locales along Ipswich River,42.545000,-71.045000,weak,1200,MA,Lynnfield,MHC Reconnaissance Survey Town Report: Lynnfield (1986),,"Report: locales along the Ipswich River may have been good Contact-period site locations (fishing sites, shell middens, quarries, burials).; [verified] Wikipedia: Ipswich R. forms North Reading/Lynnfield border, consistent w/ site.",v7: coordinate verified
MHC recon: native site locales along Saugus River,42.520000,-71.055000,weak,1500,MA,Lynnfield,MHC Reconnaissance Survey Town Report: Lynnfield (1986),,Report: locales along the Saugus River may have been good Contact-period site locations.; [verified] USGS gauge page for Saugus River near Lynnfield did not expose coordinates.,v7: coordinate verified
MHC recon: Malden River site cluster,42.412000,-71.068000,weak,1500,MA,Malden,MHC Reconnaissance Survey Town Report: Malden (1980),,Report: settlement sites 'probable along Malden River'; no specifics given.; [verified] USGS/Topozone confirm Malden River course through Malden near this point.,v7: coordinate verified
MHC recon: Bell Rock Park trail loop,42.420280,-71.067780,medium,400,MA,Malden,MHC Reconnaissance Survey Town Report: Malden (1980),,"Primary N/S trail along Main St with a former loop around Bell Rock Park, now Madison St.; [verified] Bell Rock Memorial Park coordinates per Wikipedia",v7: coordinate verified
"MHC recon: Salem Street ford, upper Malden River",42.435000,-71.061000,weak,1500,MA,Malden,MHC Reconnaissance Survey Town Report: Malden (1980),,Primary E/W trail (Salem St) crossed at a ford across the upper Malden River.; [verified] No confirmable coord for the ford itself; nearby Salem St sites differ >300m,v7: coordinate verified
MHC recon: Waites Mount trail node,42.433430,-71.065607,medium,400,MA,Malden,MHC Reconnaissance Survey Town Report: Malden (1980),,"Alternate E/W trail through highlands followed axis around Waites Mount (Cory-Ricker 1939).; [verified] Wikipedia: Waitt's Mountain summit, Malden MA",v7: coordinate verified
"MHC recon: Contact period mound, head of tidewater (Kelham/Fitz mill site)",42.573500,-70.773500,weak,1500,MA,Manchester-by-the-Sea,MHC Reconnaissance Survey Town Report: Manchester-by-the-Sea (1985),,Contact period mound reported at head of tidewater on stream where the Kelham and Fitz mill was built.; [verified] No confirmable source located for Kelham/Fitz mill site,v7: coordinate verified
MHC recon: Manchester Harbor coastal shell midden/village cluster,42.572000,-70.770000,weak,1500,MA,Manchester-by-the-Sea,MHC Reconnaissance Survey Town Report: Manchester-by-the-Sea (1985),,"Settlement section: Woodland/Contact habitation, fishing and shell midden sites probable near harbor coast.; [verified] Wikipedia Manchester-by-the-Sea center (42.578,-70.769) ~0.6km away.",v7: coordinate verified
MHC recon: conjectured trail to Annisquam River (Gloucester),42.585000,-70.785000,weak,2000,MA,Manchester-by-the-Sea,MHC Reconnaissance Survey Town Report: Manchester-by-the-Sea (1985),,Inland trail may have existed linking Manchester to the Annisquam River area in Gloucester.; [verified] Annisquam River (Wikipedia) confirmed in Gloucester near Manchester border,v7: coordinate verified
MHC recon: Franklin/Maple Street trail junction,42.028000,-71.230000,weak,1500,MA,Mansfield,MHC Reconnaissance Survey Town Report: Mansfield (1981),,Likely upland trail fragment follows Maple St from the Franklin/Maple St junction west to Oakland St.; [verified] No specific source found for this trail junction; searched web,v7: coordinate verified
MHC recon: Mansfield Municipal Airport Woodland site,41.996500,-71.195800,medium,500,MA,Mansfield,MHC Reconnaissance Survey Town Report: Mansfield (1981),,"A large Woodland Period native site was situated on the northernmost portion of Mansfield Municipal Airport.; [verified] Airport ctr (Wikipedia, 42.000,-71.197) within margin of existing pt",v7: coordinate verified
MHC recon: campsite north of Norton Reservoir,41.991000,-71.188000,medium,600,MA,Mansfield,MHC Reconnaissance Survey Town Report: Mansfield (1981),,"A small campsite with a Woodland Period component was located a short distance north of Norton Reservoir.; [verified] Corrected: Wikipedia Norton Reservoir 41.98333,-71.18944; site placed north in Mansfield.",v7: coordinate verified
MHC recon: Devereux Beach Contact-period burial,42.490800,-70.856300,medium,300,MA,Marblehead,MHC Reconnaissance Survey Town Report: Marblehead (1985),,"Child's burial with glass beads excavated 1862 in the Devereux Beach area, probable Contact period.; [verified] Apple Maps coord for Devereux Beach (42.4908,-70.8563) matches existing",v7: coordinate verified
MHC recon: Bessom's Pasture Contact-period remains,42.504000,-70.891000,weak,1500,MA,Marblehead,MHC Reconnaissance Survey Town Report: Marblehead (1985),,1874 excavations at Bessom's Pasture near Salem Harbor produced Contact period remains.; [verified] No independent source locating Bessom's Pasture found,v7: coordinate verified
"MHC recon: wigwam remains, Atlantic Avenue smallpox pasture",42.501000,-70.865000,weak,1500,MA,Marblehead,MHC Reconnaissance Survey Town Report: Marblehead (1985),,Small pox pasture and fields off Atlantic Avenue reported to contain remains of native wigwams.; [verified] No source confirming smallpox pasture site off Atlantic Ave,v7: coordinate verified
"MHC recon: Indian stockade, Lower Division Pasture",42.503000,-70.870000,weak,1500,MA,Marblehead,MHC Reconnaissance Survey Town Report: Marblehead (1985),,An Indian stockade was reported in the vicinity of the Lower Division Pasture.; [verified] Searched; no confirmable source for this site name (Marblehead),v7: coordinate verified
MHC recon: site at Wareham Road/Creek Road junction,41.734000,-70.749000,weak,1500,MA,Marion,MHC Reconnaissance Survey Town Report: Marion (1981),,Probable contact/historical site immediately northeast of the Wareham and Creek Rd junction; abandoned planting grounds.; [verified] No confirmable source for this Marion road junction site,v7: coordinate verified
MHC recon: site adjacent to Witch's Rock,41.735500,-70.747500,weak,1500,MA,Marion,MHC Reconnaissance Survey Town Report: Marion (1981),,"Second probable contact/historical period site reported adjacent to Witch's Rock.; [verified] Search found only a Rochester MA Witch Rock ref, not Marion",v7: coordinate verified
MHC recon: Great Hill contact-period lookout,41.688000,-70.743000,weak,1500,MA,Marion,MHC Reconnaissance Survey Town Report: Marion (1981),,Great Hill's coastal location and unobstructed view suggest use during the contact period.; [verified] No confirmable source for Great Hill in Marion MA found,v7: coordinate verified
MHC recon: Planting Island causeway trail node,41.689816,-70.734352,medium,400,MA,Marion,MHC Reconnaissance Survey Town Report: Marion (1981),,"Trail to Sippican Neck and Great Hill followed point roads to the Planting Island causeway at low tide.; [verified] Planting Island location per Sandee/HomeTownLocator, Marion MA",v7: coordinate verified
MHC recon: Sippican Harbor native settlement area,41.699000,-70.760000,weak,1500,MA,Marion,MHC Reconnaissance Survey Town Report: Marion (1981),,"Probable native settlement along Sippican Harbor due to sheltered harbor and planting grounds.; [verified] Marinas.com Sippican Harbor coords (41.693,-70.747) ~1.25km away; within margin.",v7: coordinate verified
MHC recon: Ockoocangansett Hill site (Praying Town),42.354000,-71.554000,weak,1500,MA,Marlborough,MHC Reconnaissance Survey Town Report: Marlborough (1980),,"Unspecified native sites reported on Ockoocanganset Hill, site of the 1654 Indian Praying Town.; [verified] Unfound: history text places it near High School Common/downtown, no coord confirmed.",v7: coordinate verified
MHC recon: Fort Meadow Reservoir site,42.367780,-71.551940,medium,500,MA,Marlborough,MHC Reconnaissance Survey Town Report: Marlborough (1980),,"Unspecified native site reported adjacent to Fort Meadow reservoir.; [verified] Reservoir center per Wikipedia infobox (42.36778,-71.55194)",v7: coordinate verified
MHC recon: Williams Lake/Assabet River terrace sites,42.339000,-71.559000,weak,1200,MA,Marlborough,MHC Reconnaissance Survey Town Report: Marlborough (1980),,"Likely site locations on terraces and knolls overlooking Assabet River and Williams Lake.; [verified] NaturalAtlas: Williams Lake at 42.3394,-71.5683; existing pt ~765m, within margin.",v7: coordinate verified
"MHC recon: Connecticut Path, Williams Lake loop",42.339408,-71.568274,medium,600,MA,Marlborough,MHC Reconnaissance Survey Town Report: Marlborough (1980),,"Connecticut Path (now Boston Post Rd/Rte 20) through Marlborough Center with former loops at Williams Lake.; [verified] Williams Lake per Natural Atlas map data; ~1.5km SW of prior point, Marlborough",v7: coordinate verified
MHC recon: Ferry Street contact-period site,42.140000,-70.740000,weak,1500,MA,Marshfield,MHC Reconnaissance Survey Town Report: Marshfield (1981),,Possible contact site located on both sides of Ferry Street.; [verified] No confirmable source for Ferry Street site in Marshfield,v7: coordinate verified
"MHC recon: Indian Ferry crossing, North River",42.163000,-70.744000,medium,300,MA,Marshfield,MHC Reconnaissance Survey Town Report: Marshfield (1981),,"Reported use of 'Indian Ferry' across North River to Scituate, at the Route 3A bridge site (Hurd 1884).; [verified] Route 3A bridge over North River (NSRWA) within margin of existing",v7: coordinate verified
"MHC recon: King Philip's Bath trail landmark, Black Mountain",42.083000,-70.680000,weak,1500,MA,Marshfield,MHC Reconnaissance Survey Town Report: Marshfield (1981),,Trail connection to Plymouth Bay around Black Mountain preserved as Bay St and King Philip's Bath.; [verified] No source located for Black Mountain/King Philip's Bath Marshfield,v7: coordinate verified
MHC recon: wintering sites north of Marshfield village,42.105000,-70.708000,weak,1200,MA,Marshfield,MHC Reconnaissance Survey Town Report: Marshfield (1981),,"Two possible wintering sites present several thousand feet north of the village of Marshfield.; [verified] Wikipedia: Marshfield CDP center 42.0944,-70.7094; site ~1.2km N, matches desc.",v7: coordinate verified
"MHC recon: native church site, Santuit Pond",41.655417,-70.461389,medium,750,MA,Mashpee,MHC Reconnaissance Survey Town Report: Mashpee (1984),,Native church established 1670 northeast of Santuit Pond.; [verified] Santuit Pond location per USGS gauge stations (avg of two),v7: coordinate verified
MHC recon: Mashpee Plantation/reservation (1660),41.632000,-70.489000,medium,1500,MA,Mashpee,MHC Reconnaissance Survey Town Report: Mashpee (1984),,"Plantation period native villages were consolidated as reservation lands set off in 1660.; [verified] Wikipedia Mashpee town center 41.64833,-70.48167, within old plantation area",v7: coordinate verified
MHC recon: Waquoit Bay/Popponesset Bay native settlement,41.579000,-70.466000,weak,2000,MA,Mashpee,MHC Reconnaissance Survey Town Report: Mashpee (1984),,"Native populations probably existed along the southern shore in the Waquoit Bay and Popponesset Bay areas.; [verified] Waquoit Bay 41.56,-70.53 (Wikipedia); point matches Popponesset Bay side of area",v7: coordinate verified
"MHC recon: Quashnet River corridor trail, north of Johns Pond",41.645000,-70.459000,weak,1500,MA,Mashpee,MHC Reconnaissance Survey Town Report: Mashpee (1984),,"Northeast trail connector conjectured on abandoned way along Quashnet River corridor north of Johns Pond.; [verified] USGS gauge found is south of Johns Pond, not the north-of-pond corridor",v7: coordinate verified
MHC recon: site north of Eel Pond,41.670000,-70.803000,weak,1500,MA,Mattapoisett,MHC Reconnaissance Survey Town Report: Mattapoisett (1981),,"One Woodland site reported north of Eel Pond, near a contact period native site.; [verified] Buzzards Bay NEP page gives no coordinates for Eel Pond",v7: coordinate verified
MHC recon: Hammondtown Cemetery contact burial,41.663830,-70.835150,medium,300,MA,Mattapoisett,MHC Reconnaissance Survey Town Report: Mattapoisett (1981),,"Contact period native burial ground adjacent to Hammondtown cemetery, near an Archaic-Woodland site.; [verified] Hammond Cemetery, Mattapoisett (Find A Grave 41.66383,-70.83515)",v7: coordinate verified
MHC recon: Tinkham Hill native site,41.692422,-70.819403,medium,500,MA,Mattapoisett,MHC Reconnaissance Survey Town Report: Mattapoisett (1981),,"Tinkham Hill and an unidentified native site immediately northwest of the hill, likely Contact period.; [verified] 60 Tinkham Hill Rd transfer station address (RecycleSmartMA)",v7: coordinate verified
MHC recon: Mattapoisett coast shell heap cluster,41.652000,-70.803000,weak,1500,MA,Mattapoisett,MHC Reconnaissance Survey Town Report: Mattapoisett (1981),,"Excellent probability that shell heaps scattered throughout the Mattapoisett coast are Contact period sites.; [verified] Wikipedia Mattapoisett center (41.658,-70.817) ~1.3km away; within margin.",v7: coordinate verified
MHC recon: Summer Hill native site,42.433330,-71.470280,medium,400,MA,Maynard,MHC Reconnaissance Survey Town Report: Maynard (1980),,"Trail system conjectured on Summer-Concord Streets around Summer Hill, identified in report as a native site.; [verified] Wikipedia: Summer Hill high point, Maynard MA",v7: coordinate verified
MHC recon: Assabet River weir locations,42.434000,-71.456000,weak,1200,MA,Maynard,MHC Reconnaissance Survey Town Report: Maynard (1980),,Primarily fishing in the Assabet; several locations where weirs were probably constructed.; [verified] Assabet River runs through Maynard center per USGS/Wikipedia; point matches town closely,v7: coordinate verified
MHC recon: Assabet River falls/confluence terrace sites,42.435000,-71.459000,weak,1000,MA,Maynard,MHC Reconnaissance Survey Town Report: Maynard (1980),,"Sites likely on well-drained terraces and knolls overlooking the Assabet, especially at falls and confluence points.; [verified] Maynard center 42.433,-71.450 (Wikipedia) ~750m away; within margin of falls area.",v7: coordinate verified
MHC recon: Old Marlborough Road trail node,42.431000,-71.449000,medium,600,MA,Maynard,MHC Reconnaissance Survey Town Report: Maynard (1980),,"Trail system follows the Assabet to Concord, conjectured on the east side as Old Marlborough Road.; [verified] Wikipedia confirms road runs through Maynard; no precise coord, point retained",v7: coordinate verified
MHC recon: Mount Nebo trail crossing,42.186000,-71.346000,weak,1500,MA,Medfield,MHC Reconnaissance Survey Town Report: Medfield (1980),,"E/W trail from Dedham-Walpole crossed Charles River near Mt. Nebo (Hillcrest Rd) per route reconstruction; [verified] Topozone page for Mount Nebo, Medfield inaccessible; unconfirmed",v7: coordinate verified
MHC recon: Charles River meadow settlement and weir site,42.187500,-71.363000,weak,1200,MA,Medfield,MHC Reconnaissance Survey Town Report: Medfield (1980),,Report cites dense native settlement on Charles River meadows/terraces with probable surviving fish weir evidence; [verified] Charles River passes through Medfield center per USGS gauge; point consistent with town,v7: coordinate verified
MHC recon: West Medford burial site (19-MD-259),42.426500,-71.122500,medium,400,MA,Medford,MHC Reconnaissance Survey Town Report: Medford (1980),,"Only documented Contact-period site in Medford: a group of burials (19-MD-259) east of the Mystic in West Medford; [verified] Wikipedia confirms West Medford neighborhood extent, MA",v7: coordinate verified
MHC recon: Oak Grove Cemetery planting fields,42.429400,-71.133250,weak,200,MA,Medford,MHC Reconnaissance Survey Town Report: Medford (1980),,"Oak Grove Cemetery, west of Mystic Lakes, reputed to be native planting fields per local tradition; [verified] Find A Grave coordinates for Oak Grove Cemetery, Medford",v7: coordinate verified
MHC recon: Rock Hill site,42.424700,-71.110500,weak,1500,MA,Medford,MHC Reconnaissance Survey Town Report: Medford (1980),,"Rock Hill, between the Mystic River and High Street, cited as a likely Contact-period site location; [verified] Searched; no source names or locates a 'Rock Hill' site in Medford",v7: coordinate verified
"MHC recon: Squaw Sachem's fort, College Hill",42.407500,-71.119000,weak,900,MA,Medford,MHC Reconnaissance Survey Town Report: Medford (1980),,"First Settlement Period section notes Squaw Sachem's fort on College Hill; no precise location given; [verified] Natural Atlas: College Hill at 42.409263,-71.122553, ~350m away",v7: coordinate verified
MHC recon: River Avenue site,42.419000,-71.105000,weak,1500,MA,Medford,MHC Reconnaissance Survey Town Report: Medford (1980),,Area along River Avenue east of the Mystic River cited as a likely Contact-period settlement location; [verified] Searched; no source locates a 'River Avenue' site in Medford,v7: coordinate verified
MHC recon: Chicken Brook site cluster,42.152000,-71.398000,weak,1200,MA,Medway,MHC Reconnaissance Survey Town Report: Medway (1980),,"Several unspecified Contact-period sites reported along Chicken Brook, near ford at Indian Stepping Stones; [verified] Chicken Brook (USGS-gauged near W. Medway) nears Charles River in this reach of Medway",v7: coordinate verified
MHC recon: Charles River terrace settlement,42.144000,-71.422000,weak,1500,MA,Medway,MHC Reconnaissance Survey Town Report: Medway (1980),,Potential sites on well-drained terraces/knolls overlooking the Charles River at confluence points in Medway; [verified] Medway Village Hist. Dist. on Charles R. ~2.1km off; specific confluence unconfirmed.,v7: coordinate verified
MHC recon: Ell Pond site cluster,42.460000,-71.067000,weak,700,MA,Melrose,MHC Reconnaissance Survey Town Report: Melrose (1981),,"Suspected native sites and possible period occupation reported around Ell Pond, Melrose; [verified] Wikipedia Ell Pond (42.4607,-71.0645) within margin",v7: coordinate verified
MHC recon: Mount Hood quarry and workshop site,42.451009,-71.037800,medium,500,MA,Melrose,MHC Reconnaissance Survey Town Report: Melrose (1981),,Important lithic quarry and workshop sites reported in the Mount Hood Memorial Park area; [verified] Mount Hood Golf Club/Park coords (Living New Deal),v7: coordinate verified
MHC recon: Swains Pond site,42.446972,-71.046111,weak,200,MA,Melrose,MHC Reconnaissance Survey Town Report: Melrose (1981),,"Possible Contact-period site around Swains Pond, part of trail/quarry corridor near Mt. Hood; [verified] Fishbrain coordinates for Swains Pond, Melrose",v7: coordinate verified
MHC recon: Nipmuck Pond site cluster,42.096361,-71.569222,weak,900,MA,Mendon,MHC Reconnaissance Survey Town Report: Mendon (1984),,"Possible native sites east and northeast of Nipmuck Pond; pond also on conjectured trail loop; [verified] Fishbrain: Nipmuck Pond (Mendon/Uxbridge line) at 42.096361,-71.569222",v7: coordinate verified
MHC recon: Wigwam Hill site,42.075000,-71.578000,weak,1500,MA,Mendon,MHC Reconnaissance Survey Town Report: Mendon (1984),,"Wigwam Hill in southwest Mendon cited as an area of native settlement/use along with Nipmuck Pond; [verified] HomeTownLocator's 'Wigwam Hill' record found is in Wilbraham (Hampden Co.), not Mendon",v7: coordinate verified
"MHC recon: Merrimack River native fields, Merrimac",42.838000,-71.006000,weak,2000,MA,Merrimac,MHC Reconnaissance Survey Town Report: Merrimac (1987),,"Native fields/camps likely located along the Merrimack River in Merrimac; no specific sites yet located; [verified] Merrimac town center 42.831,-71.003 (Wikipedia), on Merrimack River north bank",v7: coordinate verified
Old Will's Planting Ground,42.726000,-71.185000,medium,700,MA,Methuen,MHC Reconnaissance Survey Town Report: Methuen (1986),,1662 General Court record of Old Will's planting ground on the east side of the Spicket River; [verified] USGS Spicket River at Methuen gauge coords confirm existing point,v7: coordinate verified
MHC recon: Nemasket River fish weirs,41.893000,-70.918000,weak,1200,MA,Middleborough,MHC Reconnaissance Survey Town Report: Middleborough (1981),,Report states two native fish weirs were situated on the Nemasket River; [verified] Nemasket River flows through Middleborough center per Wikipedia/USGS; point matches closely,v7: coordinate verified
MHC recon: Nemasket River planting grounds,41.896000,-70.915000,weak,1200,MA,Middleborough,MHC Reconnaissance Survey Town Report: Middleborough (1981),,"Native planting grounds located on land bordering the Nemasket River; [verified] Point lies along Nemasket River course through Middleborough, consistent with river corridor",v7: coordinate verified
MHC recon: Middleborough center burial,41.892900,-70.913900,weak,600,MA,Middleborough,MHC Reconnaissance Survey Town Report: Middleborough (1981),,Contact or Historic Period burial exposed in Middleborough center; [verified] Within Middleborough Center Historic District vicinity (Wikipedia),v7: coordinate verified
MHC recon: Glendale Falls fishing site,42.350169,-72.966913,weak,200,MA,Middlefield,MHC Reconnaissance Survey Town Report: Middlefield (1982),,"Fishing sites may have been established at Glendale Falls on the Middle Branch of Westfield River; [verified] HomeTownLocator/GNIS coordinates for Glendale Falls, Middlefield",v7: coordinate verified
MHC recon: Factory Brook fishing site,42.342865,-73.033157,medium,800,MA,Middlefield,MHC Reconnaissance Survey Town Report: Middlefield (1982),,"Fishing sites suggested along the middle portion of Factory Brook, Middlefield; [verified] USGS gauge Factory Brook near Middlefield, MA",v7: coordinate verified
MHC recon: West Hill hunting camp,42.342449,-73.041163,weak,1000,MA,Middlefield,MHC Reconnaissance Survey Town Report: Middlefield (1982),,"Upland hunting camps most apt to be located on West Hill, Middlefield; [verified] Redfin geocode for West Hill Rd, Middlefield: 42.342449,-73.041163",v7: coordinate verified
MHC recon: northwestern Middlefield artifact findspot,42.396000,-72.985000,weak,1500,MA,Middlefield,MHC Reconnaissance Survey Town Report: Middlefield (1982),,"Undated native artifacts reported from northwestern Middlefield, cited as additional site potential; [verified] No specific findspot located; only general Middlefield MA results (Wikipedia)",v7: coordinate verified
MHC recon: Middleton Pond Indian Plantation (1639),42.591500,-71.024500,medium,700,MA,Middleton,MHC Reconnaissance Survey Town Report: Middleton (1986),,"1639 Bellingham grant notes an Indian Plantation, probably a village, in the Middleton Pond area; [verified] USGS site ID 423536071011501 decodes to 42.5933,-71.0208, near existing",v7: coordinate verified
MHC recon: Middleton Pond native site cluster,42.590000,-71.026500,weak,1500,MA,Middleton,MHC Reconnaissance Survey Town Report: Middleton (1986),,At least two native sites noted on the shores of Middleton Pond during the Plantation period; [verified] HomeTownLocator page blocked by robots.txt; unconfirmed,v7: coordinate verified
MHC recon: Liberty-Maple Streets trail crossing,42.598700,-71.021700,weak,1500,MA,Middleton,MHC Reconnaissance Survey Town Report: Middleton (1986),,"Major trail reported crossing riverine areas near Liberty and Maple Streets, Middleton; [verified] Coldwell Banker listing confirms Liberty St, Middleton; no coordinates found",v7: coordinate verified
MHC recon: possible native sites west of Cedar Swamp Pond,42.164167,-71.507778,weak,800,MA,Milford,MHC Reconnaissance Survey Town Report: Milford (1983),,"Historic overview: 'Possible native sites west of Cedar Swamp Pond' along the Charles River valley trail corridor.; [verified] USGS gauge above Cedar Swamp Pond, Milford coords; corrected ~3.1km.",v7: coordinate verified
MHC recon: trail ford south of Cedar Swamp Pond (Holliston Trail),42.132000,-71.503000,weak,1500,MA,Milford,MHC Reconnaissance Survey Town Report: Milford (1983),,Contact Period: conjectured Holliston Trail extension south of Rocky Hill 'with ford south of Cedar Swamp Pond.'; [verified] HomeTownLocator (Cedar Swamp Pond) blocked by robots.txt; unconfirmed,v7: coordinate verified
MHC recon: trail branch to North Pond (Hickleberry Brook),42.175000,-71.524000,weak,1500,MA,Milford,MHC Reconnaissance Survey Town Report: Milford (1983),,"Contact Period: 'Inferred branch north to North Pond along Hickleberry Brook tributary (Purchase Street-Camp Street).'; [verified] No source confirms North Pond/Hickleberry Brook site in Milford, MA",v7: coordinate verified
MHC recon: Singletary/Ramshorn Pond quarry and rock shelter area,42.148000,-71.751000,weak,1200,MA,Millbury,MHC Reconnaissance Survey Town Report: Millbury (1984),,Report: area 'particularly rich in quarry sites and rock shelters' near Singletary/Ramshorn ponds; trail led there via Singletary Brook.; [verified] Lake Singletary/Ramshorn Pond area confirmed near Millbury/Sutton line,v7: coordinate verified
MHC recon: Dorothy Pond site cluster,42.213444,-71.749250,weak,900,MA,Millbury,MHC Reconnaissance Survey Town Report: Millbury (1984),,"Report: Dorothy Pond 'can be expected to yield sites, and several have'; trail followed Dorothy Brook-Meadow Brook past the pond.; [verified] Fishbrain: Dorothy Pond, Millbury at 42.213444,-71.749250",v7: coordinate verified
MHC recon: Charles River trail crossing at Prospect Hill (Millis Center),42.169000,-71.353000,weak,1500,MA,Millis,MHC Reconnaissance Survey Town Report: Millis (1980),,"Contact Period: 'important junction of routes across Charles River'; trail from Sherborn via Ridge St to Prospect Hill (Millis Center).; [verified] Wikipedia Prospect Hill Cemetery, Millis (42.166,-71.368) ~1.25km away.",v7: coordinate verified
MHC recon: Blackstone River trail (Lincoln Street/Albee Street corridor),42.021000,-71.561000,weak,1500,MA,Millville,MHC Reconnaissance Survey Town Report: Millville (1983),,"Contact Period: 'conjectured trail north of river on Lincoln Street, Albee Street', north side of Blackstone Valley.; [verified] Albee Rd/Lincoln St confirmed in Millville MA (Redfin); point matches town area.",v7: coordinate verified
MHC recon: Unquitynessit Falls fishing site & ford (Lower Mills),42.271110,-71.068890,medium,400,MA,Milton,MHC Reconnaissance Survey Town Report: Milton (1981),,Contact Period: documented ford at Lower Mills (Adams St); historic overview notes 'important native fishing site at Unquitynessit Falls (Lower Mills).'; [verified] Wikipedia: Dorchester-Milton Lower Mills Industrial District,v7: coordinate verified
MHC recon: Mattapan ford (Blue Hill Avenue),42.267580,-71.092420,medium,400,MA,Milton,MHC Reconnaissance Survey Town Report: Milton (1981),,"Contact Period: documented ford site at 'Mattapan (Blue Hill Ave)' crossing the Neponset River.; [verified] Wikipedia: Mattapan station, at Neponset River/Blue Hill Ave",v7: coordinate verified
MHC recon: Pauls Bridge ford,42.234440,-71.122500,medium,400,MA,Milton,MHC Reconnaissance Survey Town Report: Milton (1981),,"Contact Period: documented ford site at 'Pauls Bridge (Neponset Valley Pkwy).'; [verified] Wikipedia: Paul's Bridge, Neponset River, Milton MA",v7: coordinate verified
"MHC recon: Neponset settlement area, Milton Hill",42.253000,-71.056000,weak,1500,MA,Milton,MHC Reconnaissance Survey Town Report: Milton (1981),,Historic overview: 'reported settlement area of Neponset tribe on Milton Hill'; Woodland sites reported along Neponset near Milton Hill.; [verified] Wikipedia notes Milton Hill area but gives no coordinates; nothing confirmed,v7: coordinate verified
MHC recon: Woodland component site near Wollaston golf course,42.246000,-71.052000,weak,1500,MA,Milton,MHC Reconnaissance Survey Town Report: Milton (1981),,Settlement Pattern: 'sites with Woodland components reported along Neponset River especially in vicinity of ... the Wollaston golf course.'; [verified] GolfLink page returned 403 error; unconfirmed,v7: coordinate verified
MHC recon: fishing camp along Dunbar Brook,42.710000,-72.955000,weak,1500,MA,Monroe,MHC Reconnaissance Survey Town Report: Monroe (1982),,"Contact Period: 'Additional fishing sites may have been established along the Deerfield's local tributaries, particularly Dunbar Brook.'; [verified] Dunbar Brook per Mapcarta ~42.7073,-72.9509; within margin of existing point.",v7: coordinate verified
MHC recon: burial near Chicopee River/Chicopee Brook junction (northern Monson),42.123428,-72.307303,medium,800,MA,Monson,MHC Reconnaissance Survey Town Report: Monson (1982),,"Plantation Period: 'Plantation or Colonial Period burial located in northern Monson near the junction of the Chicopee River and Chicopee Brook.'; [verified] Corrected via USGS gauge, Chicopee Brook at North Monson, MA",v7: coordinate verified
MHC recon: native site on Chicopee River terrace,42.080000,-72.328000,weak,1500,MA,Monson,MHC Reconnaissance Survey Town Report: Monson (1982),,Settlement Pattern: 'One unidentified native site was situated on a river terrace adjacent to the Chicopee River.'; [verified] Chicopee Brook (USGS gauges) confirmed near S. Monson; point consistent with area.,v7: coordinate verified
Carroheagan (Montague City),42.587357,-72.574898,medium,600,MA,Montague,MHC Reconnaissance Survey Town Report: Montague (1982),,Report: Pocumtuck village 'Carroheagan (Montague City)' destroyed in Mohawk attack c.1664; occupied by allied forces during King Philip's War.; [verified] Montague City coordinates per Mapcarta,v7: coordinate verified
MHC recon: native burials north of Lake Pleasant,42.590000,-72.527000,weak,1500,MA,Montague,MHC Reconnaissance Survey Town Report: Montague (1982),,Settlement Pattern: 'Several undated native burials were unearthed north of Lake Pleasant.'; [verified] HomeTownLocator confirms Lake Pleasant village; no explicit coordinates given,v7: coordinate verified
MHC recon: Woodland occupation near Harvey Hill/Sawmill River,42.550000,-72.540000,weak,1500,MA,Montague,MHC Reconnaissance Survey Town Report: Montague (1982),,Settlement Pattern: 'Additional evidence of Woodland period occupation occurred ... vicinity of the western base of Harvey Hill and north of Sawmill River.'; [verified] No source pinpoints Harvey Hill/Sawmill River site in Montague,v7: coordinate verified
MHC recon: planting fields near mouth of Cranberry Brook,42.615000,-72.545000,weak,1500,MA,Montague,MHC Reconnaissance Survey Town Report: Montague (1982),,Subsistence Patterns: native planting fields on floodplain 'between the mouth of Cranberry Brook and the Boston and Maine Railroad crossing over the Connecticut River.'; [verified] No source confirms Cranberry Brook mouth site in Montague,v7: coordinate verified
Millers Falls fishing site,42.579154,-72.493414,strong,700,MA,Montague,MHC Reconnaissance Survey Town Report: Montague (1982),,"Subsistence Patterns: Millers Falls was a regionally important native fishing site during spring spawning runs.; [verified] Wikipedia: Millers Falls, MA village coords (42.579154,-72.493414)",v7: coordinate verified
MHC recon: native fishing site at Roaring Brook falls (Westfield River confluence),42.145000,-72.775000,weak,1800,MA,Montgomery,MHC Reconnaissance Survey Town Report: Montgomery (1982),,Subsistence Patterns: 'Falls adjacent to Roaring [Brook's] confluence with the Westfield were probably a focal point to total native fishing.'; [verified] Wikipedia Westfield River article has no mention of a Roaring Brook near Montgomery,v7: coordinate verified
MHC recon: Archaic/native artifact find along Main Road,42.128000,-72.754000,weak,1500,MA,Montgomery,MHC Reconnaissance Survey Town Report: Montgomery (1982),,Settlement Patterns: 'the recovery of some Archaic period and unspecified native artifacts along Main Road.'; [verified] Main Road confirmed in Montgomery MA 01085 (Ownerly); matches town center.,v7: coordinate verified
"Miacomet (native village, meetinghouse & burial ground)",41.259700,-70.104200,medium,500,MA,Nantucket,MHC Reconnaissance Survey Town Report: Nantucket (1984),,"Native meetinghouse (1732) and burial ground near Miacomet, in use through the 1763 plague.; [verified] Find A Grave: Miacomet Indian Burial Ground 41.26194,-70.09996",v7: coordinate verified
Oggawam (Siasconset native village),41.262500,-69.966110,medium,500,MA,Nantucket,MHC Reconnaissance Survey Town Report: Nantucket (1984),,"Report locates the native village of Oggawam at Siasconset, on the SE end of the island.; [verified] Siasconset village center per Wikipedia infobox",v7: coordinate verified
"Occawa (native meetinghouse, Polpis)",41.301600,-70.033500,weak,1500,MA,Nantucket,MHC Reconnaissance Survey Town Report: Nantucket (1984),,"One of four native meetinghouses (through ca. 1750), sited near Polpis/Gibbs's Swamp.; [verified] Searched; Wikipedia gives only Polpis village center, no meetinghouse source",v7: coordinate verified
MHC recon: Dionis contact-period point find,41.294000,-70.153600,weak,600,MA,Nantucket,MHC Reconnaissance Survey Town Report: Nantucket (1984),,"Sheet copper/brass projectile point found near Dionis, possible Contact period indicator.; [verified] Corrected to Dionis Beach coords per worldbeachguide.com geo metadata",v7: coordinate verified
MHC recon: Surfside contact-period point find,41.251300,-70.082600,weak,1500,MA,Nantucket,MHC Reconnaissance Survey Town Report: Nantucket (1984),,"Sheet copper/brass projectile point found near Surfside, possible Contact period indicator.; [verified] Searched; no confirmable coordinate found for Surfside Beach",v7: coordinate verified
MHC recon: Nobadeer contact-period point find,41.243200,-70.059500,weak,600,MA,Nantucket,MHC Reconnaissance Survey Town Report: Nantucket (1984),,"Sheet copper/brass projectile point found near Nobadeer, possible Contact period indicator.; [verified] Corrected to Nobadeer Beach coords per worldbeachguide.com geo metadata",v7: coordinate verified
South Natick Praying Indian Town,42.269000,-71.348000,strong,400,MA,Natick,MHC Reconnaissance Survey Town Report: Natick (1980),,"Eliot's 1650 Praying Town, the first and largest, established at South Natick on the Charles River.; [verified] South Natick village (Eliot Church/Dam area), consistent with existing coord",v7: coordinate verified
MHC recon: Lake Cochituate neck ford/trail,42.290280,-71.366940,medium,750,MA,Natick,MHC Reconnaissance Survey Town Report: Natick (1980),,Native trail (Bacon/Hartford Sts) reportedly crossed at a ford at the neck of Lake Cochituate.; [verified] Lake Cochituate USGS gauge coords used as lake-neck proxy,v7: coordinate verified
MHC recon: Union-Marion St cross trail (South Natick),42.271000,-71.354000,weak,1500,MA,Natick,MHC Reconnaissance Survey Town Report: Natick (1980),,Conjectured native cross-trail from the Charles River at South Natick toward Lake Cochituate.; [verified] No confirmable trail location; search returned only general Natick results,v7: coordinate verified
MHC recon: High Rock native site,42.275000,-71.213000,medium,600,MA,Needham,MHC Reconnaissance Survey Town Report: Needham (1980),,"Report names High Rock (near High Rock St) as a known native site on the path to the Charles marshes.; [verified] High Rock St listings confirm street in Needham; wiki High Rock is in Lynn, unrelated",v7: coordinate verified
MHC recon: Powells Island sensitive area,42.293000,-71.242000,weak,1500,MA,Needham,MHC Reconnaissance Survey Town Report: Needham (1980),,Powells Island on the Charles River flagged as a sensitive native site area.; [verified] Trustees.org Charles River Peninsula page omits Powells Island coordinates,v7: coordinate verified
MHC recon: Charles River fish weirs (Needham),42.280000,-71.250000,weak,1500,MA,Needham,MHC Reconnaissance Survey Town Report: Needham (1980),,"Fishing weirs and scattered native artifacts reported in the Charles River (Clarke 1912).; [verified] Charles River confirmed along Needham (Charles River Peninsula, Cutler Park, Wikipedia).",v7: coordinate verified
MHC recon: Acushnet River west-bank burials,41.655000,-70.918000,weak,1500,MA,New Bedford,MHC Reconnaissance Survey Town Report: New Bedford (1981),,"Native burials, at least one Contact/Historic period, on the shore of the Acushnet River (Ricketson 1858).; [verified] Searched; Wikipedia/USGS give town/river only, no specific burial site source",v7: coordinate verified
MHC recon: Sassaquin Pond site area,41.683000,-70.943000,weak,1500,MA,New Bedford,MHC Reconnaissance Survey Town Report: New Bedford (1981),,"Interior movement to the Sassaquin Pond area cited as likely site of remaining Contact-period settlement.; [verified] Search inconclusive; topozone fetch blocked (403), no coord confirmed",v7: coordinate verified
MHC recon: Fish Island (Saconnet captives holding area),41.638778,-70.919389,medium,400,MA,New Bedford,MHC Reconnaissance Survey Town Report: New Bedford (1981),,"Fish Island reputedly used to hold Saconnet Indians captured by Benjamin Church in King Philip's War.; [verified] Wikipedia: Fish Island, New Bedford MA",v7: coordinate verified
MHC recon: Purchase Street native huts,41.636000,-70.928000,weak,600,MA,New Bedford,MHC Reconnaissance Survey Town Report: New Bedford (1981),,"Natives reported living in huts near Purchase Street.; [verified] Matches Central New Bedford Historic District center (Wikipedia), ~120m",v7: coordinate verified
MHC recon: Prospect Hill native burial ground,41.641000,-70.933000,weak,1500,MA,New Bedford,MHC Reconnaissance Survey Town Report: New Bedford (1981),,Native burial ground in use before and after the Revolution located on Prospect Hill.; [verified] No source found for Prospect Hill in New Bedford MA,v7: coordinate verified
MHC recon: Clark's Neck planting grounds,41.612000,-70.905000,weak,1500,MA,New Bedford,MHC Reconnaissance Survey Town Report: New Bedford (1981),,Potential native planting grounds cited along Clark's Neck and the Acushnet River shore.; [verified] Search found no specific Clark's Neck coordinate source; unconfirmed.,v7: coordinate verified
MHC recon: Winimusset Brook/Ware River confluence sites,42.315000,-72.155000,weak,1500,MA,New Braintree,MHC Reconnaissance Survey Town Report: New Braintree (1984),,Significant native sites reported on floodplain terraces near the Ware River/Winimusset Brook confluence.; [verified] Winimusset WMA (mass.gov) confirms brook; no confluence coordinates given,v7: coordinate verified
MHC recon: Winimusset Brook King Philip's War battle site,42.320000,-72.148000,weak,1500,MA,New Braintree,MHC Reconnaissance Survey Town Report: New Braintree (1984),,"Site of a major native/European battle (1675, King Philip's War) on Winimusset Brook.; [verified] Mass.gov confirms Winimusset WMA in New Braintree; TopoZone page blocked (403); no coords.",v7: coordinate verified
MHC recon: Barre cutoff multicomponent sites,42.322000,-72.145000,weak,1500,MA,New Braintree,MHC Reconnaissance Survey Town Report: New Braintree (1984),,"Multicomponent (through Woodland) sites on knolls east of Winimusset Brook near the Barre cutoff.; [verified] Barre Cutoff Rd confirmed real road, New Braintree; no site coordinates found",v7: coordinate verified
Bear's Den (King Philip's War meeting site),42.540300,-72.325900,medium,750,MA,New Salem,MHC Reconnaissance Survey Town Report: New Salem (1982),,"Report identifies Bear's Den as a native camp where King Philip met with area native leaders.; [verified] Trustees of Reservations: 18 Neilson Rd, New Salem (approx)",v7: coordinate verified
MHC recon: Prescott Peninsula site pair,42.462590,-72.353700,weak,2000,MA,New Salem,MHC Reconnaissance Survey Town Report: New Salem (1982),,"Two undated native sites exposed in the former Swift River Valley east of Prescott Peninsula.; [verified] Prescott Peninsula per Mapcarta 42.4626,-72.3537; prior point ~7.8km off.",v7: coordinate verified
MHC recon: Spectacle Ponds/Bassett Pond site cluster,42.520890,-72.269250,weak,1500,MA,New Salem,MHC Reconnaissance Survey Town Report: New Salem (1982),,"Settlement potential cited near North/South Spectacle Ponds, Bassett Pond and Blackington Swamp.; [verified] North Spectacle Pond per Mapcarta 42.5209,-72.2693, anchor for cluster; prior point far off.",v7: coordinate verified
MHC recon: Indian & Artichoke Rivers mouth site,42.809000,-70.917000,weak,1500,MA,Newbury,MHC Reconnaissance Survey Town Report: Newbury (1985),,"Mouth of the Indian and Artichoke Rivers at the Merrimack cited as a likely native site location.; [verified] Search inconclusive; Wikipedia gives river's general point, not the mouth",v7: coordinate verified
MHC recon: Merrimack River shell middens/burials (Newbury),42.807000,-70.900000,weak,1500,MA,Newbury,MHC Reconnaissance Survey Town Report: Newbury (1985),,Shell middens and burials probably present along the Merrimack River in Newbury.; [verified] Merrimack River forms Newbury's north border (Wikipedia); point on river corridor.,v7: coordinate verified
MHC recon: Plum Island coastal trail (Newbury),42.767000,-70.812000,weak,1500,MA,Newbury,MHC Reconnaissance Survey Town Report: Newbury (1985),,A coastal native trail is inferred along Plum Island.; [verified] Plum Island spans Newburyport/Newbury/Rowley/Ipswich; point within Newbury's segment.,v7: coordinate verified
Market Street burial (Newburyport),42.811110,-70.870280,medium,300,MA,Newburyport,MHC Reconnaissance Survey Town Report: Newburyport (1985),,"1822 burial found in the Market Street area with a tomahawk, pipe and whetstones.; [verified] Market Square Historic District, Newburyport (Wikipedia)",v7: coordinate verified
MHC recon: Frog Pond site potential,42.809000,-70.879800,weak,400,MA,Newburyport,MHC Reconnaissance Survey Town Report: Newburyport (1985),,"Report cites the periphery of Frog Pond as a possible Contact period site location.; [verified] Fishbrain coordinates (42.8081,-70.8748) for Frog Pond consistent with existing within margin.",v7: coordinate verified
MHC recon: Merrimack/Plum Island Sound confluence,42.815000,-70.819000,weak,1500,MA,Newburyport,MHC Reconnaissance Survey Town Report: Newburyport (1985),,Possible sizeable Contact period village near the confluence of the Merrimack River and Plum Island Sound.; [verified] Matches Newburyport Harbor Light area at Merrimack mouth/Plum Island Sound.,v7: coordinate verified
MHC recon: Boyd Park burial,42.337435,-71.211045,medium,300,MA,Newton,MHC Reconnaissance Survey Town Report: Newton (1981),,"19th-century burial with European trade goods found in the Boyd Park area.; [verified] Boyd Park, 20 Jackson Rd, Nonantum/Newton (City of Newton site)",v7: coordinate verified
MHC recon: Parker St/Route 9 rockshelter,42.328000,-71.198000,weak,1500,MA,Newton,MHC Reconnaissance Survey Town Report: Newton (1981),,Rockshelter with possible period artifacts located NE of Parker Street and Route 9.; [verified] No source found for Parker St/Route 9 rockshelter Newton,v7: coordinate verified
Eliot's Nonantum (Strongs Pond),42.347000,-71.232000,weak,1500,MA,Newton,MHC Reconnaissance Survey Town Report: Newton (1981),,"Reputed site of Eliot's proto-Praying Town of Nonantum, west of Strongs Pond.; [verified] Search found no source confirming Strongs Pond location; coordinate unverified.",v7: coordinate verified
"MHC recon: Charles River eel weir, Upper Falls",42.301000,-71.207000,medium,300,MA,Newton,MHC Reconnaissance Survey Town Report: Newton (1981),,"Eel weir reported in the Charles River near Newton Upper Falls.; [verified] Near Echo Bridge/Hemlock Gorge falls, Newton Upper Falls (Wikipedia)",v7: coordinate verified
MHC recon: Watertown Square fish weir,42.363000,-71.184000,medium,200,MA,Newton/Watertown,MHC Reconnaissance Survey Town Report: Newton (1981),,"Fish weir on the Charles River at Watertown Square, on the Newton town line.; [verified] Wikipedia pins Watertown Square 42.3652,-71.1844; weir moved south of square per basis.",v7: coordinate verified
MHC recon: Nonantum-Waban Hill native settlement,42.356500,-71.203300,medium,700,MA,Newton,MHC Reconnaissance Survey Town Report: Newton (1981),,"Native population remained intact through the mid-17th century around Nonantum-Waban Hill.; [verified] Wikipedia Nonantum coords (42.3625,-71.2022) within stated margin",v7: coordinate verified
MHC recon: Philips Pond trail loop,42.129000,-71.343000,weak,1500,MA,Norfolk,MHC Reconnaissance Survey Town Report: Norfolk (1980),,"Conjectured native trail loop around Philips Pond, branching via present Holbrook Street.; [verified] HookAndBullet page blocked by robots.txt; unconfirmed",v7: coordinate verified
MHC recon: Pondville trail (Everett St),42.085122,-71.295050,weak,1000,MA,Norfolk,MHC Reconnaissance Survey Town Report: Norfolk (1980),,"Conjectured N/S native trail through Pondville along the axis of Everett Street.; [verified] Corrected to Pondville Cemetery on Everett St, Norfolk (Wikipedia): 42.085122,-71.295050.",v7: coordinate verified
MHC recon: Abbott Run village site,41.957000,-71.320000,weak,1800,MA,North Attleborough/Attleboro,MHC Reconnaissance Survey Town Report: North Attleborough/Attleboro (1981),,Substantial village reported at junction of Abbott Run and the North Attleborough town line; [verified] Wikipedia confirms Abbott Run flows through North Attleborough near Adamsdale,v7: coordinate verified
MHC recon: Tenmile River sites (south boundary),41.958000,-71.299000,weak,1000,MA,North Attleborough,MHC Reconnaissance Survey Town Report: North Attleborough (1981),,Two unidentified sites near E side of Tenmile River just N of the town's southern boundary; [verified] Ten Mile River runs S through town per Wikipedia course data; point consistent with river.,v7: coordinate verified
MHC recon: West Street/Kelly Boulevard upland site,41.960000,-71.310000,weak,1600,MA,North Attleborough,MHC Reconnaissance Survey Town Report: North Attleborough (1981),,Small upland site approx 1/2 mi W of the West Street and Kelly Boulevard intersection; [verified] Could not confirm exact West St/Kelley Blvd junction; a Kelley Blvd address found was ~5km off.,v7: coordinate verified
MHC recon: Mt. Hope Street felsite quarry,41.951000,-71.312000,medium,600,MA,North Attleborough,MHC Reconnaissance Survey Town Report: North Attleborough (1981),,"Possible native quarrying in red felsite outcrops along Mt. Hope St between Smith and Fisher Sts; [verified] Mount Hope St confirmed real street, North Attleborough; quarry spot unconfirmed",v7: coordinate verified
MHC recon: Lake Lashaway site potential,42.276000,-72.106000,weak,1500,MA,North Brookfield,MHC Reconnaissance Survey Town Report: North Brookfield (1984),,"Report flags shores of Lake Lashaway (with Horse, Doane, Brooks ponds) as predictable native site locations; [verified] HomeTownLocator page blocked by robots.txt; no coordinate obtained",v7: coordinate verified
MHC recon: Ipswich River/Martin's Brook site cluster,42.571389,-71.101389,medium,1200,MA,North Reading,MHC Reconnaissance Survey Town Report: North Reading (1981),,"Several native sites reported along Ipswich River and Martin's Brook; little info available; [verified] USGS gauge 01101400, Martins Brook near North Reading, MA",v7: coordinate verified
MHC recon: Ipswich River ford at Park Street,42.578000,-71.068000,weak,1500,MA,North Reading,MHC Reconnaissance Survey Town Report: North Reading (1981),,Conjectured Native ford crossing of the Ipswich River at Park Street on E/W trail through town center; [verified] Searched; found Ipswich River Park (Central St) but no confirmed coord for the Park St ford itself.,v7: coordinate verified
MHC recon: Ipswich River ford near West Village,42.595000,-71.055000,weak,1500,MA,North Reading,MHC Reconnaissance Survey Town Report: North Reading (1981),,Probable ford site across the Ipswich River at West Village on N/S trail from Reading; [verified] Search found no specific West Village ford coordinate source; unconfirmed.,v7: coordinate verified
Fort Hill (Nonotuck fortified village),42.312000,-72.630000,strong,400,MA,Northampton,MHC Reconnaissance Survey Town Report: Northampton (1982),,"Fortified Nonotuck village reported above river meadows at Fort Hill/Fort Plain; palisaded village by 1664; [verified] Fort Hill Historic District 42.31194,-72.63361 per Wikipedia, within margin",v7: coordinate verified
MHC recon: Mill River valley site cluster,42.318000,-72.628000,weak,1500,MA,Northampton,MHC Reconnaissance Survey Town Report: Northampton (1982),,Report notes suspected native sites along the Mill River valley; [verified] Wikipedia Mill River (Northampton) page has no site coordinates,v7: coordinate verified
MHC recon: Connecticut River floodplain Woodland sites,42.315000,-72.633000,weak,1500,MA,Northampton,MHC Reconnaissance Survey Town Report: Northampton (1982),,"Two Woodland period sites on the floodplain immediately W of the Connecticut River, near Round Hill; [verified] Searched (Round Hill, Northampton); fetch returned wrong CT page, no coord",v7: coordinate verified
MHC recon: Round Hill settlement extent,42.323000,-72.647000,weak,1500,MA,Northampton,MHC Reconnaissance Survey Town Report: Northampton (1982),,"Heavy native (Nonotuck) settlement probably extended west to Round Hill; floodplain E of it flagged sensitive; [verified] Round Hill Historic District result was for Greenwich CT, not Northampton; unconfirmed.",v7: coordinate verified
MHC recon: Little Chauncy Pond site potential,42.306167,-71.617556,weak,700,MA,Northborough,MHC Reconnaissance Survey Town Report: Northborough (1983),,"Possible native sites/seasonal fishing at Little Chauncy Pond and its tributaries; [verified] Fishbrain: Little Chauncy Lake at 42.3062,-71.6176; placeholder point was ~1.7km off.",v7: coordinate verified
MHC recon: Old Connecticut Path at Rocky Hill,42.313000,-71.638000,weak,1500,MA,Northborough,MHC Reconnaissance Survey Town Report: Northborough (1983),,"Conjectured old Connecticut Path (native trail) in SE of town by Rocky Hill near Lyman Street; [verified] Wikipedia's Rocky Hill Historic District is in NJ, not Northborough MA",v7: coordinate verified
MHC recon: Mumford Falls site,42.117000,-71.663000,medium,500,MA,Northbridge,MHC Reconnaissance Survey Town Report: Northbridge (1984),,Possible native site at Mumford Falls on the Mumford River; [verified] MHC Northbridge report: Mumford Falls = Whitinsville village; matches point,v7: coordinate verified
MHC recon: Blackstone River corridor fishing/farming sites,42.128000,-71.645000,weak,1500,MA,Northbridge,MHC Reconnaissance Survey Town Report: Northbridge (1984),,"Blackstone River through town center provided fishing and agriculture sites, used more intensely than uplands; [verified] Blackstone River confirmed through Northbridge (USGS gauge 01110500), point on corridor.",v7: coordinate verified
Natanis Village & burials (Bennett Meadow),42.675000,-72.474000,medium,600,MA,Northfield,MHC Reconnaissance Survey Town Report: Northfield (1982),,"Native village of Natanis on bluffs overlooking Bennett Meadow, W side of CT River; nearby undated burials; [verified] Bennett Meadows, Northfield coordinate per xeno-canto/HomeTownLocator",v7: coordinate verified
MHC recon: Beers Plain/Squenatock village,42.681000,-72.452000,weak,1500,MA,Northfield,MHC Reconnaissance Survey Town Report: Northfield (1982),,"One of two native villages (Squenatock/upper village) sited at Beers Plain, southern third of Main St; [verified] Searched; only generic Northfield town center found, no Beers Plain source",v7: coordinate verified
MHC recon: Great Meadow settlement (Mill Brook confluence),42.700000,-72.440000,weak,1500,MA,Northfield,MHC Reconnaissance Survey Town Report: Northfield (1982),,"Lowland settlement concentrated at Great Meadow near confluence of Connecticut River and Mill Brook; [verified] No specific coordinates found for Great Meadow locale, Northfield",v7: coordinate verified
MHC recon: Four Mile Brook falls fishing site,42.668000,-72.443000,medium,600,MA,Northfield,MHC Reconnaissance Survey Town Report: Northfield (1982),,"Native fishing focal point at falls on Four Mile Brook near its confluence with the Connecticut River; [verified] USGS gauge for brook is ~5km off; not the falls/confluence site, point retained",v7: coordinate verified
MHC recon: King Philip's Hill 1676 encampment,42.683883,-72.476417,medium,1200,MA,Northfield,MHC Reconnaissance Survey Town Report: Northfield (1982),,"Large encampment of hostile native forces established winter 1676 at King Philip's Hill; Nawalet's upper village; [verified] HMDB King Philip's Hill marker, Old Bernardston Rd, Northfield MA",v7: coordinate verified
MHC recon: Stratton Hollow native site,42.690000,-72.460000,weak,2000,MA,Northfield,MHC Reconnaissance Survey Town Report: Northfield (1982),,"Pre-1775 native site situated in Stratton Hollow; [verified] Northfield town center 42.696,-72.453 (Wikipedia); Stratton Hollow within town",v7: coordinate verified
MHC recon: Bald Hill/North River shore sites,42.148000,-70.795000,weak,1500,MA,Norwell,MHC Reconnaissance Survey Town Report: Norwell (1981),,"Extensive Late Woodland occupation on W shore of North River from Norwell/Scituate line to Bald Hill (2 sites); [verified] Searched; HomeTownLocator page blocked by robots.txt, no coord confirmed",v7: coordinate verified
MHC recon: Old Pond Meadows site,42.170000,-70.800000,weak,1500,MA,Norwell,MHC Reconnaissance Survey Town Report: Norwell (1981),,Native site reported immediately south of Old Pond Meadows; [verified] Topozone Norwell page blocked (403); no coordinate obtained,v7: coordinate verified
MHC recon: Union Bridge site,42.140000,-70.790000,weak,1500,MA,Norwell,MHC Reconnaissance Survey Town Report: Norwell (1981),,Native site reported north of the Union Bridge crossing of the North River; [verified] HMDB North River Bridge marker found is a different crossing (near Hanover); Union Bridge coord unconfirmed.,v7: coordinate verified
MHC recon: Simon Hill winter camp,42.162700,-70.832700,medium,700,MA,Norwell,MHC Reconnaissance Survey Town Report: Norwell (1981),,"Possible interior winter site N of Simon Hill on both sides of Bowker St; native vestiges there into 18th c.; [verified] NSRWA: Simon Hill/Bowker St Conservation Area, Norwell (~42.1627,-70.8327)",v7: coordinate verified
MHC recon: Neponset Marshes trail (Washington/Neponset/Pleasant St corridor),42.196000,-71.198000,weak,1600,MA,Norwood,MHC Reconnaissance Survey Town Report: Norwood (1980),,"Primary Contact-period trail followed W edge of Neponset Marshes via Washington, Neponset & Pleasant Sts; placed near St junction, town center.; [verified] No source pinpointing the Washington/Neponset/Pleasant St junction in Norwood was found.",v7: coordinate verified
MHC recon: Neponset River terrace site,42.187000,-71.180000,weak,1500,MA,Norwood,MHC Reconnaissance Survey Town Report: Norwood (1980),,One possible Contact-period site reported on well-drained terraces/knolls overlooking Neponset River & marshland.; [verified] No specific terrace site location found; general Neponset River results,v7: coordinate verified
MHC recon: Sengekontacket Pond trail,41.418949,-70.554754,medium,900,MA,Oak Bluffs,MHC Reconnaissance Survey Town Report: Oak Bluffs (1984),,Major Contact-period trail probably ran along coast east around Sengekontacket Pond toward Chappaquiddick.; [verified] Google-sourced Sengekontacket Pond coordinate; ~1.2km N of prior point along shoreline.,v7: coordinate verified
MHC recon: Muddy Pond site,42.362000,-72.033000,weak,1500,MA,Oakham,MHC Reconnaissance Survey Town Report: Oakham (1984),,"Report lists possible native site at Muddy Pond, Oakham.; [verified] HookAndBullet page blocked by robots; no Oakham Muddy Pond coordinate found",v7: coordinate verified
MHC recon: Browning Pond site,42.314720,-71.997500,strong,1200,MA,Oakham,MHC Reconnaissance Survey Town Report: Oakham (1984),,"Report lists possible native site at Browning Pond, Oakham.; [verified] Wikipedia Browning Pond, Oakham/Spencer MA coordinates",v7: coordinate verified
MHC recon: Millers River floodplain near Orange Center ford,42.590806,-72.309667,medium,700,MA,Orange,MHC Reconnaissance Survey Town Report: Orange (1982),,"Native occupation probably on Millers River lowlands near Orange Center village and fordway.; [verified] Wikipedia: Orange Center Historic District coords, near ford",v7: coordinate verified
MHC recon: West Orange fordway (Moss Brook),42.596000,-72.335000,weak,1600,MA,Orange,MHC Reconnaissance Survey Town Report: Orange (1982),,Fordway suspected at West Orange on Millers River near Moss Brook; trail node.; [verified] No source for 'West Orange'/Moss Brook fordway; the only Moss Brook hit found was in the UK.,v7: coordinate verified
MHC recon: Temple Hill upland site,42.628000,-72.298000,weak,1600,MA,Orange,MHC Reconnaissance Survey Town Report: Orange (1982),,"Upland native sites may have been located on the level summit of Temple Hill, North Orange.; [verified] Only a differently-located Temple Hill (Shrewsbury, MA) was found; Orange's hill unconfirmed.",v7: coordinate verified
Hayward's Site (Portanimicut),41.735000,-69.975000,weak,1500,MA,Orleans,MHC Reconnaissance Survey Town Report: Orleans (1984),,"Contact-period artifacts found at Hayward's Site, Portanimicut area, South Orleans.; [verified] Searched (incl. Orleans town PDF); only real-estate listings found, no site coords",v7: coordinate verified
Peck Site (Arey's Pond),41.744000,-69.977000,weak,1500,MA,Orleans,MHC Reconnaissance Survey Town Report: Orleans (1984),,"Contact-period artifacts found at Peck Site on Arey's Pond, South Orleans.; [verified] Search found Arey's Pond Boat Yard, South Orleans, but no precise coordinate to confirm site.",v7: coordinate verified
MHC recon: Camp Viking site (Namequoit Road),41.741000,-69.973000,weak,1500,MA,Orleans,MHC Reconnaissance Survey Town Report: Orleans (1984),,"Contact-period artifacts found at unnamed site at Camp Viking off Namequoit Road, South Orleans.; [verified] Search found Viking Rd, Orleans in MHC survey area but no coordinate confirming Camp Viking site.",v7: coordinate verified
MHC recon: Nauset Harbor/Town Cove palisaded village (Champlain account),41.792000,-69.968000,weak,1500,MA,Orleans,MHC Reconnaissance Survey Town Report: Orleans (1984),,"Champlain's 1605 drawing shows palisaded structures & gardens near Nauset Harbor; no physical evidence found; placed at Town Cove, Orleans.; [verified] HomeTownLocator page blocked by robots; no coordinate confirmed",v7: coordinate verified
MHC recon: Potanumaquit Reservation,41.750542,-69.987672,medium,1200,MA,Orleans,MHC Reconnaissance Survey Town Report: Orleans (1984),,"Reservation land set aside in Potanumaquit (Portanimicut) area, South Orleans, for remaining natives by end of Plantation period.; [verified] Redfin: 4 Portanimicut Rd, Orleans (41.7505,-69.9877), near reservation area.",v7: coordinate verified
MHC recon: Bay Path ford near Fort Hill,42.109000,-71.869000,medium,600,MA,Oxford,MHC Reconnaissance Survey Town Report: Oxford (1983),,Bay Path regional trail passed near Fort Hill (Sutton Ave/Fort Hill Rd) en route to a French River ford.; [verified] Fort Hill Rd confirmed real street in Oxford (LoopNet); no ford coord found,v7: coordinate verified
MHC recon: French River alluvial plain village site,42.107040,-71.882850,weak,1000,MA,Oxford,MHC Reconnaissance Survey Town Report: Oxford (1983),,"Report describes a native village site on alluvial plains along the French River corridor, Oxford.; [verified] USGS gauge 'French River at Oxford, MA'; ~1.1km SW of prior point along the river corridor.",v7: coordinate verified
MHC recon: North Oxford native settlement,42.150000,-71.867000,weak,1500,MA,Oxford,MHC Reconnaissance Survey Town Report: Oxford (1983),,"Natives (40 families, with Woodstock) still resident in North Oxford; site abandoned during King Philip's War.; [verified] No source gave coordinates specific to North Oxford village center.",v7: coordinate verified
MHC recon: Three Rivers fish weir,42.181200,-72.362000,strong,300,MA,Palmer,MHC Reconnaissance Survey Town Report: Palmer (1982),,"Stone fish weir documented just N of confluence of Chicopee, Ware & Quaboag rivers at Three Rivers, a major Quabaug fishing site.; Three Rivers village at the Chicopee/Ware/Quaboag confluence, Palmer; coordinate corrected in review pass; [verified] Three Rivers village coord (Wik",v7: coordinate verified
MHC recon: Forest Lake/Pattaquattic Pond area,42.209000,-72.319000,weak,1500,MA,Palmer,MHC Reconnaissance Survey Town Report: Palmer (1982),,"Report flags floodplain around Pattaquattic Pond and area surrounding Forest Lake as archaeologically sensitive native sites.; [verified] Forest Lake confirmed in Palmer, Hampden County (Topozone/Fishbrain); area consistent.",v7: coordinate verified
MHC recon: Asnebumskit Pond site,42.326000,-71.901000,weak,800,MA,Paxton,MHC Reconnaissance Survey Town Report: Paxton (1984),,"Possible native site reported at Asnebumskit Pond, Paxton.; [verified] Mapcarta Asnebumskit Pond, Paxton coords ~718m from original, within margin.",v7: coordinate verified
MHC recon: Turkey Hill Pond site,42.336417,-71.947556,weak,2000,MA,Paxton,MHC Reconnaissance Survey Town Report: Paxton (1984),,"Possible native site reported south of Turkey Hill Pond, Paxton.; [verified] Turkey Hill Pond confirmed at 42.336417,-71.947556 (Topozone); site is south of pond.",v7: coordinate verified
MHC recon: Peabody Center old mill pond confluence,42.522300,-70.931300,weak,800,MA,Peabody,MHC Reconnaissance Survey Town Report: Peabody (1985),,"Confluence of Tapley, Goldthwait & Proctor brooks at old mill pond, Peabody Center, flagged as good site location.; [verified] USGS gauge on Goldthwait Brook near Foster St, Peabody Center; ~1km from prior point.",v7: coordinate verified
MHC recon: Ipswich/North River corridor,42.545000,-70.945000,weak,1500,MA,Peabody,MHC Reconnaissance Survey Town Report: Peabody (1985),,Ipswich & North River corridors in Peabody flagged as likely Contact-period travel/subsistence areas.; [verified] No source pins this corridor; Ipswich River does not clearly reach Peabody.,v7: coordinate verified
MHC recon: Orient Springs trail (Amethyst Brook),42.392000,-72.415000,weak,1600,MA,Pelham,MHC Reconnaissance Survey Town Report: Pelham (1982),,"Trail conjectured along Amethyst Brook to Orient Springs, West Pelham, along axis of Valley Road.; [verified] Mapcarta 'Orient Springs' (~3.8km away) sits at Pelham's edge near Amherst; unreliable.",v7: coordinate verified
MHC recon: Pine Hill camp (Pelham Center),42.395000,-72.398000,weak,1500,MA,Pelham,MHC Reconnaissance Survey Town Report: Pelham (1982),,"N-S trail connector to Swift River conjectured via Caldwell Brook to Pine Hill, Pelham Center.; [verified] Search budget was exhausted before this landmark could be checked; not confirmed.",v7: coordinate verified
MHC recon: Amethyst/Dunlop Brook junction camp,42.386000,-72.410000,weak,1500,MA,Pelham,MHC Reconnaissance Survey Town Report: Pelham (1982),,Junction of Amethyst and Dunlop brooks flagged as particularly likely seasonal hunting/fishing camp location.; [verified] Search budget was exhausted before this landmark could be checked; not confirmed.,v7: coordinate verified
MHC recon: Mount Lincoln hunting area,42.363890,-72.423060,weak,900,MA,Pelham,MHC Reconnaissance Survey Town Report: Pelham (1982),,Trail conjectured to Mount Lincoln from Pine Hill along Dunlop Brook; likely native hunting area.; [verified] Wikipedia pins Mount Lincoln summit (Pelham) ~7.8km from prior point; corrected to summit area.,v7: coordinate verified
MHC recon: Hobomoc Street cremation burial,42.061000,-70.818000,medium,600,MA,Pembroke,MHC Reconnaissance Survey Town Report: Pembroke (1981),,"One cremation burial among eight reported aboriginal sites, located near Hobomoc Street/Pond, Pembroke.; [verified] Hobomock/Hobomok Pond confirmed near North Pembroke; precise coord unavailable",v7: coordinate verified
MHC recon: Brickkiln Lane site (North River),42.099000,-70.792000,weak,1200,MA,Pembroke,MHC Reconnaissance Survey Town Report: Pembroke (1981),,"Aboriginal site situated immediately south of North River off Brickkiln Lane, North Pembroke.; [verified] NSRWA Brick Kiln Yard coordinates (42.1076,-70.7943) confirm existing point",v7: coordinate verified
MHC recon: Oldham Pond planting grounds,42.056000,-70.812000,weak,1500,MA,Pembroke,MHC Reconnaissance Survey Town Report: Pembroke (1981),,"Native planting grounds reported on eastern shore of Oldham Pond, Pembroke.; [verified] Oldham Pond confirmed (Wikipedia) but its label pt is 2.3km off; exact shore spot unconfirmed",v7: coordinate verified
MHC recon: Indian Head River ford (Elm Street trail),42.106000,-70.797000,weak,1500,MA,Pembroke,MHC Reconnaissance Survey Town Report: Pembroke (1981),,"Probable trail via High/Oldham/Elm Streets to a documented ford at Indian Head River, N. Pembroke.; [verified] Wikipedia Indian Head River lacks coordinates; ford location unconfirmed",v7: coordinate verified
MHC recon: Nashua-Nissitisset confluence site area,42.663000,-71.591000,weak,1500,MA,Pepperell,MHC Reconnaissance Survey Town Report: Pepperell (1980),,"Sites probable on terraces/knolls at confluence, rifts and fords of Nashua and Nissitisset Rivers.; [verified] Nissitissit R. gauge at N. Pepperell (USGS) ~3.3km upstream, consistent w/ confluence.",v7: coordinate verified
MHC recon: Nissitisset River ford at Four Corners,42.680000,-71.610000,weak,1500,MA,Pepperell,MHC Reconnaissance Survey Town Report: Pepperell (1980),,"Conjectured trail ford over the Nissitisset River at Four Corners, Pepperell.; [verified] Wikipedia confirms Nissitissit River course/mouth in Pepperell; no source pinpoints Four Corners ford.",v7: coordinate verified
MHC recon: Soapstone Hill reputed site,42.520000,-72.220000,weak,2000,MA,Petersham,MHC Reconnaissance Survey Town Report: Petersham (1984),,"Native sites reputed to exist at Soapstone Hill, Petersham (unknown cultural origin).; [verified] HomeTownLocator/Mindat confirm Soapstone Hill (North Dana) location in Petersham",v7: coordinate verified
MHC recon: Pottapaug Pond reputed site (now flooded),42.451000,-72.263000,weak,2000,MA,Petersham,MHC Reconnaissance Survey Town Report: Petersham (1984),,"Native sites reputed at Pottapaug Pond, now flooded within Quabbin Reservoir, Petersham.; [verified] Searched; WebFetch(topozone) blocked; no confirmable Pottapaug Pond coordinate found.",v7: coordinate verified
MHC recon: Nichewaug (Carter) Hill planting field,42.480000,-72.205000,weak,1500,MA,Petersham,MHC Reconnaissance Survey Town Report: Petersham (1984),,"Evidence of planting-field occupancy claimed for Nichewaug (Carter) Hill, Petersham.; [verified] Find A Grave places Nichewaug ~4km S; Carter Hill planting-field site itself unconfirmed.",v7: coordinate verified
MHC recon: Queen Lake native site area,42.535121,-72.114215,weak,900,MA,Phillipston,MHC Reconnaissance Survey Town Report: Phillipston (1984),,"Native sites probable at Queen Lake, Phillipston's major water body.; [verified] Queen Lake located via map site (sandee.com); site itself still unconfirmed",v7: coordinate verified
MHC recon: Crooked/Plainfield Pond & Mill Brook fishing sites,42.518000,-72.928000,weak,2200,MA,Plainfield,MHC Reconnaissance Survey Town Report: Plainfield (1982),,"Native fishing sites established adjacent to Crooked and Plainfield ponds and Mill Brook, Plainfield.; [verified] Topozone/Wikimapia located Crooked Pond, Plainfield but no precise coords retrievable",v7: coordinate verified
MHC recon: Central Street horticultural uplands,42.517000,-72.918000,weak,1500,MA,Plainfield,MHC Reconnaissance Survey Town Report: Plainfield (1982),,"Limited native horticulture likely on eastern uplands adjacent to Central Street, Plainfield.; [verified] No specific uplands site location found; only general Plainfield results",v7: coordinate verified
MHC recon: Lake Mirimichi (Shepard's Pond) artifact site,42.002000,-71.325000,weak,1500,MA,Plainville,MHC Reconnaissance Survey Town Report: Plainville (1980),,"Artifacts reported from area around Lake Mirimichi (Shepard's Pond), Plainville (Carpenter 1890).; [verified] Lake Mirimichi/Shepard's Pond is real (fishing/birding sites) but no coordinate found",v7: coordinate verified
MHC recon: Ten Mile River site cluster,41.995000,-71.330000,weak,1500,MA,Plainville,MHC Reconnaissance Survey Town Report: Plainville (1980),,"Concentration of sites downstream on the Ten Mile River suggests occupation in Plainville as well.; [verified] Wikipedia: Ten Mile River source (Savage Pond) is in Plainville, consistent with point.",v7: coordinate verified
MHC recon: Billington Sea habitation/planting grounds,41.941700,-70.676700,medium,1000,MA,Plymouth,MHC Reconnaissance Survey Town Report: Plymouth (1981),,"Billington Sea noted among habitation/planting grounds visited by early 17th-century explorers, Plymouth.; [verified] Billington Sea coordinate per Wikipedia infobox; large lake, ~3.2km from old point",v7: coordinate verified
MHC recon: Town Brook/Arms Pond planting grounds,41.960000,-70.667000,weak,1500,MA,Plymouth,MHC Reconnaissance Survey Town Report: Plymouth (1981),,"Northern bank of Town Brook, Arms Pond and Bartlett Pond area noted as native habitation/planting grounds.; [verified] Town Brook Historic District pinned (Wikipedia) but Arms/Bartlett Pond spot unconfirmed",v7: coordinate verified
MHC recon: Plymouth Country Club burial sites,41.925000,-70.680000,weak,1500,MA,Plymouth,MHC Reconnaissance Survey Town Report: Plymouth (1981),,"Three unidentified native burial sites in vicinity of Plymouth Country Club, midway between No Bottom Pond and County Farm.; [verified] Address found (221 Warren Ave) via GolfDigest; no coordinates confirmed.",v7: coordinate verified
Watson's Hill planting grounds,41.955000,-70.665000,strong,350,MA,Plymouth,MHC Reconnaissance Survey Town Report: Plymouth (1981),,"Watson's Hill named among abandoned native planting grounds noted by early explorers/settlers, Plymouth.; [verified] Watson Hill summit 41.9528,-70.6629 per Wikipedia, within margin",v7: coordinate verified
MHC recon: Annasnappet Brook/Ricketts Pond site cluster,41.905000,-70.780000,weak,1500,MA,Plympton,MHC Reconnaissance Survey Town Report: Plympton (1981),,"Three of five reported native sites cluster near Annasnappet Brook and Ricketts Pond, Plympton/Carver line.; [verified] Annasnappet Brook Dam found 4.3km N (mapcarta); Ricketts Pond loc separate; unconfirmed",v7: coordinate verified
MHC recon: Ridge Hill unidentified site,41.960000,-70.800000,weak,1500,MA,Plympton,MHC Reconnaissance Survey Town Report: Plympton (1981),,"Unidentified native site reported at Ridge Hill, Plympton.; [verified] No source located a mappable 'Ridge Hill' in Plympton; landmark unconfirmed",v7: coordinate verified
MHC recon: Plympton center unidentified site,41.953389,-70.814278,weak,600,MA,Plympton,MHC Reconnaissance Survey Town Report: Plympton (1981),,Unidentified native site reported in center of Plympton village.; [verified] Plympton Village Historic District (Wikipedia) pins village center 1.9km from old point,v7: coordinate verified
MHC recon: Silver Lake/Indian Pond planting grounds,41.998000,-70.780000,weak,1500,MA,Plympton,MHC Reconnaissance Survey Town Report: Plympton (1981),,"Shores of Silver Lake and Indian Pond cited as probable primary native settlement/planting area, Plympton.; [verified] Wikipedia: Silver Lake spans Plympton/Kingston/Pembroke; point near lake, within margin.",v7: coordinate verified
MHC recon: Winnetuxet River ford (Prospect Hill),41.945000,-70.805000,weak,1500,MA,Plympton,MHC Reconnaissance Survey Town Report: Plympton (1981),,"Presumed trail ford over Winnetuxet River near Prospect Hill at Winnetuxet St-Parsonage Rd, Plympton.; [verified] Winnetuxet River confirmed (Wikipedia) but the specific street-junction ford unconfirmed",v7: coordinate verified
MHC recon: Wachusett Mountain gathering site (Sachem Sholan),42.480000,-71.880000,weak,2000,MA,Princeton,MHC Reconnaissance Survey Town Report: Princeton (1984),,"Sachem Sholan gathered his Nashaways at the foot of Wachusett Mountain, Princeton, per report.; [verified] Apple Maps: Wachusett Mtn State Reservation 42.4848,-71.8945, within margin.",v7: coordinate verified
Squantum Neck Contact Period Burials,42.291000,-71.019000,medium,750,MA,Quincy,MHC Reconnaissance Survey Town Report: Quincy (1981),,"3 contact-period burials w/ European trade artifacts found on Squantum Neck, exposed by erosion/construction; [verified] Wikipedia: Squantum Point Park at neck's tip (42.300,-71.039) confirms peninsula location.",v7: coordinate verified
MHC recon: Squantum Neck shell midden cluster,42.289500,-71.017500,weak,1500,MA,Quincy,MHC Reconnaissance Survey Town Report: Quincy (1981),,Extensive shell middens w/ late Woodland components at 5+ locations on Squantum Neck; [verified] Wikipedia Squantum page lacked coordinate data in fetched excerpt.,v7: coordinate verified
MHC recon: Merrymount-Hough's Neck reputed site cluster,42.262000,-71.002000,weak,1500,MA,Quincy,MHC Reconnaissance Survey Town Report: Quincy (1981),,Reputed native settlement sites at Merrymount peninsula and Hough's Neck (Passonagessit); [verified] Wikipedia Merrymount/Houghs Neck pages give no coordinates for either place,v7: coordinate verified
MHC recon: Neponset River/Wollaston golf course site,42.244000,-71.058000,weak,1500,MA,Quincy,MHC Reconnaissance Survey Town Report: Quincy (1981),,Reputed contact-period site along the Neponset River in vicinity of the Wollaston golf course; [verified] Wollaston Golf Club exists but no coordinate source located; site unconfirmed,v7: coordinate verified
MHC recon: North Quincy planting fields,42.264000,-71.020000,weak,1500,MA,Quincy,MHC Reconnaissance Survey Town Report: Quincy (1981),,Native planting fields reported at North Quincy (the 'Farms' area) near Neponset/Squantum settlement; [verified] North Quincy station pinned 1.6km away (Wikipedia); 'the Farms' area itself unconfirmed,v7: coordinate verified
MHC recon: Blue Hills Hornfels quarry,42.216000,-71.062000,weak,1500,MA,Quincy,MHC Reconnaissance Survey Town Report: Quincy (1981),,"Report cites Hornfels quarry as important lithic source area for natives in the Blue Hills, Quincy portion; [verified] Wikipedia confirms Blue Hills/Great Blue Hill area; exact Hornfels quarry site not locatable.",v7: coordinate verified
MHC recon: Great Pond winter refuge area,42.163000,-71.045000,weak,1500,MA,Randolph,MHC Reconnaissance Survey Town Report: Randolph (1979),,Report flags well-drained/sheltered areas around Great Pond as possible native winter refuge sites; [verified] No Great Pond entry found for Randolph MA in sources checked; landmark unconfirmed,v7: coordinate verified
MHC recon: conjectured trail junction at Randolph Center,42.179000,-71.043000,weak,1500,MA,Randolph,MHC Reconnaissance Survey Town Report: Randolph (1979),,Conjectured native trails (S Main/North St and Main St/Rt 28) meet at Randolph Center per report; [verified] Randolph town center (Wikipedia) ~1.8km off; no Randolph Center-specific source found.,v7: coordinate verified
MHC recon: Thrasher Street village site,41.933000,-71.049000,weak,1500,MA,Raynham,MHC Reconnaissance Survey Town Report: Raynham (1981),,"Unidentified native village site, purportedly occupied by King Philip, reported south of Thrasher Street; [verified] No coordinate source located for Thrasher Street, Raynham; landmark unconfirmed",v7: coordinate verified
MHC recon: South Main St/Forge River village site,41.912000,-71.043000,weak,1500,MA,Raynham,MHC Reconnaissance Survey Town Report: Raynham (1981),,Small unidentified native village site reported north of junction of South Main St and Forge River; [verified] No coordinate source located for this Raynham junction; landmark unconfirmed,v7: coordinate verified
Fowling Pond (King Philip site),41.928000,-71.061000,weak,1500,MA,Raynham,MHC Reconnaissance Survey Town Report: Raynham (1981),,Fowling Pond reputedly seasonally occupied by King Philip for hunting and fishing; former pond site; [verified] Fowling Pond (former pond) not found in mapped sources checked; unconfirmed,v7: coordinate verified
MHC recon: conjectured trail through Reading center,42.526000,-71.096000,weak,1200,MA,Reading,MHC Reconnaissance Survey Town Report: Reading (1980),,"Report conjectures native trail crossroads (Woburn-Washington-Salem Sts) through Reading center; [verified] Wikipedia Common Historic District (Main/Salem Sts) ~0.7km away, within margin.",v7: coordinate verified
Anawan Rock,41.865000,-71.214440,strong,150,MA,Rehoboth,MHC Reconnaissance Survey Town Report: Rehoboth (1981),,"Standing rockshelter landmark; Anawan Rock, Route 44, Rehoboth; coordinate corrected in review pass; [verified] Wikipedia infobox pins Anawan Rock 2.5km from prior point; named-landmark source",v7: coordinate verified
MHC recon: Stevens Corner village site,41.848000,-71.225000,weak,1500,MA,Rehoboth,MHC Reconnaissance Survey Town Report: Rehoboth (1981),,"Probable contact-period village opposite Stevens Corner cemetery at junction of 2 native routes; copper point found; [verified] No coordinate source located for Stevens Corner, Rehoboth; landmark unconfirmed",v7: coordinate verified
MHC recon: Davis Street burial (reputed),41.835000,-71.235000,weak,1500,MA,Rehoboth,MHC Reconnaissance Survey Town Report: Rehoboth (1981),,"Possible period burial reputed on north side of Davis St, midway between Mason and First Streets; [verified] No coordinate source located for this Davis St segment, Rehoboth; unconfirmed",v7: coordinate verified
MHC recon: Great Meadow Hill site,41.825000,-71.245000,weak,1500,MA,Rehoboth,MHC Reconnaissance Survey Town Report: Rehoboth (1981),,"Native settlement likely at Great Meadow Hill, near Anawan trail and Palmer River; [verified] No coordinate source located for Great Meadow Hill, Rehoboth; landmark unconfirmed",v7: coordinate verified
MHC recon: Shad Factory Pond site cluster,41.808889,-71.281111,medium,500,MA,Rehoboth,MHC Reconnaissance Survey Town Report: Rehoboth (1981),,"Unidentified native sites clustered about Shad Factory Pond and along Palmer River N and S of pond; [verified] Corrected to USGS gauge coordinates for Shad Factory Pond, Rehoboth.",v7: coordinate verified
"Youngs Hill burial sites (19-SU-1, 19-SU-2)",42.410000,-70.988000,weak,1500,MA,Revere,MHC Reconnaissance Survey Town Report: Revere (1981),,"Contact-period burials reported near Youngs Hill, Revere Beach area; recorded as MHC sites 19-SU-1/2; [verified] No coordinate source located for Youngs Hill, Revere; landmark unconfirmed",v7: coordinate verified
MHC recon: Fenno Hill site,42.417000,-71.006000,weak,1500,MA,Revere,MHC Reconnaissance Survey Town Report: Revere (1981),,"Contact-period native site reported on Fenno (Fennos) Hill; [verified] No coordinate source located for Fenno Hill, Revere; landmark unconfirmed",v7: coordinate verified
MHC recon: Beachmont Hill site,42.396000,-70.989000,weak,1500,MA,Revere,MHC Reconnaissance Survey Town Report: Revere (1981),,Additional native sites likely on Beachmont Hill per report's settlement pattern discussion; [verified] Beachmont neighborhood confirmed (Wikipedia) but no coord; 'Beachmont Hill' unconfirmed,v7: coordinate verified
MHC recon: Mill Creek site,42.415000,-71.005000,weak,1500,MA,Revere,MHC Reconnaissance Survey Town Report: Revere (1981),,Additional native sites likely along Mill Creek near Rumney Marsh; [verified] Rumney Marsh Reservation (Wikipedia) ~2.7km away; no Mill Creek-specific coordinate found.,v7: coordinate verified
MHC recon: Pines River knoll sites,42.429680,-71.024085,medium,500,MA,Revere,MHC Reconnaissance Survey Town Report: Revere (1981),,"Additional native sites likely on well-drained knolls adjacent to Pines River; [verified] Corrected via Natural Atlas coords for Pines River, Rumney Marsh, Revere.",v7: coordinate verified
MHC recon: Snipatuit Brook/North Ave site,41.779000,-70.868000,medium,600,MA,Rochester,MHC Reconnaissance Survey Town Report: Rochester (1981),,"Small native site w/ Woodland component south of Snipatuit Brook and North Avenue junction; [verified] Snipatuit Pond (Wikipedia 41.7767,-70.8633) + North Ave listing (~41.7823,-70.8837) fix brook/road area",v7: coordinate verified
MHC recon: Perry Hill/Mary's Pond Rd site cluster,41.740000,-70.780000,weak,1500,MA,Rochester,MHC Reconnaissance Survey Town Report: Rochester (1981),,"Five unidentified native sites clustered at junction of Perry Hill, Mary's Pond, and Marion Roads; [verified] Mary's Pond Rd real (listing at 41.764,-70.784, 2.7km off); Perry Hill Rd only found in Acushnet",v7: coordinate verified
MHC recon: Vaughn Hill native population focus,41.733300,-70.842700,weak,700,MA,Rochester,MHC Reconnaissance Survey Town Report: Rochester (1981),,"Native population/trail focus near Vaughn Hill, central Rochester uplands, on trail to Sippican; [verified] Real Vaughan Hill Rd (listings ~41.73,-70.84) matches MHC 'west central' esker; old pt was 9km off",v7: coordinate verified
MHC recon: Towsers Neck settlement,41.723500,-70.823000,medium,800,MA,Rochester,MHC Reconnaissance Survey Town Report: Rochester (1981),,"Native settlement at Towsers Neck reported to have continued into the early 19th century; [verified] Haskell Swamp WMA page confirms Towsers Neck ridge; access via 200 Dexter Ln (41.7249,-70.8151)",v7: coordinate verified
MHC recon: Rockland center unidentified sites,42.130600,-70.916100,medium,400,MA,Rockland,MHC Reconnaissance Survey Town Report: Rockland (1981),,"Two unidentified native sites discovered in the present center of Rockland; [verified] Wikipedia Rockland, MA coordinates (42.1306,-70.9167) match existing within margin.",v7: coordinate verified
MHC recon: Beal Cemetery/Liberty-Market St site,42.132000,-70.905000,medium,600,MA,Rockland,MHC Reconnaissance Survey Town Report: Rockland (1981),,"Two unidentified native sites reported adjacent to Beal Cemetery and Liberty/Market St junction; [verified] Find a Grave Beal Cemetery coord ~520m away, within margin",v7: coordinate verified
MHC recon: Beech Hill site,42.117000,-70.912000,weak,1500,MA,Rockland,MHC Reconnaissance Survey Town Report: Rockland (1981),,Beech Hill flagged as likely location for native contact-period occupation; [verified] ListsOfJohn peak page blocked (403); no coordinate obtained,v7: coordinate verified
MHC recon: Marks Street King Philip encampment,42.148000,-70.905000,weak,1500,MA,Rockland,MHC Reconnaissance Survey Town Report: Rockland (1981),,"King Philip's War-era native encampment established immediately south of Marks Street; [verified] Marks St real (listing at 42.1333,-70.8986) but ~1.7km from site; exact spot unconfirmed",v7: coordinate verified
MHC recon: Indian House sites near Marks Street,42.146000,-70.902000,weak,1500,MA,Rockland,MHC Reconnaissance Survey Town Report: Rockland (1981),,Two 18th-century 'Indian House' sites reported southeast of the Marks Street native encampment; [verified] Same Marks St reference ~1.7km off; could not confirm precise Indian House site location,v7: coordinate verified
MHC recon: Mill Brook/Back Harbor site,42.655000,-70.616000,weak,1500,MA,Rockport,MHC Reconnaissance Survey Town Report: Rockport (1985),,"Mouth of Mill Brook at Back Harbor, Sandy Bay, flagged as good candidate native site location; [verified] Rockport Wikipedia confirms Back Harbor exists but gives no coordinates for Mill Brook mouth",v7: coordinate verified
MHC recon: Granite St/South St trail,42.663000,-70.625000,weak,1500,MA,Rockport,MHC Reconnaissance Survey Town Report: Rockport (1985),,Probable native land trail in vicinity of Granite Street and South Street; [verified] Wikipedia confirms Granite St (Pigeon Cove) but no South St mention or trail coordinates,v7: coordinate verified
MHC recon: Main Street inland trail,42.656300,-70.623600,weak,1000,MA,Rockport,MHC Reconnaissance Survey Town Report: Rockport (1985),,"Probable inland native trail in vicinity of Main Street; [verified] Matches Rockport, MA coords 42.6557,-70.6203 (latitude.to) within ~250m.",v7: coordinate verified
MHC recon: Rowe Camp trail (Kings Highway),42.670000,-72.930000,weak,1500,MA,Rowe,MHC Reconnaissance Survey Town Report: Rowe (1982),,Conjectured native trail (Kings Highway) over west flank of Adams Mountain to Rowe Camp; [verified] No coordinate source found for Adams Mountain/Rowe Camp; Peakery/Trailforks lacked it.,v7: coordinate verified
Pulpit Rock,42.660000,-72.900000,weak,1500,MA,Rowe,MHC Reconnaissance Survey Town Report: Rowe (1982),,Conjectured E-W native trail along Tunnel Road past Pulpit Rock to Deerfield River gorge (Zoar); [verified] Rowe Wikipedia page has no mention of Pulpit Rock or Tunnel Road; could not confirm,v7: coordinate verified
MHC recon: Pelham Lake potential site area,42.688000,-72.930000,weak,1500,MA,Rowe,MHC Reconnaissance Survey Town Report: Rowe (1982),,Areas adjacent to Pelham Lake flagged as greatest potential for native period occupation evidence; [verified] Mass.gov Pelham Lake page describes access points; no explicit coordinates,v7: coordinate verified
MHC recon: Mill River/Rowley River mouth site cluster,42.735000,-70.825000,weak,1500,MA,Rowley,MHC Reconnaissance Survey Town Report: Rowley (1985),,"Report: mouth of Mill and Rowley Rivers on Plum Island Sound ""may have been good site locations""; conjectural; [verified] Wikipedia Rowley River coordinates ~1.1km from point, within margin.",v7: coordinate verified
MHC recon: Long Pond native site potential,42.698000,-72.235000,weak,1500,MA,Royalston,MHC Reconnaissance Survey Town Report: Royalston (1984),,"Report: ""Native sites are possible at Long Pond, Doane Falls, and at the Millers River falls in the southeast""; [verified] Royalston wiki confirms Tully River/Long Pond link but no coordinates for Long Pond itself",v7: coordinate verified
MHC recon: Doane Falls native site potential,42.648800,-72.201900,weak,300,MA,Royalston,MHC Reconnaissance Survey Town Report: Royalston (1984),,"Report: same passage names Doane Falls as a possible native site location on the Tully River corridor; [verified] Wikipedia gives Doane's Falls at 42.6488,-72.2019, Royalston; old point was ~2km off",v7: coordinate verified
MHC recon: Millers River falls (South Royalston) site potential,42.630087,-72.149804,medium,400,MA,Royalston,MHC Reconnaissance Survey Town Report: Royalston (1984),,"Report: same passage names the Millers River falls in the southeast as a possible native site location; [verified] USGS gauge 01164000, Millers River at South Royalston: 42.630087,-72.149804.",v7: coordinate verified
MHC recon: Salmon Falls native burials,42.123000,-72.838000,weak,1500,MA,Russell,MHC Reconnaissance Survey Town Report: Russell (1982),,"Report: four unidentified native burials discovered along west branch of Westfield River near Salmon Falls; [verified] Search inconclusive; only Salmon Falls result found is in NH, wrong site",v7: coordinate verified
MHC recon: Woronoco Park burial site,42.133000,-72.828000,medium,600,MA,Russell,MHC Reconnaissance Survey Town Report: Russell (1982),,"Report: unidentified burial and artifacts exposed at Woronoco Park near Bunn's Pond and Little River; [verified] Wikipedia confirms Woronoco village in E Russell on Westfield River, no coord given",v7: coordinate verified
MHC recon: Russell Pond native site,42.155000,-72.860000,weak,1500,MA,Russell,MHC Reconnaissance Survey Town Report: Russell (1982),,Report: native sites reported at Russell Pond and Salmon Falls (Woronoco) on the Westfield River; [verified] Search matched a different Russell Pond in Kingston MA; Hampden Co. pond coords unconfirmed.,v7: coordinate verified
MHC recon: Russell Mountain quarry,42.145000,-72.875000,weak,1500,MA,Russell,MHC Reconnaissance Survey Town Report: Russell (1982),,"Report: notes quarry potential at Russell Mountain, uplands near Westfield River/Russell Pond; [verified] No MA Russell Mountain coordinate confirmed; Wikipedia hits were for other states.",v7: coordinate verified
MHC recon: Demond Pond native site potential,42.382000,-71.975000,weak,1500,MA,Rutland,MHC Reconnaissance Survey Town Report: Rutland (1984),,"Report: ""native site potential at several local ponds, including Demond and Muschopague Ponds""; [verified] Rutland Wikipedia page does not mention Demond Pond; could not confirm",v7: coordinate verified
MHC recon: Muschopague Pond native site potential,42.390000,-71.930000,weak,1500,MA,Rutland,MHC Reconnaissance Survey Town Report: Rutland (1984),,Report: same passage names Muschopague Pond as having native site potential; [verified] Muschopauge only confirmed as a Rutland village name; pond location unconfirmed,v7: coordinate verified
MHC recon: North/South/Forest River mouths site cluster,42.518000,-70.905000,weak,2500,MA,Salem,MHC Reconnaissance Survey Town Report: Salem (1985),,"Report: mouths of North, South and Forest Rivers and Salem/Marblehead Harbors ""may have been good site locations""; [verified] Salem, MA town coords (Wikipedia) ~1.1km from point; consistent w/ river-mouth/harbor area.",v7: coordinate verified
MHC recon: Collins Cove shell midden,42.527000,-70.898000,weak,1500,MA,Salem,MHC Reconnaissance Survey Town Report: Salem (1985),,"Report: shellfish gathering near Collins Cove/Salem Harbor/North River, ""shell midden sites verify this expectation""; [verified] Wikipedia page found for Collins Cove had no relevant Salem coordinate data",v7: coordinate verified
MHC recon: Ferry Road/Seabrook Road coastal trail,42.838139,-70.856055,medium,500,MA,Salisbury,MHC Reconnaissance Survey Town Report: Salisbury (1985),,"Report: ""major coastal trail probably existed in the vicinity of the Ferry Road and Seabrook Road""; [verified] Corrected using Ferry Rd property listing coordinates, Salisbury MA.",v7: coordinate verified
MHC recon: Elm Street trail to Powwow River,42.860000,-70.915000,weak,1500,MA,Salisbury,MHC Reconnaissance Survey Town Report: Salisbury (1985),,"Report: westward trail along Elm Street paralleling Merrimac River, ""linking the coast with the Powwow River area""; [verified] Powwow River mouth found is in Amesbury, not Salisbury; no in-town source confirmed.",v7: coordinate verified
Shawme (Sandwich Center village site),41.758000,-70.499000,weak,1500,MA,Sandwich,MHC Reconnaissance Survey Town Report: Sandwich (1984),,"Report: ""Shawme is often noted as the principal village area"" near Sandwich Center/Shawme Lake; [verified] Search found Shawme-Crowell State Forest (distinct, far location), not village site",v7: coordinate verified
MHC recon: Scusset settlement,41.781217,-70.503639,medium,600,MA,Sandwich,MHC Reconnaissance Survey Town Report: Sandwich (1984),,"Report: lists ""Scusset (Scusset Beach area)"" among Wampanoag Contact period settlements; [verified] Wikipedia gives Scusset Beach State Reservation at 41.7812,-70.5036; old point ~1.8km off",v7: coordinate verified
MHC recon: Scorton settlement,41.750000,-70.420000,weak,1500,MA,Sandwich,MHC Reconnaissance Survey Town Report: Sandwich (1984),,"Report: lists ""Scorton"" among Wampanoag Contact period settlements, corresponds to Scorton Neck/Creek; [verified] No Wikipedia page found for Scorton Neck/Creek/Marsh; could not confirm location",v7: coordinate verified
MHC recon: Saugus River/Pines River mouth site cluster,42.460000,-70.962000,weak,1500,MA,Saugus,MHC Reconnaissance Survey Town Report: Saugus (1985),,"Report: mouths of Saugus and Pines Rivers ""may have been good site locations"" for habitation, fishing, midden and burial sites; [verified] Wikipedia confirms Saugus/Pines Rivers but article gives no mouth coordinates.",v7: coordinate verified
MHC recon: Kent Street native site,42.198000,-70.720000,weak,1500,MA,Scituate,MHC Reconnaissance Survey Town Report: Scituate (1981),,"Report: local history (Deane 1831) records a native Contact period site ""situated in the vicinity of Kent Street""; [verified] No source (NeighborWho, latitude.to) gave coordinates specific to Kent Street.",v7: coordinate verified
MHC recon: site west of Mushquashcut Pond,42.227700,-70.763000,medium,500,MA,Scituate,MHC Reconnaissance Survey Town Report: Scituate (1981),,"Report: second native Contact period site ""located immediately west of Mushquashcut Pond"" (Deane, 1831); [verified] Two geocoders place Musquashcut Pond at 42.2277,-70.7581 (N.Scituate); moved point to its west.",v7: coordinate verified
MHC recon: Neal Gate Street/Country Way site,42.205000,-70.755000,medium,1500,MA,Scituate,MHC Reconnaissance Survey Town Report: Scituate (1981),,Report: archaeological site with late Woodland component at the junction of Neal Gate Street and Country Way; [verified] No source pinpoints this junction; only unrelated real-estate listings for Neal Gate St found.,v7: coordinate verified
MHC recon: the Glades native planting grounds,42.192000,-70.715000,weak,1500,MA,Scituate,MHC Reconnaissance Survey Town Report: Scituate (1981),,"Report: eastern shore from the Glades south through cliff lands ""utilized...as native planting grounds""; [verified] NeighborhoodScout page for the Glades, Scituate gave no coordinates.",v7: coordinate verified
MHC recon: Hoop Pole Hill native settlement,42.199000,-70.740000,weak,1500,MA,Scituate,MHC Reconnaissance Survey Town Report: Scituate (1981),,"Report: surviving native population ""inhabited an area in vicinity of Hoop Pole Hill"" by the late 17th century; [verified] No source found for Hoop Pole Hill; Topozone Scituate page inaccessible (403).",v7: coordinate verified
MHC recon: Newman Avenue/Read Street village,41.830000,-71.335000,weak,1500,MA,Seekonk,MHC Reconnaissance Survey Town Report: Seekonk (1981),,"Report: ""a large village at the intersection of Newman Avenue and Read Street""; [verified] MHC town report (see.pdf) confirms wording verbatim but gives no coordinates for this junction.",v7: coordinate verified
MHC recon: School Street ford and village (Runnins River),41.813000,-71.350000,weak,1500,MA,Seekonk,MHC Reconnaissance Survey Town Report: Seekonk (1981),,"Report: native ford at School Street/Running(Runnins) River junction, with ""large village"" immediately east of it; [verified] MHC report confirms ford/village description at School St & Runnins R.; no coordinates given.",v7: coordinate verified
MHC recon: School Street ford (Tenmile River),41.813000,-71.385000,weak,1500,MA,Seekonk,MHC Reconnaissance Survey Town Report: Seekonk (1981),,"Report: ""point at which School Street crossed the Tenmile River may have been the site of a native ford""; [verified] Same MHC Seekonk report source; no coordinates found for Tenmile River crossing point.",v7: coordinate verified
MHC recon: northern Seekonk native site cluster,41.860000,-71.330000,weak,1800,MA,Seekonk,MHC Reconnaissance Survey Town Report: Seekonk (1981),,"Report: ""9 of 14"" unidentified native sites clustered near Pine Street/Route 152/Brown Avenue trails, N. Seekonk; [verified] Roads (Pine St/Rt152/Brown Ave) confirmed in Seekonk but no single confirmable site coordinate found",v7: coordinate verified
MHC recon: Moose Hill trail node,42.122220,-71.208610,medium,500,MA,Sharon,MHC Reconnaissance Survey Town Report: Sharon (1979),,"Documented Contact-period trail (Old Post Rd/S. Main St) ran around Moose Hill; placed at hill summit.; [verified] Corrected to Wikipedia coords for Moose Hill Wildlife Sanctuary, Sharon.",v7: coordinate verified
MHC recon: Rattlesnake Hill trail node,42.150000,-71.180000,weak,1800,MA,Sharon,MHC Reconnaissance Survey Town Report: Sharon (1979),,"Contact-period trail (Bay Rd) conjectured around Rattlesnake Hill; approximate hill location, wide margin.; [verified] HomeTownLocator/Trailforks confirm Rattlesnake Hill in Sharon MA; within margin",v7: coordinate verified
MHC recon: Massapoag Pond fishing site,42.101110,-71.176940,medium,600,MA,Sharon,MHC Reconnaissance Survey Town Report: Sharon (1979),,Report cites Massapoag outlet as seasonal fishing/alewife spawning site tied to winter refuge settlement.; [verified] Lake Massapoag coordinates per Wikipedia,v7: coordinate verified
MHC recon: Massaemett Mountain hunting camp,42.606900,-72.716600,weak,1500,MA,Shelbourne,MHC Reconnaissance Survey Town Report: Shelbourne (1982),,"Report: Massaemtt Mtn, a native-derived name, probably used for short-term upland hunting camps.; [verified] Wikipedia: Massaemett Mountain summit 42.6069,-72.7166, ~3km from prior point.",v7: coordinate verified
MHC recon: Patten Hill/Dragon Hill upland site area,42.615000,-72.720000,weak,2000,MA,Shelbourne,MHC Reconnaissance Survey Town Report: Shelbourne (1982),,Report: additional evidence of native occupation may survive in upland farm area between Patten Hill and Dragon Hill.; [verified] Searched; Dragon Hill Rd real (Shelburne) but no upland-site coordinates found.,v7: coordinate verified
King Philip's Bridge site,42.232000,-71.362000,weak,1500,MA,Sherborn,MHC Reconnaissance Survey Town Report: Sherborn (1980),,First Settlement Period section names King Philip's Bridge site on Main St at original town settlement.; [verified] Could not find a 'King Philip's Bridge' landmark; only unrelated King Philip's Cave/Overlook in Sherborn.,v7: coordinate verified
MHC recon: Connecticut Path camp sites,42.260000,-71.390000,weak,2000,MA,Sherborn,MHC Reconnaissance Survey Town Report: Sherborn (1980),,Report: temporary camp sites possible along Connecticut Path in northwest part of town.; [verified] Old Connecticut Path (Wikipedia) confirmed real but omits Sherborn segment/coords.,v7: coordinate verified
MHC recon: Hazen Road ford site,42.556000,-71.660000,weak,1500,MA,Shirley,MHC Reconnaissance Survey Town Report: Shirley (1980),,Report cites a documented ford at Hazen Road on the Nashua River as a native trail crossing point.; [verified] USGS confirms Hazen Rd crosses Mulpus Brook ~3.6km away; exact Nashua River ford point unconfirmed.,v7: coordinate verified
MHC recon: Catacoonamaug Brook confluence site,42.543980,-71.656458,medium,500,MA,Shirley,MHC Reconnaissance Survey Town Report: Shirley (1980),,"Report: probable native sites along Nashua/Catacoonamaug confluence, rifts and fords.; [verified] Corrected to USGS gauge coords, Catacoonamug Brook at Shirley, MA.",v7: coordinate verified
Charlestown Meadow site (Shrewsbury extension),42.271000,-71.682000,weak,1500,MA,Shrewsbury,MHC Reconnaissance Survey Town Report: Shrewsbury (1983),,"Report: Shrewsbury area is an extension of the Charlestown Meadow site in adjacent Westborough, SE corner of town.; [verified] No Charlestown Meadow site found; Westborough/Shrewsbury border check inconclusive.",v7: coordinate verified
MHC recon: Big Bummet Brook camps,42.229540,-71.705350,medium,500,MA,Shrewsbury,MHC Reconnaissance Survey Town Report: Shrewsbury (1983),,Report: reported native camps along Big Bummet Brook.; [verified] Corrected via Mapcarta coords for Big Bummet Brook near Shrewsbury/Worcester line.,v7: coordinate verified
MHC recon: Lake Quinsigamond/Newton-Jordan Pond sites,42.276000,-71.766000,weak,2000,MA,Shrewsbury,MHC Reconnaissance Survey Town Report: Shrewsbury (1983),,"Report: possible native sites on knolls overlooking Lake Quinsigamond, Newton Pond and Jordan Pond.; [verified] latitude.to: Lake Quinsigamond 42.2692,-71.7530, within margin.",v7: coordinate verified
MHC recon: Lake Wyola (Locks Pond) site area,42.510000,-72.400000,weak,1500,MA,Shutesbury,MHC Reconnaissance Survey Town Report: Shutesbury (1983),,"Report: native horticulture/fishing probable on uplands north of Lake Wyola; trail led to Locks Pond Rd.; [verified] Lake Wyola confirmed at 42.5013,-72.4350, ~2.9km west of given point; Locks Pond location unconfirmed.",v7: coordinate verified
MHC recon: Swift River Valley/Quabbin site area,42.478000,-72.340000,weak,2500,MA,Shutesbury,MHC Reconnaissance Survey Town Report: Shutesbury (1983),,"Report: period sites likely in former Swift River valley, now under Quabbin Reservoir waters.; [verified] Search found only Shutesbury town center (42.456,-72.410); inundated valley site unconfirmed.",v7: coordinate verified
MHC recon: Shutesbury Center hill trail node,42.456400,-72.410300,weak,1500,MA,Shutesbury,MHC Reconnaissance Survey Town Report: Shutesbury (1983),,"Report: conjectured east-west trail from Swift River to Roaring Brook followed axis over Shutesbury center hill.; [verified] Wikipedia Shutesbury coordinates 42.4564,-72.4103, ~5.2km from prior point.",v7: coordinate verified
MHC recon: Sandy Point site,41.706000,-71.164000,weak,1500,MA,Somerset,MHC Reconnaissance Survey Town Report: Somerset (1982),,Report: an unidentified native site was located at Sandy Point on the eastern bank of the Taunton River.; [verified] No Somerset/Taunton River 'Sandy Point' source found; other same-named sites are in MD and Ipswich MA.,v7: coordinate verified
MHC recon: Lee River Rd site cluster,41.732000,-71.188000,weak,1000,MA,Somerset,MHC Reconnaissance Survey Town Report: Somerset (1982),,"Report: four unidentified native sites clustered near the eastern bank of the Lee River by Lee River Rd.; [verified] Corrected onto Lees River course (Wikipedia), Somerset/Swansea line, near east bank.",v7: coordinate verified
MHC recon: Alewife Brook fish weir,42.403000,-71.119000,weak,1500,MA,Somerville,MHC Reconnaissance Survey Town Report: Somerville (1980),,"Report: a fish weir on Alewife Brook near the native village, north from Union Square/Powder House Sq area.; [verified] MHC Somerville report confirms weir/trail description; no coordinates given for the weir itself.",v7: coordinate verified
Ploughed Hill (Convent Hill) planting field,42.387783,-71.083350,medium,200,MA,Somerville,MHC Reconnaissance Survey Town Report: Somerville (1980),,"Report: Ploughed Hill, now Convent Hill in East Somerville, was probably a native planting field.; [verified] HMDB 'Ploughed Hill' marker, Broadway/Illinois Ave, East Somerville",v7: coordinate verified
MHC recon: Sagamore John's village site,42.402000,-71.114000,weak,900,MA,Somerville,MHC Reconnaissance Survey Town Report: Somerville (1980),,Report: native village home of 'Sagamore John' on high ground east of the Alewife Brook/Mystic River confluence.; [verified] Wikipedia (Wonohaquaham): his territory included Somerville near Mystic/Alewife confluence.,v7: coordinate verified
MHC recon: South Hadley Falls terrace sites,42.235400,-72.579800,weak,1500,MA,South Hadley,MHC Reconnaissance Survey Town Report: South Hadley (1982),,Report: focal point of native settlement probably South Hadley Falls; 4 of 5 Woodland sites on terraces/plains east of falls.; [verified] FRCOG archaeological resources chapter does not mention this site; no other source found.,v7: coordinate verified
MHC recon: Bridge Street burial site,42.237000,-72.585000,weak,1500,MA,South Hadley,MHC Reconnaissance Survey Town Report: South Hadley (1982),,Local source (Eastman 1912) described the Bridge Street area (South Hadley Falls) as the primary native burial site.; [verified] No source found confirming a Bridge Street burial site in South Hadley Falls.,v7: coordinate verified
MHC recon: Pine Street village site,42.258000,-72.577000,weak,1500,MA,South Hadley,MHC Reconnaissance Survey Town Report: South Hadley (1982),,"Report: native settlement may have taken place in central South Hadley village and vicinity of Pine Street.; [verified] No South Hadley source found; only an unrelated Pine Street School in Northfield, MA.",v7: coordinate verified
MHC recon: Bachelor/Stony Brook confluence site,42.248702,-72.579533,medium,500,MA,South Hadley,MHC Reconnaissance Survey Town Report: South Hadley (1982),,"Report: greatest potential for extant native occupation on lowlands adjacent to mouths of Bachelor and Stony brooks.; [verified] Corrected to USGS gauge coords, Stony Brook at South Hadley, MA.",v7: coordinate verified
MHC recon: Manhan River upland site cluster,42.230000,-72.715000,weak,1500,MA,Southampton,MHC Reconnaissance Survey Town Report: Southampton (1982),,Report: only evidence of native occupation was six undated native sites on uplands east of the Manhan River.; [verified] Point matches Southampton center area near Manhan River (Wikipedia) course.,v7: coordinate verified
MHC recon: Pomeroy Mountain/Little Mountain intervale site,42.245000,-72.745000,weak,1500,MA,Southampton,MHC Reconnaissance Survey Town Report: Southampton (1982),,"Report: probable native period settlement in the intervale extending between Pomeroy Mountain and Little Mountain.; [verified] Topozone: Pomeroy Mountain summit ~1.7km away, within intervale area between peaks.",v7: coordinate verified
MHC recon: Pequot (Hampton) Pond trail node,42.179170,-72.689440,medium,500,MA,Southampton/Westfield,MHC Reconnaissance Survey Town Report: Southampton/Westfield (1982),,"Report: primary N-S trail (Country Rd-North Line St) ran along base of Mount Tom to Pequot (Hampton) Pond.; [verified] Corrected to Wikipedia coords for Hampton Ponds State Park, Westfield.",v7: coordinate verified
MHC recon: Stony Brook site cluster (Cordaville),42.270000,-71.526944,medium,1200,MA,Southborough,MHC Reconnaissance Survey Town Report: Southborough (1983),,"Probable native use of knolls/hills adjacent to the former Stony Brook, which bisected the town; [verified] Wikipedia: Cordaville, MA at 42°16'12""N 71°31'37""W = 42.270000,-71.526944",v7: coordinate verified
MHC recon: Sudbury River lowland area (Sudbury Reservoir),42.318000,-71.525000,weak,1800,MA,Southborough,MHC Reconnaissance Survey Town Report: Southborough (1983),,"Trail crossed a reservoir on Main St; probable use of Sudbury River plains in the south, now largely flooded; [verified] Wikipedia: Sudbury Reservoir at 42.3225,-71.5125, ~1.1km away, within margin",v7: coordinate verified
MHC recon: Westville Ford trail node (Quinebaug River),42.028000,-72.033000,weak,1500,MA,Southbridge,MHC Reconnaissance Survey Town Report: Southbridge (1983),,Documented native trail ford at Westville on the Quinebaug River; fishing sites expected near river falls close by; [verified] WebSearch exhausted before this row could be researched; landmark unconfirmed.,v7: coordinate verified
MHC recon: Congamond Lakes site cluster,42.055000,-72.760000,weak,1500,MA,Southwick,MHC Reconnaissance Survey Town Report: Southwick (1982),,Native settlement probably focused around Congamond Lakes; substantial cultural material recovered from vicinity over years; [verified] No coordinate confirmed for Congamond Lakes (Topozone blocked); source snippets lacked coords.,v7: coordinate verified
MHC recon: native site near east shore of Middle Pond,42.057000,-72.757000,weak,1500,MA,Southwick,MHC Reconnaissance Survey Town Report: Southwick (1982),,"One of two unidentified Contact-period native sites was located near the eastern shore of Middle Pond; [verified] Confirmed 'Middle Pond'=middle basin of Congamond Lakes, but no shoreline-specific coordinates found.",v7: coordinate verified
MHC recon: Stiles Reservoir trail node,42.205000,-71.965000,weak,1500,MA,Spencer,MHC Reconnaissance Survey Town Report: Spencer (1983),,SW trail conjectured around Stiles Reservoir on Chickering-Clark-Bacon Hill Roads; [verified] Topozone page inaccessible (403); no coordinate confirmed for Stiles Reservoir.,v7: coordinate verified
MHC recon: Seven Mile River / Cranberry Meadow River fishing corridor,42.264814,-72.004242,medium,800,MA,Spencer,MHC Reconnaissance Survey Town Report: Spencer (1983),,"Sites expected along Seven Mile River and Cranberry Meadow River and ponds in the east, visited for seasonal fishing; [verified] USGS gauge 01175670 Sevenmile River near Spencer, MA; prior coord >2km off.",v7: coordinate verified
Vincentian Fathers village site and burial ground,42.083000,-72.570000,medium,1500,MA,Springfield,MHC Reconnaissance Survey Town Report: Springfield (1982),,Contact-period village on a bluff over the Connecticut R.; associated burial ground (13 flexed burials) excavated 1895/1897; [verified] WebSearch exhausted before this row could be researched; landmark unconfirmed.,v7: coordinate verified
MHC recon: unidentified upland site near Springfield/Longmeadow line,42.078000,-72.567000,weak,1500,MA,Springfield,MHC Reconnaissance Survey Town Report: Springfield (1982),,An unidentified upland native site was reported just above the Springfield/Longmeadow town line; [verified] WebSearch exhausted before this row could be researched; landmark unconfirmed.,v7: coordinate verified
"MHC recon: native settlement complex, Chicopee River confluence & ponds",42.140000,-72.550000,weak,1500,MA,Springfield,MHC Reconnaissance Survey Town Report: Springfield (1982),,"Additional settlement likely in NE Springfield near the Chicopee R., freshwater ponds, and area near Bay Street; [verified] Wikipedia: Chicopee R./CT R. confluence is ~6km W; specific NE Springfield pond site unconfirmed.",v7: coordinate verified
MHC recon: Wallamanumps Falls trail/fishing node (Indian Orchard),42.154669,-72.502735,weak,1500,MA,Springfield,MHC Reconnaissance Survey Town Report: Springfield (1982),,"Primary regional trail (Bay Path) originated at Wallamanumps Falls on the Chicopee River at Indian Orchard; [verified] Indian Orchard center 42.1547,-72.5027 vs 'Wallamanumps Falls' site 42.1565,-72.4843; moved east.",v7: coordinate verified
MHC recon: Hassocky Marsh hunting-gathering area,42.101000,-72.588000,weak,1500,MA,Springfield,MHC Reconnaissance Survey Town Report: Springfield (1982),,Hunting and gathering probably occurred at 17th-c. 'Hassocky Marsh' between Chestnut and Main Streets; [verified] WebSearch exhausted before this row could be researched; landmark unconfirmed.,v7: coordinate verified
"MHC recon: native ferry crossing, Mill River mouth to Agawam",42.093000,-72.593000,weak,1500,MA,Springfield,MHC Reconnaissance Survey Town Report: Springfield (1982),,Native dugout ferries assumed to have crossed the Connecticut R. to Agawam meadows from the mouth of Mill River; [verified] WebSearch exhausted before this row could be researched; landmark unconfirmed.,v7: coordinate verified
"Nashaway (Nipmuck) village site, Waushacum Ponds",42.413030,-71.756115,strong,800,MA,Sterling,MHC Reconnaissance Survey Town Report: Sterling (1983),,"Primary seat of the Nashaway Nipmuck under 17th-c. leader Sholan, located between/around East and West Waushacum Ponds; [verified] Corrected: East/West Waushacum Pond coords (OSM/lake DBs); placed at midpoint between ponds.",v7: coordinate verified
Redemption Rock trail node,42.506650,-71.869517,strong,100,MA,Princeton,MHC Reconnaissance Survey Town Report: Sterling (1983),,"Contact-period route (Redemption Rock Road) named for the standing landmark where Mary Rowlandson was ransomed, 1676; Redemption Rock, Route 140, Princeton (report discusses it from Sterling); coordinate corrected in review pass; [verified] Corrected via HMDB ",v7: coordinate verified
MHC recon: Doleful Plain planting fields (north of Spot Pond),42.462000,-71.108000,weak,1500,MA,Stoneham,MHC Reconnaissance Survey Town Report: Stoneham (1981),,"Probable sites north of Spot Pond; the Doleful Plain area is reputed as a native 'planting field'; [verified] Unfound: 1885 town history places Doleful Plain in W. Stoneham near Marble/Summer St, not Spot Pond.",v7: coordinate verified
"MHC recon: probable site, New England Sanatorium grounds",42.448000,-71.093000,weak,1500,MA,Stoneham,MHC Reconnaissance Survey Town Report: Stoneham (1981),,"Probable native site east of Spot Pond on the grounds of the New England Sanatorium; [verified] Unfound: found sanatorium's historic address (5 Woodland Rd, nr Spot Pond) but no precise geocoord source.",v7: coordinate verified
MHC recon: Bay Street trail to Taunton River (Sharon boundary),42.095000,-71.100000,weak,1800,MA,Stoughton,MHC Reconnaissance Survey Town Report: Stoughton (1979),,"Documented native trail along the Sharon town boundary, Bay Street, leading to the Taunton River; [verified] Searched; only town-level pages found, no specific trail/landmark source",v7: coordinate verified
MHC recon: Great Bear Swamp trail node (route to Punkapoag),42.145000,-71.080000,weak,1500,MA,Stoughton,MHC Reconnaissance Survey Town Report: Stoughton (1979),,Conjectured trail from Great Bear Swamp to Punkapoag (Canton) along Page Street; [verified] Searched; no 'Great Bear Swamp' in Stoughton confirmable (Wikipedia/GNIS silent).,v7: coordinate verified
"MHC recon: possible winter refuge sites, ponds in West Stoughton",42.125000,-71.130000,weak,1800,MA,Stoughton,MHC Reconnaissance Survey Town Report: Stoughton (1979),,"Possible exception of winter refuge sites near ponds in West Stoughton, noted in report's Observations; [verified] No specific West Stoughton pond site found; search returned unrelated MA ponds only",v7: coordinate verified
MHC recon: artifact finds near Gleasondale,42.420000,-71.495000,weak,1500,MA,Stow,MHC Reconnaissance Survey Town Report: Stow (1980),,"No documented sites, but artifacts reported from areas notably around Gleasondale on the Assabet River; [verified] HomeTownLocator page found but no coordinates given for Gleasondale area",v7: coordinate verified
"MHC recon: artifact finds, north end of Boons Pond",42.408000,-71.505000,medium,600,MA,Stow,MHC Reconnaissance Survey Town Report: Stow (1980),,Artifacts reported from the north end of Boons Pond; [verified] Corrected via Wikipedia Lake Boon (Boons Pond) description; existing lon was ~2km off real lake.,v7: coordinate verified
MHC recon: Assabet River fish weir/fishing site,42.430000,-71.505000,weak,1200,MA,Stow,MHC Reconnaissance Survey Town Report: Stow (1980),,Important area for seasonal fish runs in the Assabet River; possible that evidence of weirs remains; [verified] Assabet River confirmed through Stow (Wikipedia/USGS gauges); coords near river/town center.,v7: coordinate verified
MHC recon: rumored native site south of Cedar Pond,42.129060,-72.085870,weak,1200,MA,Sturbridge,MHC Reconnaissance Survey Town Report: Sturbridge (1984),,"Rumored native site location south of Cedar Pond, near Route 70; [verified] Cedar Pond, Sturbridge located per Topoquest/Mass.gov; existing point was ~3km off.",v7: coordinate verified
MHC recon: Mashapaug Pond trail node (SE upland trail),42.030000,-72.095000,weak,1500,MA,Sturbridge,MHC Reconnaissance Survey Town Report: Sturbridge (1984),,"Inferred southeast upland trail to Mashapaug Pond via Mashapaug-Union Road; [verified] Wikipedia's Mashapaug Pond is in Providence RI, not Sturbridge MA; no MA source found.",v7: coordinate verified
MHC recon: Goodman's Hill trail node,42.381000,-71.426000,weak,1200,MA,Sudbury,MHC Reconnaissance Survey Town Report: Sudbury (1980),,Report conjectures trail from Sudbury to Assabet (Maynard) via Goodman's Hill to Sudbury Center; placed at Goodman's Hill (known landmark).; [verified] Goodman's Hill Rd confirmed real road in Sudbury (Zillow/Redfin listings) near given point.,v7: coordinate verified
MHC recon: Indian Bridge (Landham Brook crossing),42.362000,-71.362000,weak,1500,MA,Sudbury/Wayland,MHC Reconnaissance Survey Town Report: Sudbury (1980),,"Report cites 'Indian Bridge' at Landham Brook (Raymond Rd) linking toward Wayland; placed near town line from geographic knowledge (WebSearch exhausted), margin widened.; [verified] Landham Brook Marsh (sudbury.ma.us) ~3.6km off, different road; not a confident fix",v7: coordinate verified
MHC recon: Sunderland floodplain wigwam settlement,42.470000,-72.562000,weak,1500,MA,Sunderland,MHC Reconnaissance Survey Town Report: Sunderland (1982),,Holland (1855) reports a 'continuous settlement' of wigwams on the floodplain east of Sunderland village; placed E of village center.; [verified] Unfound: no source located describing this floodplain settlement's position before search exhausted.,v7: coordinate verified
MHC recon: Mohawk Brook Woodland site cluster,42.442000,-72.553000,weak,1800,MA,Sunderland,MHC Reconnaissance Survey Town Report: Sunderland (1982),,"Two Woodland-period sites reported near Mohawk Brook, south Sunderland; approximate placement from geographic knowledge, WebSearch exhausted so margin widened.; [verified] No Mohawk Brook found in Sunderland MA in search results; site unconfirmed",v7: coordinate verified
MHC recon: Long Plain Brook Woodland site,42.447000,-72.545000,weak,2000,MA,Sunderland,MHC Reconnaissance Survey Town Report: Sunderland (1982),,"Woodland-period occupation evidence adjacent to Long Plain Brook; brook location approximate from general knowledge, WebSearch exhausted, margin widened.; [verified] Searched; 'Long Plain' locale found in neighboring Leverett, not Sunderland.",v7: coordinate verified
"MHC recon: Connecticut River floodplain sites, north of village",42.485000,-72.565000,weak,1300,MA,Sunderland,MHC Reconnaissance Survey Town Report: Sunderland (1982),,"Several undated native sites reported on the Connecticut River floodplain north of Sunderland village center.; [verified] Sunderland Ctr Hist. Dist. (Wikipedia) 42.4675,-72.5850; existing pt is north, as described",v7: coordinate verified
MHC recon: North Sunderland site near Whitmore Pond,42.503000,-72.558000,weak,2000,MA,Sunderland,MHC Reconnaissance Survey Town Report: Sunderland (1982),,"Single undated native site south of Whitmore Pond, North Sunderland; pond location approximate, WebSearch exhausted, margin widened.; [verified] findlatitudeandlongitude: Whitmore Cross Rd 42.5024,-72.5484, within margin.",v7: coordinate verified
MHC recon: Mount Toby suspected quarry,42.497000,-72.548000,weak,2200,MA,Sunderland,MHC Reconnaissance Survey Town Report: Sunderland (1982),,"Historic overview cites suspected native quarry locations around Mount Toby; placed on Sunderland-side slope, wide margin given whole-hill vagueness.; [verified] Wikipedia Mount Toby summit 42.487780,-72.537500 is within stated margin",v7: coordinate verified
MHC recon: Singletary Pond site cluster,42.146000,-71.749000,weak,1500,MA,Sutton,MHC Reconnaissance Survey Town Report: Sutton (1983),,Native sites reported adjacent to Singletary Pond among Sutton's waterway site locations.; [verified] Unfound: could not get precise Singletary Pond coords independent of Sutton town-center coordinate.,v7: coordinate verified
MHC recon: western Sutton pond site cluster (Ramshorn/Stockwell/Stevens ponds),42.148000,-71.800000,weak,1800,MA,Sutton,MHC Reconnaissance Survey Town Report: Sutton (1983),,"Sites reported adjacent to Ramshorn, Stockwell and Stevens ponds in western Sutton; exact pond positions approximate, WebSearch exhausted, margin widened.; [verified] Ramshorn Pond confirmed at 42.155313,-71.807362 (Topozone); existing coord within margin",v7: coordinate verified
MHC recon: Sibley Reservoir site,42.172000,-71.770000,weak,1800,MA,Sutton,MHC Reconnaissance Survey Town Report: Sutton (1983),,"Native sites reported near Sibley Reservoir in north Sutton; location approximate from geographic knowledge, margin widened.; [verified] Sibley Reservoir page found (Fishbrain/Lake-Link) but fetch blocked 403; coordinate unconfirmed",v7: coordinate verified
MHC recon: Black Will's Cliff wigwam settlement (1629),42.467600,-70.916990,medium,300,MA,Swampscott,MHC Reconnaissance Survey Town Report: Swampscott (1985),,Thompson (1885) reports settler Ingalls found wigwams extending from Black Will's Cliff along the entire north shore in 1629.; [verified] Corrected via OSM/Mapcarta coordinates for Black Wills Cliff itself; existing point was ~1.5km off.,v7: coordinate verified
MHC recon: Phillip's Point trail terminus,42.460000,-70.883000,weak,1500,MA,Swampscott,MHC Reconnaissance Survey Town Report: Swampscott (1985),,Conjectured inland native trail along Route 129 with an extension to Phillip's Point.; [verified] Unfound: no source found giving precise Phillips Point coordinates before search budget ran out.,v7: coordinate verified
MHC recon: Vinnin Hill trail route,42.489000,-70.909000,weak,900,MA,Swampscott,MHC Reconnaissance Survey Town Report: Swampscott (1985),,"Conjectured native route via Essex St/Paradise Rd going around Vinnin Hill.; [verified] Search confirms Vinnin Sq at Paradise Rd/Essex St, Swampscott, near existing point.",v7: coordinate verified
MHC recon: Gardner's Neck / Cole River site cluster (six sites),41.721000,-71.209000,weak,1500,MA,Swansea,MHC Reconnaissance Survey Town Report: Swansea (1982),,"Six unidentified native sites reported further north on Gardner's Neck and the west bank of Cole River, beyond the already-mapped Gardner's Neck burials.; [verified] Unfound: Swansea Wikipedia confirms Cole River but gives no coordinates for Gardner's Neck.",v7: coordinate verified
MHC recon: North Swansea vicinity sites,41.752000,-71.207000,weak,1500,MA,Swansea,MHC Reconnaissance Survey Town Report: Swansea (1982),,"Two unidentified native sites reported south of North Swansea village, possibly Contact period.; [verified] No source found specifically identifying 'North Swansea' village location",v7: coordinate verified
MHC recon: native ford at Palmer River,41.778000,-71.243000,weak,1200,MA,Swansea,MHC Reconnaissance Survey Town Report: Swansea (1982),,"Major native ford likely at junction of the northern Swansea trail (Marvel/Cummings/Locust/Vinnicum/Old Fall River Rds) with the Palmer River; approximate, margin widened.; [verified] Palmer River confirmed on Swansea/Rehoboth border (Wikipedia/USGS gauge S. Rehoboth).",v7: coordinate verified
MHC recon: Case High School rockshelter (Abram's shelter),41.750000,-71.186000,weak,1500,MA,Swansea,MHC Reconnaissance Survey Town Report: Swansea (1982),,"Rockshelter NE of Case High School used by Abram, a half-breed native, before and after King Philip's War.; [verified] Unfound: could not locate Case High School Swansea or confirm rockshelter; search budget exhausted.",v7: coordinate verified
MHC recon: Margaret's Rock / Devil's Rock rockshelters,41.776000,-71.259000,weak,1500,MA,Swansea,MHC Reconnaissance Survey Town Report: Swansea (1982),,"Historic rockshelters west of Heath Brook; one account claims a large native village nearby; brook location approximate, margin widened.; [verified] Unfound: could not confirm Heath Brook / rockshelter location; search budget exhausted.",v7: coordinate verified
"MHC recon: grain preparation site, Swansea/Warren line",41.781000,-71.266000,weak,1500,MA,Swansea,MHC Reconnaissance Survey Town Report: Swansea (1982),,Reputed historic native grain preparation site at junction of the Swansea/Warren town line and Heath Brook; [verified] Unfound: Heath Brook / Swansea-Warren line location unconfirmed; search budget exhausted.,v7: coordinate verified
MHC recon: Watson's Pond / Lake Sabbatia site cluster,41.950000,-71.119000,weak,1500,MA,Taunton,MHC Reconnaissance Survey Town Report: Taunton (1981),,"Seven sites (five unidentified, two Archaic) clustered about Watson's Pond and Lake Sabbatia; placed at Watson's Pond, margin widened to cover both ponds.; [verified] Wikipedia Watson Pond coordinates 41.9500,-71.1189, ~4.7km from prior point.",v7: coordinate verified
MHC recon: Bearhole Pond complex sites,41.893000,-71.098000,weak,1500,MA,Taunton,MHC Reconnaissance Survey Town Report: Taunton (1981),,"Three unidentified sites concentrated around the Bearhole Pond complex; pond location approximate, WebSearch exhausted, margin widened.; [verified] Unfound: WebSearch quota exhausted before this row was verified; margin widened per spec.",v7: coordinate verified
MHC recon: East Taunton Falls native settlement,41.876000,-71.032000,weak,1500,MA,Taunton,MHC Reconnaissance Survey Town Report: Taunton (1981),,Falls at East Taunton reported as the site of a native settlement at the time of Taunton's incorporation.; [verified] Unfound: East Taunton CDP centroid found (Wikipedia) but no source confirms falls/settlement there.,v7: coordinate verified
MHC recon: Weir Village fish weir and trail ford,41.900000,-71.093000,weak,1500,MA,Taunton,MHC Reconnaissance Survey Town Report: Taunton (1981),,"Secondary native trail crossed the Taunton River at Weir Village, near the probable location of a Contact-period fish weir at the Mill/Taunton River junction.; [verified] Unfound: no source found confirming Weir Village fish-weir/ford location; search budget e",v7: coordinate verified
MHC recon: Otter River / East Templeton pond site potential,42.570000,-72.080000,weak,2500,MA,Templeton,MHC Reconnaissance Survey Town Report: Templeton (1984),,"No confirmed Contact-period sites; report flags the Otter River and East Templeton, Greenwood, Partridgeville and Stone Bridge ponds as secondary site-potential areas; wide margin, positions approximate.; [verified] Wikipedia 'Otter River' coord is Winchendon village, not the Tem",v7: coordinate verified
MHC recon: Heath Brook terrace sites,42.635000,-71.190000,weak,1200,MA,Tewksbury,MHC Reconnaissance Survey Town Report: Tewksbury (1980),,"Sites reported on well-drained terraces overlooking Heath Brook; brook location approximate from general knowledge, margin widened.; [verified] Heath Brook confirmed in Tewksbury (USGS gauge 01100605; Heath Brook School).",v7: coordinate verified
MHC recon: Great Swamp periphery sites,42.640000,-71.200000,weak,1500,MA,Tewksbury,MHC Reconnaissance Survey Town Report: Tewksbury (1980),,"Sites reported on terraces overlooking Great Swamp in NE Tewksbury; approximate, margin widened.; [verified] No specific source found confirming a named 'Great Swamp' site in Tewksbury.",v7: coordinate verified
"MHC recon: trail node, Tewksbury Center",42.610000,-71.238000,weak,1200,MA,Tewksbury,MHC Reconnaissance Survey Town Report: Tewksbury (1980),,Conjectured branch trail circuiting Great Swamp from Wamesit to Tewksbury Center via Clark/Main/Old Boston Rds; placed at the Center.; [verified] Coordinates match Tewksbury town center (Wikipedia/latlong.net).,v7: coordinate verified
MHC recon: Merrimack River floodplain sites,42.646000,-71.223000,weak,1500,MA,Tewksbury,MHC Reconnaissance Survey Town Report: Tewksbury (1980),,"Small native settlements probable along the Merrimack River in NE Tewksbury; approximate placement, margin widened.; [verified] Searched; no confirmable point source for generic Merrimack floodplain reach in NE Tewksbury.",v7: coordinate verified
MHC recon: Lake Tashmoo village site potential,41.470000,-70.605000,weak,1500,MA,Tisbury,MHC Reconnaissance Survey Town Report: Tisbury (1984),,Report indicates potential Contact-period village sites in the Lake Tashmoo area.; [verified] Unfound: Lake Tashmoo Wikipedia page unfetchable; no coordinate source confirmed.,v7: coordinate verified
Ashappaquonsett (Tashmoo outlet fishing site),41.478000,-70.607000,weak,1500,MA,Tisbury,MHC Reconnaissance Survey Town Report: Tisbury (1984),,"Native place name for the outlet/creek of Tashmoo Lake, a popular fishing area.; [verified] Unfound: no independent source found for Ashappaquonsett / Tashmoo-outlet coordinates.",v7: coordinate verified
MHC recon: Machequeset swamp site,41.468000,-70.598000,weak,1500,MA,Tisbury,MHC Reconnaissance Survey Town Report: Tisbury (1984),,"Native place name Machequeset applied to the swamp east of Tashmoo, indicating native use of the area.; [verified] Unfound: no independent source found for Machequeset swamp coordinates.",v7: coordinate verified
MHC recon: Duarte Pond site potential,41.420750,-70.615000,medium,300,MA,Tisbury,MHC Reconnaissance Survey Town Report: Tisbury (1984),,"Report flags interior Duarte Pond as likely to contain native sites; location approximate, WebSearch exhausted, margin widened.; [verified] Duarte Pond per Fishbrain (Dukes Co./Martha's Vineyard): 41.42075,-70.615.",v7: coordinate verified
Uquiessah (Little Neck),41.450000,-70.590000,weak,1500,MA,Tisbury,MHC Reconnaissance Survey Town Report: Tisbury (1984),,"Native place name Uquiessah applied to the Little Neck area; location approximate, margin widened.; [verified] Searched; only Ipswich/NY 'Little Neck' found, none confirming Tisbury's Little Neck.",v7: coordinate verified
Nobnocket (West Chop / Holmes Hole Neck),41.480000,-70.602780,medium,700,MA,Tisbury,MHC Reconnaissance Survey Town Report: Tisbury (1984),,"Tribal/village area Nobnocket on the neck east of Vineyard Haven Harbor (West Chop); Holmes Hole Neck sold by natives to whites in 1663-64.; [verified] Corrected via Wikipedia West Chop coordinates (41.480,-70.6028), the named landmark on this neck.",v7: coordinate verified
MHC recon: Noyes Pond site,42.175000,-73.070000,weak,1500,MA,Tolland,MHC Reconnaissance Survey Town Report: Tolland (1982),,"Report suspects native hunting/fishing camp sites at Noyes Pond.; [verified] Unfound: Noyes Pond, Tolland not checked before WebSearch budget was exhausted.",v7: coordinate verified
MHC recon: Southeast Bay site,42.145000,-73.075000,weak,1500,MA,Tolland,MHC Reconnaissance Survey Town Report: Tolland (1982),,"Native hunting/fishing camps probable adjacent to Southeast Bay; location approximate, WebSearch exhausted, margin widened.; [verified] Searched; no confirmable coordinate for a 'Southeast Bay' feature near Tolland.",v7: coordinate verified
MHC recon: Hall Pond / Chestnut Hill trail node,42.140000,-73.090000,weak,1500,MA,Tolland,MHC Reconnaissance Survey Town Report: Tolland (1982),,Conjectured N-S trail along Amos Case Rd by Hall Pond and Chestnut Hill.; [verified] Searched; Tolland's Hall Pond/Chestnut Hill trail node not confirmable (name collision w/ Newton site).,v7: coordinate verified
MHC recon: western boundary rockshelter (Plantation period),42.155000,-73.100000,weak,2000,MA,Tolland,MHC Reconnaissance Survey Town Report: Tolland (1982),,"Probable Plantation-period rockshelter reported adjacent to Tolland's western boundary; vague location, wide margin.; [verified] Searched; no rockshelter or precise western-boundary coordinates found for Tolland.",v7: coordinate verified
MHC recon: Ipswich River native site potential,42.636000,-70.943000,weak,2000,MA,Topsfield,MHC Reconnaissance Survey Town Report: Topsfield (1985),,"Report: well-drained land along Ipswich River/wetlands cited as likely site locations, none verified. WebSearch quota exhausted; geocoded from geographic knowledge, error margin widened.; [verified] USGS gauge Ipswich River near Topsfield: 42.6240,-70.9353, within margin.",v7: coordinate verified
MHC recon: Rt 97/Rowley St/Salem Rd inland trail,42.647000,-70.928000,weak,2200,MA,Topsfield,MHC Reconnaissance Survey Town Report: Topsfield (1985),,"Report: conjectured inland Native trail in Rt. 97, Rowley Street, Salem Road area. WebSearch quota exhausted; geocoded from geographic knowledge, error margin widened.; [verified] Searched; no confirmable trail location, only generic Topsfield street records found",v7: coordinate verified
MHC recon: Vinton Pond site,42.651000,-71.748000,weak,1200,MA,Townsend,MHC Reconnaissance Survey Town Report: Townsend (1984),,"Report: possible native sites at Vinton Pond, SW Townsend; trail conjectured to pass the pond. WebSearch quota exhausted; geocoded from geographic knowledge, error margin widened.; [verified] Vinton Pond/Vinton Pond Rd confirmed real in Townsend (Trulia, MTB Project).",v7: coordinate verified
MHC recon: West Townsend Squannacook River crossing,42.678144,-71.724239,medium,300,MA,Townsend,MHC Reconnaissance Survey Town Report: Townsend (1984),,"Report: conjectured east/west native trail crossed Squannacook River at West Townsend. WebSearch quota exhausted; geocoded from geographic knowledge, error margin widened.; [verified] USGS gauge 01095977, Squannacook River near West Townsend: 42.678144,-71.724239.",v7: coordinate verified
MHC recon: Pamet River 1620 corn fields and graves,42.038000,-70.078000,medium,1200,MA,Truro,MHC Reconnaissance Survey Town Report: Truro (1984),,"Report: 1620 Mayflower exploration found cleared corn fields, graves and cornstalks in Pamet River area. WebSearch quota exhausted; geocoded from geographic knowledge, error margin widened.; [verified] Corn Hill, Truro (Wikipedia) is the documented 1620 corn/grave discovery site ",v7: coordinate verified
Wamesit Praying Village (Tyng's Island),42.681000,-71.329000,weak,1500,MA,Tyngsborough,MHC Reconnaissance Survey Town Report: Tyngsborough (1980),,"Report: remains of Wamesit Indian Praying village; population relocated to Tyng's (Wiscasuck) Island 1676-86. WebSearch quota exhausted; geocoded from geographic knowledge, error margin widened.; [verified] Unfound: Wamesit/Tyngsborough Wikipedia confirm reloc",v7: coordinate verified
MHC recon: Frost Road Merrimack east-side site,42.657000,-71.307000,weak,2000,MA,Tyngsborough,MHC Reconnaissance Survey Town Report: Tyngsborough (1980),,"Report: probable Contact-period occupation on east side of Merrimack River near Frost Road. WebSearch quota exhausted; geocoded from geographic knowledge, error margin widened.; [verified] Searched; Frost Rd addresses confirmed but no coordinate source found in results.",v7: coordinate verified
MHC recon: Massapoag Pond terrace sites,42.685000,-71.365000,weak,2200,MA,Tyngsborough,MHC Reconnaissance Survey Town Report: Tyngsborough (1980),,"Report: probable native sites along valley and former terraces of Massapoag Pond, western Tyngsborough. WebSearch quota exhausted; geocoded from geographic knowledge, error margin widened.; [verified] Multiple Massapoag Ponds found regionally; none confirmed specifically within T",v7: coordinate verified
MHC recon: Pratt Pond site,42.183000,-71.590000,weak,1500,MA,Upton,MHC Reconnaissance Survey Town Report: Upton (1983),,"Report: possible native sites at Pratt Pond, used for fishing and agriculture. WebSearch quota exhausted; geocoded from geographic knowledge, error margin widened.; [verified] Searched Pratt Pond, Upton (Bivy/Tripadvisor listings); no coordinate given.",v7: coordinate verified
MHC recon: Taft Pond site,42.138152,-71.596176,medium,300,MA,Upton,MHC Reconnaissance Survey Town Report: Upton (1983),,"Report: Taft Pond in south Upton provided sites for fishing and agriculture. WebSearch quota exhausted; geocoded from geographic knowledge, error margin widened.; [verified] USGS gauge 01111184, Taft Pond Brook near Upton: 42.138152,-71.596176.",v7: coordinate verified
MHC recon: Warren and Center Brooks site cluster,42.186000,-71.578000,weak,1800,MA,Upton,MHC Reconnaissance Survey Town Report: Upton (1983),,"Report: Warren and Center Brooks in east Upton used more intensively for fishing/agriculture. WebSearch quota exhausted; geocoded from geographic knowledge, error margin widened.; [verified] USGS gauge for Warren Brook found near West Upton (42.19,-71.63), not matching east-Upton",v7: coordinate verified
Waentuck (Nipmuck village),42.075000,-71.628000,weak,1500,MA,Uxbridge,MHC Reconnaissance Survey Town Report: Uxbridge (1984),,"Report: Nipmuck village Waentuck near confluence of Blackstone and Mumford Rivers, regional base camp. WebSearch quota exhausted; geocoded from geographic knowledge, error margin widened.; [verified] Unfound: Uxbridge Wikipedia gives only town-center coords; n",v7: coordinate verified
MHC recon: Lackey Pond shoreline sites,42.050000,-71.610000,weak,1500,MA,Uxbridge,MHC Reconnaissance Survey Town Report: Uxbridge (1984),,"Report: expected native sites along shores of Lackey Pond. WebSearch quota exhausted; geocoded from geographic knowledge, error margin widened.; [verified] Mass.gov confirms Lackey Pond spans Sutton/Uxbridge but page gives no coordinates.",v7: coordinate verified
MHC recon: Cedar Swamp north sites,42.090000,-71.640000,weak,1800,MA,Uxbridge,MHC Reconnaissance Survey Town Report: Uxbridge (1984),,"Report: expected native sites in area north of Cedar Swamp. WebSearch quota exhausted; geocoded from geographic knowledge, error margin widened.; [verified] No Cedar Swamp specific to Uxbridge found in search; only unrelated swamps elsewhere in MA",v7: coordinate verified
MHC recon: Lake Quannapowitt planting fields,42.503000,-71.078000,medium,900,MA,Wakefield,MHC Reconnaissance Survey Town Report: Wakefield (1980),,"Report: documentary sources indicate native settlement and planting fields on south shore of Lake Quannapowitt. WebSearch quota exhausted; geocoded from geographic knowledge, error margin widened.; [verified] Wikipedia Lake Quannapowitt (42.515,-71.0786) confirms lake; point on s",v7: coordinate verified
MHC recon: Crystal Lake site cluster,42.491820,-71.073510,weak,900,MA,Wakefield,MHC Reconnaissance Survey Town Report: Wakefield (1980),,"Report: additional native sites reported near Crystal Lake. WebSearch quota exhausted; geocoded from geographic knowledge, error margin widened.; [verified] Topozone/Topoquest: Crystal Lake ctr 42.49182,-71.07351 (~1.1km off); corrected to lake.",v7: coordinate verified
MHC recon: SE Wakefield rockshelters,42.492000,-71.058000,weak,2200,MA,Wakefield,MHC Reconnaissance Survey Town Report: Wakefield (1980),,"Report: some rockshelters reported in southeastern part of town (broad quadrant statement). WebSearch quota exhausted; geocoded from geographic knowledge, error margin widened.; [verified] Searched; only town-center coordinates found, no specific rockshelter site confirmable",v7: coordinate verified
MHC recon: Lake George native site and burial ground,42.058400,-72.222880,medium,700,MA,Wales,MHC Reconnaissance Survey Town Report: Wales (1982),,"Report: native settlement focus at Lake George; town's first burial ground on N edge of lake may reuse Contact-period burial site. WebSearch quota exhausted; geocoded from geographic knowledge, error margin widened.; [verified] Lake-Link: Lake George at 42.058",v7: coordinate verified
MHC recon: Vinica Pond trail node (Longmeadow Path),42.050000,-72.180000,weak,2200,MA,Wales,MHC Reconnaissance Survey Town Report: Wales (1982),,"Report: conjectured Longmeadow Path trail ran via Vinica Pond toward Lake George. WebSearch quota exhausted; geocoded from geographic knowledge, error margin widened.; [verified] Searched; no Vinica Pond in Wales, MA found in any source",v7: coordinate verified
MHC recon: Old Post Road (Neponset-Wollomonopoag Trail),42.160000,-71.228000,weak,2000,MA,Walpole,MHC Reconnaissance Survey Town Report: Walpole (1980),,"Report: documented trail Dedham to Sharon via Old Post Road through East Walpole/Walpole Heights. WebSearch quota exhausted; geocoded from geographic knowledge, error margin widened.; [verified] Searched; HomeTownLocator/school profile confirm road but list no coordinates.",v7: coordinate verified
Neponset (Punkapoag) Reservation at Bird Pond,42.163430,-71.217830,medium,900,MA,Walpole,MHC Reconnaissance Survey Town Report: Walpole (1980),,"Report: reservation for Neponset/Punkapoag natives briefly established 1685 along Bird Pond section of Neponset River to Washington St. WebSearch quota exhausted; geocoded from geographic knowledge, error margin widened.; [verified] Mapcarta: Bird Pond Dam 42.",v7: coordinate verified
"MHC recon: ""Indian Stockade"" site (West Street)",42.388000,-71.240000,weak,1500,MA,Waltham,MHC Reconnaissance Survey Town Report: Waltham (1980),,"Report: reputed ""Indian Stockade"" off West Street south of Cambridge Reservoir. WebSearch quota exhausted; geocoded from geographic knowledge, error margin widened.; [verified] No source confirms a specific 'Indian Stockade' off West St; widened margin.",v7: coordinate verified
"MHC recon: ""Indian Hollow"" (Calvary Cemetery)",42.364670,-71.226830,medium,500,MA,Waltham,MHC Reconnaissance Survey Town Report: Waltham (1980),,"Report: reputed ""Indian Hollow"" south of the Charles River in Calvary Cemetery. WebSearch quota exhausted; geocoded from geographic knowledge, error margin widened.; [verified] FindAGrave: Calvary Cemetery 42.36467,-71.22683 (~1.5km from existing); corrected.",v7: coordinate verified
MHC recon: Hardy's Pond / Beaver Brook site cluster,42.401000,-71.246000,weak,1500,MA,Waltham,MHC Reconnaissance Survey Town Report: Waltham (1980),,"Report: sites likely along Beaver Brook confluence and around Hardy's Pond. WebSearch quota exhausted; geocoded from geographic knowledge, error margin widened.; [verified] Wikipedia Hardy Pond, Waltham: 42.407369,-71.243961; existing point within margin.",v7: coordinate verified
MHC recon: Richards Ledges encampment (Quabbin Reservoir),42.310000,-72.315000,medium,2000,MA,Ware,MHC Reconnaissance Survey Town Report: Ware (1982),,"Late Archaic upland encampment at 'Richards Ledges', Quabbin's E shore; WebSearch exhausted, wide margin; [verified] PeakVisor lists Richards Ledges at 42.317518,-72.294023, ~1.9km away, within margin.",v7: coordinate verified
MHC recon: Ware River falls fishing camp (East Main St bridge),42.298000,-72.238000,weak,1500,MA,Ware,MHC Reconnaissance Survey Town Report: Ware (1982),,Quabaug natives traveled Bay Path to Ware River falls near East Main St bridge for spring fishing camps; [verified] Could not confirm exact Ware R. falls/East Main St bridge site; widened margin.,v7: coordinate verified
MHC recon: Quabbin Hill/Little Quabbin hunting camps,42.285531,-72.335451,medium,600,MA,Ware,MHC Reconnaissance Survey Town Report: Ware (1982),,"Seasonal hunting camps probable on Quabbin Hill/Little Quabbin uplands; approx, WebSearch unavailable; [verified] hiiker.app: Quabbin Hill/Observation Tower 42.285531,-72.335451; prior coord ~3.8km off.",v7: coordinate verified
MHC recon: Swift River intervale sites (inundated by Quabbin Reservoir),42.320000,-72.310000,weak,2500,MA,Ware,MHC Reconnaissance Survey Town Report: Ware (1982),,"Native sites on Swift River intervales inundated by Quabbin Reservoir; approx, WebSearch unavailable; [verified] Swift/Ware River sources give no confluence/intervale coordinates; site remains unconfirmed.",v7: coordinate verified
MHC recon: Conant's Hill burial/occupation site,41.764430,-70.748034,strong,600,MA,Wareham,MHC Reconnaissance Survey Town Report: Wareham (1981),,"Reported contact/historic burial-occupation site on Conant's Hill immediately E of Horseshoe Pond; [verified] Census geocode of Station St end + USGS Horseshoe Pond gauge converge ~41.7644,-70.748.",v7: coordinate verified
MHC recon: Wickets Island native residence/trail terminus,41.737327,-70.653644,strong,200,MA,Wareham,MHC Reconnaissance Survey Town Report: Wareham (1981),,"Wickets Island (Onset) was residence of local natives in 18th c.; canoe trail terminus from mainland; [verified] Wikipedia pins Wickets Island 41.737327,-70.653644 (~760m from existing); corrected.",v7: coordinate verified
MHC recon: Indian Neck contact-period site,41.760000,-70.735000,weak,1200,MA,Wareham,MHC Reconnaissance Survey Town Report: Wareham (1981),,Possible surviving contact-period sites on minimally developed Indian Neck; [verified] Indian Neck Rd confirmed real neighborhood in East Wareham (Trulia/LandVest listings).,v7: coordinate verified
MHC recon: Cromesett Neck contact-period site,41.735000,-70.717000,weak,1500,MA,Wareham,MHC Reconnaissance Survey Town Report: Wareham (1981),,Possible surviving contact-period sites on minimally developed Cromset Neck; [verified] Searched; no source confirming 'Cromesett/Cromsett Neck' location in Wareham results.,v7: coordinate verified
MHC recon: Great Neck contact-period site,41.726300,-70.663100,medium,800,MA,Wareham,MHC Reconnaissance Survey Town Report: Wareham (1981),,"Possible surviving contact-period sites on minimally developed Great Neck; approx, WebSearch unavailable; [verified] Mass Audubon Great Neck Wildlife Sanctuary confirmed at 41.726300,-70.663100 (directions page)",v7: coordinate verified
MHC recon: Weweantic River fishing/hunting camps,41.769976,-70.754457,medium,400,MA,Wareham,MHC Reconnaissance Survey Town Report: Wareham (1981),,"High probability of native fishing/hunting/collecting camps along Weweantic River shore; [verified] USGS gauge 01105895, Weweantic River at South Wareham: 41.769976,-70.754457.",v7: coordinate verified
MHC recon: Naultaug Brook artifact site,42.220000,-72.160000,weak,1500,MA,Warren,MHC Reconnaissance Survey Town Report: Warren (1984),,Naultaug Brook rich collector's area yielding Early/Late Archaic and Late Woodland artifacts; [verified] Brook confirmed but exact 'collector's area' site not locatable; widened margin.,v7: coordinate verified
MHC recon: Quaboag Falls fishing site,42.213000,-72.191000,weak,1500,MA,Warren,MHC Reconnaissance Survey Town Report: Warren (1984),,"Quaboag River falls in Warren focus of seasonal fishing; documented native sites in E part of town nearby; [verified] Search found West Warren village (~4km off), not Quaboag Falls specifically",v7: coordinate verified
MHC recon: Tufts/Sullivan/Cheney/O'Neil brook site cluster,42.207000,-72.195000,weak,2000,MA,Warren,MHC Reconnaissance Survey Town Report: Warren (1984),,"Tufts, Sullivan, Cheney and O'Neil brooks and Quaboag River listed as probable period-site locations townwide; [verified] USGS gauge Cheney Brook at Warren: 42.2156,-72.2062, within margin.",v7: coordinate verified
MHC recon: Warwick village vicinity site,42.669800,-72.334500,weak,1500,MA,Warwick,MHC Reconnaissance Survey Town Report: Warwick (1982),,"Period sites probably focused on level land in vicinity of Warwick village; [verified] Wikipedia Warwick, MA town center: 42.68194,-72.33944; existing point within margin.",v7: coordinate verified
MHC recon: Hastings Pond hill site,42.679859,-72.338004,weak,1000,MA,Warwick,MHC Reconnaissance Survey Town Report: Warwick (1982),,"Fill/hill overlooking Hastings Pond flagged as probable period site and surviving-evidence area; [verified] Census geocode: Hastings Pond Rd 42.679859,-72.338004 (~2.2km from existing); corrected.",v7: coordinate verified
MHC recon: hill SE of Richard's Reservoir,42.660000,-72.330000,weak,2500,MA,Warwick,MHC Reconnaissance Survey Town Report: Warwick (1982),,"Hill immediately SE of Richard's Reservoir noted as probable site; reservoir location uncertain, no WebSearch; [verified] Reservoir listing pages found but fetch blocked (robots); hill location unconfirmed.",v7: coordinate verified
MHC recon: lowlands south of Moore's Pond,42.657111,-72.349556,medium,300,MA,Warwick,MHC Reconnaissance Survey Town Report: Warwick (1982),,"Mixture of dry/marshy lowlands south of Moore's Pond flagged as probable site and surviving-evidence area; [verified] Mass.gov Moores Pond, Warwick: 42.657111,-72.349556 (directions-link coordinates).",v7: coordinate verified
MHC recon: Charles River ford at Galen Street,42.364740,-71.185617,strong,150,MA,Watertown,MHC Reconnaissance Survey Town Report: Watertown (1980),,"Ford across Charles River near Galen St bridge was focus of regional Native trails (Connecticut Path); [verified] Wikipedia: Watertown/Galen St Bridge 42.36474,-71.185617 (~490m off); corrected, precise.",v7: coordinate verified
MHC recon: Perkins Institute bluffs site,42.365400,-71.173900,medium,400,MA,Watertown,MHC Reconnaissance Survey Town Report: Watertown (1980),,"Documented period sites on bluffs on N side of Charles River around Perkins Institute; [verified] Wikipedia Perkins School for the Blind (42.3620,-71.1755) consistent with siting near Perkins.",v7: coordinate verified
MHC recon: Sawins Pond site,42.364306,-71.151940,strong,150,MA,Watertown,MHC Reconnaissance Survey Town Report: Watertown (1980),,"Unspecific native sites reported near Sawins Pond; exact pond location uncertain, WebSearch unavailable; [verified] Wikipedia: Sawins Pond, Watertown MA coordinates",v7: coordinate verified
MHC recon: Watertown Square fish weir,42.363000,-71.184000,medium,200,MA,Watertown,MHC Reconnaissance Survey Town Report: Watertown (1980),,"Documented Native fish weir just south of Watertown Square on the Charles River; [verified] Wikipedia pins Watertown Square 42.3652,-71.1844; weir moved south of square per basis.",v7: coordinate verified
MHC recon: Sudbury River ford at Pelham Island Road,42.348000,-71.360000,weak,1500,MA,Wayland,MHC Reconnaissance Survey Town Report: Wayland (1980),,Documented (Robinson 1976) secondary Sudbury River crossing at Pelham Island Rd; [verified] Only road's near-end geocoded; exact river-crossing point unconfirmed; widened margin.,v7: coordinate verified
MHC recon: Lake Chaubunagungamaug site potential,42.041667,-71.841667,medium,600,MA,Webster,MHC Reconnaissance Survey Town Report: Webster (1983),,"Large lake indicates high potential for Contact-period sites though none confirmed except by rumor; [verified] Wikipedia Lake Chaubunagungamaug, Webster: 42.041667,-71.841667.",v7: coordinate verified
Chaubunagungamaug Praying Indian Town,42.040000,-71.815000,weak,2000,MA,Webster,MHC Reconnaissance Survey Town Report: Webster (1983),,"Praying town w/ 5-mi-sq Nipmuck reservation (1681) W of Lake Chaubunagungamaug; 9 families, 45 people; [verified] Lake ctr 42.04167,-71.84167 is E of existing pt, contradicting 'W of lake' basis.",v7: coordinate verified
MHC recon: Freeman's Brook trail junction,42.055000,-71.845000,weak,1500,MA,Webster,MHC Reconnaissance Survey Town Report: Webster (1983),,"Trail from west to lake via Freeman's Brook, now Perryville Rd-Ash St-abandoned road; [verified] Could not confirm precise Freeman's Brook trail-junction location; widened margin.",v7: coordinate verified
MHC recon: trail network E of Lake Chaubunagungamaug,42.052000,-71.815000,weak,2500,MA,Webster,MHC Reconnaissance Survey Town Report: Webster (1983),,"N-S/E trails documented via Old Oxford Rd-Worcester Rd-Thompson Rd and Gore Rd toward Wallum Lake; [verified] Lake Chaubunagungamaug (Wikipedia) at 42.0417,-71.8417; point ~2.5km E, matches trail site.",v7: coordinate verified
MHC recon: Lower Falls wading place ford,42.323000,-71.253000,weak,1500,MA,Wellesley,MHC Reconnaissance Survey Town Report: Wellesley (1980),,Documented (Fiske 1917) 'Wading place' ford of Charles River at Lower Falls on Newton-Natick trail; [verified] Could not pin exact Lower Falls ford; only distant street-address proxies found.,v7: coordinate verified
Maugus Hill (native site),42.315000,-71.278000,weak,1500,MA,Wellesley,MHC Reconnaissance Survey Town Report: Wellesley (1980),,Native site named by Fiske (1917) along trail from Lower Falls toward Lake Waban; [verified] trailsnh.com blocked by robots.txt; no coordinate confirmed for Maugus Hill.,v7: coordinate verified
Lake Waban (native site),42.295000,-71.305000,weak,1500,MA,Wellesley,MHC Reconnaissance Survey Town Report: Wellesley (1980),,Native site on trail (Fiske 1917); later mid-17c mill and mixed native/negro colony on S shore; [verified] No coordinate source found for Lake Waban site itself; widened margin.,v7: coordinate verified
MHC recon: Glen Road creek site,42.281000,-71.277000,weak,1500,MA,Wellesley,MHC Reconnaissance Survey Town Report: Wellesley (1980),,"Native sites reported along creek between Glen Road and Charles River (Fiske 1917); [verified] Glen Rd address ~4.7km off, likely different segment; could not confirm; widened.",v7: coordinate verified
Punonakanit (native town/reservation),41.941000,-70.040000,weak,2500,MA,Wellfleet,MHC Reconnaissance Survey Town Report: Wellfleet (1984),,Native settlement/reservation 'Punonakanit' present in Wellfleet area after 1674; precise location uncertain; [verified] No site-specific coordinate source found for Punonakanit in Wellfleet,v7: coordinate verified
MHC recon: Wickett Pond fishing/hunting camp,42.551511,-72.431248,weak,700,MA,Wendell,MHC Reconnaissance Survey Town Report: Wendell (1982),,"Small seasonal fishing/hunting encampments probable in vicinity of Wickett Pond; [verified] Topozone: Wickett Pond 42.551511,-72.431248 (~3.2km from existing); corrected to pond.",v7: coordinate verified
MHC recon: Depot Road upland hunting camp,42.567000,-72.408000,weak,1200,MA,Wendell,MHC Reconnaissance Survey Town Report: Wendell (1982),,"Encampments probable on central upland range that Depot Road is situated on; [verified] Depot Rd confirmed real road in Wendell, MA 01379 (Trulia).",v7: coordinate verified
MHC recon: area south of Fiske Pond camp,42.543000,-72.405000,weak,1500,MA,Wendell,MHC Reconnaissance Survey Town Report: Wendell (1982),,Encampments probable on level area south of Fiske Pond; [verified] No coordinate source found for Fiske Pond; widened margin.,v7: coordinate verified
MHC recon: Wenham Swamp site area,42.616760,-70.899500,medium,800,MA,Wenham,MHC Reconnaissance Survey Town Report: Wenham (1986),,"Report: Wenham Swamp a regionally important wetland, likely good site location for habitation/fishing/middens/burials. (WebSearch quota exhausted; geocoded from geographic knowledge, margin widened); [verified] Mapcarta Wenham Swamp: 42.616760,-70.899500 (large wetland, centroid ",v7: coordinate verified
MHC recon: Wenham Lake site area,42.600000,-70.892222,medium,500,MA,Wenham,MHC Reconnaissance Survey Town Report: Wenham (1986),,"Report: Wenham Lake important inland wetland, may have been a good settlement area. (WebSearch quota exhausted; geocoded from geographic knowledge, margin widened); [verified] Wenham Lake per USGS station 423600070533201 (42 36 00N 70 53 32W).",v7: coordinate verified
MHC recon: Main Street(Rte 1A)/Arbor Street trail node,42.601000,-70.879000,weak,1500,MA,Wenham,MHC Reconnaissance Survey Town Report: Wenham (1986),,"Report: conjectured trail along Main St(1A)/Arbor St area linking Salem to Ipswich/Topsfield. (WebSearch quota exhausted; geocoded from geographic knowledge, margin widened); [verified] Searched; no source pinpoints this Main St(1A)/Arbor St trail node; nothing confirmable.",v7: coordinate verified
MHC recon: Nashua River site near Pierce/Hartwell/Shrewsbury St,42.366000,-71.788000,weak,1400,MA,West Boylston,MHC Reconnaissance Survey Town Report: West Boylston (1983),,"Report: probable settlement continues near known Woodland site on Nashua River between these streets. (WebSearch quota exhausted; geocoded from geographic knowledge, margin widened); [verified] Wikipedia West Boylston town coords 42.3667,-71.7861 match closely",v7: coordinate verified
MHC recon: Stillwater-Quinapoxet-Nashua confluence site,42.386000,-71.774000,weak,1600,MA,West Boylston,MHC Reconnaissance Survey Town Report: West Boylston (1983),,"Report: sites likely on terrace at rivers' confluence, now flooded by Wachusett Reservoir. (WebSearch quota exhausted; geocoded from geographic knowledge, margin widened); [verified] Wikipedia (Quinapoxet River) confirms confluence in West Boylston's Oakdale section",v7: coordinate verified
MHC recon: Nashaway permanent camp area (north),42.405000,-71.775000,weak,2200,MA,West Boylston,MHC Reconnaissance Survey Town Report: West Boylston (1983),,"Report: Nipmuck/Nashaway group had a permanent camp to the north, seasonally exploiting this area. (WebSearch quota exhausted; geocoded from geographic knowledge, margin widened); [verified] Searched; no specific Nashaway camp site or coordinates found for West Boylston",v7: coordinate verified
MHC recon: Hockomock River village site,41.978000,-71.008000,weak,3000,MA,West Bridgewater,MHC Reconnaissance Survey Town Report: West Bridgewater (1981),,"Report: unidentified site on the Hockomock River 'appeared to be a large village'. (WebSearch quota exhausted; geocoded from geographic knowledge, margin widened); [verified] USGS gauge puts river ~5.5km away (42.011,-71.058); unidentified site not located, wi",v7: coordinate verified
MHC recon: Coweeset Brook site,41.973000,-71.038000,weak,1500,MA,West Bridgewater,MHC Reconnaissance Survey Town Report: West Bridgewater (1981),,"Report: unidentified native site adjacent to Coweeset Brook. (WebSearch quota exhausted; geocoded from geographic knowledge, margin widened); [verified] Coweeset Brook confirmed near West Bridgewater (HookAndBullet); moved into town, exact point unfound.",v7: coordinate verified
MHC recon: Town River site near Bennett's Corner,42.006000,-70.976000,weak,1500,MA,West Bridgewater,MHC Reconnaissance Survey Town Report: West Bridgewater (1981),,"Report: additional contact-period sites likely along Town River S of Bennett's Corner (planting grounds, fish, transport). (WebSearch quota exhausted; geocoded from geographic knowledge, margin widened); [verified] No Bennett's Corner source found; West Bridgewater center (Wikipe",v7: coordinate verified
"MHC recon: King Philip's War stockade site, Forest St/Town River",42.018000,-70.995000,weak,1500,MA,West Bridgewater,MHC Reconnaissance Survey Town Report: West Bridgewater (1981),,"Report: wooden stockade built on south side of Town River adjacent to Forest St just before King Philip's War. (WebSearch quota exhausted; geocoded from geographic knowledge, margin widened); [verified] West Bridgewater wiki confirms Town River in south of tow",v7: coordinate verified
Wickaboag (Wekabaug) village site,42.236000,-72.155000,medium,600,MA,West Brookfield,MHC Reconnaissance Survey Town Report: West Brookfield (1984),,"Report: reputed major native village at south end of Wickaboag Pond, between pond and river; base for Quaboag group fishing. (WebSearch quota exhausted; geocoded from geographic knowledge, margin widened); [verified] Lake Wickaboag ctr 42.2425,-72.1553 (lakewi",v7: coordinate verified
"MHC recon: Quaboag River corridor trail, Foster Hill Rd-Main St-Old Warren Rd",42.238000,-72.147000,weak,1800,MA,West Brookfield,MHC Reconnaissance Survey Town Report: West Brookfield (1984),,"Report: main east-west trail along Quaboag River corridor on these roads. (WebSearch quota exhausted; geocoded from geographic knowledge, margin widened); [verified] Foster Hill Rd/Main St/Old Warren Rd exist per MHC report; no single trail-node coordinate found",v7: coordinate verified
"MHC recon: Western trail to Ware River Valley, Coy Hill Rd",42.255000,-72.205000,weak,1800,MA,West Brookfield,MHC Reconnaissance Survey Town Report: West Brookfield (1984),,"Report: conjectured western trail over highlands to Ware River Valley via Coy Hill Road. (WebSearch quota exhausted; geocoded from geographic knowledge, margin widened); [verified] Coy Hill WMA confirmed off Coy Hill Rd/Rt9 (Mass.gov) but no precise coordinates listed",v7: coordinate verified
MHC recon: Indian River mouth site,42.807035,-70.967277,medium,800,MA,West Newbury,MHC Reconnaissance Survey Town Report: West Newbury (1985),,"Report: mouth of the Indian River at the Merrimack may have been a good site location for habitation/village. (WebSearch quota exhausted; geocoded from geographic knowledge, margin widened); [verified] Corrected via USGS gauge, Indian River near West Newbury, MA",v7: coordinate verified
MHC recon: Artichoke River mouth site,42.820000,-70.938610,medium,400,MA,West Newbury,MHC Reconnaissance Survey Town Report: West Newbury (1985),,"Report: mouth of the Artichoke River at the Merrimack noted as area of likely native activity. (WebSearch quota exhausted; geocoded from geographic knowledge, margin widened); [verified] Wikipedia Artichoke River gives mouth coord 42.82000N 70.93861W at Merrim",v7: coordinate verified
MHC recon: Ashcanunsuck peninsula village site,42.104000,-72.641000,weak,1500,MA,West Springfield,MHC Reconnaissance Survey Town Report: West Springfield (1982),,"Report: peninsula bordering Westfield River in SE town ('Ashcanunsuck'), site of a large Woodland-period village. (WebSearch quota exhausted; geocoded from geographic knowledge, margin widened); [verified] No source located naming Ashcanunsuck or the peninsula",v7: coordinate verified
MHC recon: Mitteneague (Agawam) Falls site,42.115000,-72.653000,weak,1500,MA,West Springfield,MHC Reconnaissance Survey Town Report: West Springfield (1982),,"Report: Mitteneague (Agawam) Falls named as a particularly likely native settlement location. (WebSearch quota exhausted; geocoded from geographic knowledge, margin widened); [verified] Wikipedia confirms Mittineague neighborhood on Westfield R in S. West Spri",v7: coordinate verified
MHC recon: Riverdale/Chicopee Plains site,42.147000,-72.600000,weak,1000,MA,West Springfield,MHC Reconnaissance Survey Town Report: West Springfield (1982),,"Report: native sites suspected on Chicopee Plains at Riverdale along the Connecticut River floodplain. (WebSearch quota exhausted; geocoded from geographic knowledge, margin widened); [verified] West Springfield (Wikipedia) confirms Riverdale neighborhood along river; consistent.",v7: coordinate verified
MHC recon: Park Street peninsula site,42.106000,-72.646000,weak,1500,MA,West Springfield,MHC Reconnaissance Survey Town Report: West Springfield (1982),,"Report: peninsula extending from Park Street to the Westfield River named as a likely settlement location. (WebSearch quota exhausted; geocoded from geographic knowledge, margin widened); [verified] Park St confirmed as real West Springfield street (downtown),",v7: coordinate verified
MHC recon: Tisbury Great Pond settlement area (Takemmy),41.377000,-70.665000,weak,1500,MA,West Tisbury,MHC Reconnaissance Survey Town Report: West Tisbury (1984),,"Report: preferred settlement area along southern coastline of Tisbury Great Pond, in the Takemmy sachemship. (WebSearch quota exhausted; geocoded from geographic knowledge, margin widened); [verified] No coordinate found for pond's southern shore; existing poi",v7: coordinate verified
Christiantown praying-Indian village site,41.423500,-70.674920,strong,150,MA,West Tisbury,MHC Reconnaissance Survey Town Report: West Tisbury (1984),,"Report: sachem Josias gave Christianized natives a sq. mile in 1659 for the praying town Christiantown; Christiantown chapel and burial ground, Indian Hill Rd, West Tisbury; coordinate corrected in review pass; [verified] Find A Grave pins Christiantown Memori",v7: coordinate verified
MHC recon: North-shore coastal trail node (Lambert's Cove),41.435133,-70.661272,medium,800,MA,West Tisbury,MHC Reconnaissance Survey Town Report: West Tisbury (1984),,"Report: trail paralleled the Vineyard Sound coastline connecting Tisbury/Oak Bluffs villages with Chilmark/Gay Head. (WebSearch quota exhausted; geocoded from geographic knowledge, margin widened); [verified] Wikipedia: Lambert's Cove Beach, West Tisbury coordinates",v7: coordinate verified
"MHC recon: Southern coastal trail, north of Tisbury Great Pond",41.383000,-70.660000,weak,1800,MA,West Tisbury,MHC Reconnaissance Survey Town Report: West Tisbury (1984),,"Report: southern trail ran E/W north of Tisbury Great Pond, linking Edgartown/Chappaquiddick to Chilmark's South Road trail. (WebSearch quota exhausted; geocoded from geographic knowledge, margin widened); [verified] Tisbury Great Pond confirmed to exist; fetch blocked 403, preci",v7: coordinate verified
MHC recon: Hocomonco Pond (Evil Spirit) site area,42.272500,-71.649440,weak,800,MA,Westborough,MHC Reconnaissance Survey Town Report: Westborough (1983),,"Report: probable native sites at Hocomonco Pond ('Evil Spirit'); Fisher St was a secondary route to the pond. (WebSearch quota exhausted; geocoded from geographic knowledge, margin widened); [verified] Wikipedia coord for Hocomonco Pond is 42.2725,-71.64944, ~",v7: coordinate verified
MHC recon: Sudbury/Assabet rivers knoll site,42.279539,-71.638123,medium,400,MA,Westborough,MHC Reconnaissance Survey Town Report: Westborough (1983),,"Report: probable sites on knolls adjacent to the Sudbury and Assabet rivers. (WebSearch quota exhausted; geocoded from geographic knowledge, margin widened); [verified] USGS gauge 01096603, Assabet River near Westborough: 42.279539,-71.638123.",v7: coordinate verified
MHC recon: Jackstraw Pasture/Cedar Swamp site,42.278000,-71.600000,weak,1500,MA,Westborough,MHC Reconnaissance Survey Town Report: Westborough (1983),,"Report: reported native residences at Jackstraw Pasture and Cedar Swamp in the east part of town. (WebSearch quota exhausted; geocoded from geographic knowledge, margin widened); [verified] Searched; USGS shows Jackstraw Brook exists in Westborough but no site coordinate found",v7: coordinate verified
MHC recon: Native burial near Hundred Acre Brook/rail junction,42.117000,-72.754000,weak,1500,MA,Westfield,MHC Reconnaissance Survey Town Report: Westfield (1982),,"Report: native burial situated slightly south of the New Haven & Hartford RR's junction with Hundred Acre Brook. (WebSearch quota exhausted; geocoded from geographic knowledge, margin widened); [verified] No source found for Hundred Acre Brook or the rail junc",v7: coordinate verified
MHC recon: Prospect Hill site,42.130000,-72.789000,weak,1500,MA,Westfield,MHC Reconnaissance Survey Town Report: Westfield (1982),,"Report: possible third-period native site located on Prospect Hill. (WebSearch quota exhausted; geocoded from geographic knowledge, margin widened); [verified] No named Prospect Hill confirmed in Westfield (topo/GNIS show only other towns' Prospect Hills)",v7: coordinate verified
MHC recon: Westfield-Little River confluence site,42.132000,-72.800000,weak,1500,MA,Westfield,MHC Reconnaissance Survey Town Report: Westfield (1982),,"Report: convergence of regional routes at junction of Westfield and Little Rivers, between mountains and Woronoco valley. (WebSearch quota exhausted; geocoded from geographic knowledge, margin widened); [verified] No Westfield/Little River confluence coordinate found; only unrela",v7: coordinate verified
MHC recon: Forge Pond native site/fish weir,42.565000,-71.438000,weak,1500,MA,Westford,MHC Reconnaissance Survey Town Report: Westford (1980),,"Report: native site and fishing camp at Forge Pond; native fish weir reported at Forge Pond outlet. (WebSearch quota exhausted; geocoded from geographic knowledge, margin widened); [verified] Could not get a sourced coordinate for Westford's Forge Pond distinc",v7: coordinate verified
MHC recon: Frances Hill burial site,42.602780,-71.404720,weak,900,MA,Westford,MHC Reconnaissance Survey Town Report: Westford (1980),,"Report: reported burial site on Frances Hill (also a conjectured trail-loop landmark). (WebSearch quota exhausted; geocoded from geographic knowledge, margin widened); [verified] Wikipedia: Jonathon Keyes Sr. House, 16 Frances Hill Rd, at 42.60278,-71.40472, W",v7: coordinate verified
MHC recon: site east of Boutwell Brook,42.575000,-71.430000,weak,1000,MA,Westford,MHC Reconnaissance Survey Town Report: Westford (1980),,"Report: town history notes a native site east of Boutwell Brook. (WebSearch quota exhausted; geocoded from geographic knowledge, margin widened); [verified] Westford center 42.579,-71.438 (Wikipedia) ~830m away; within margin.",v7: coordinate verified
MHC recon: site west of Providence Hill,42.590000,-71.420000,weak,1500,MA,Westford,MHC Reconnaissance Survey Town Report: Westford (1980),,"Report: town history notes a native site west of Providence Hill. (WebSearch quota exhausted; geocoded from geographic knowledge, margin widened); [verified] Westford center (Wikipedia) ~1.9km from point; Providence Hill source pages blocked.",v7: coordinate verified
MHC recon: Nabnasset Pond trail node,42.610000,-71.435000,weak,1800,MA,Westford,MHC Reconnaissance Survey Town Report: Westford (1980),,"Report: conjectured trail links ponds in north section, routed around Nabnasset Pond to Stony Brook. (WebSearch quota exhausted; geocoded from geographic knowledge, margin widened); [verified] Nabnasset Pond confirmed in Westford; fetch blocked by robots.txt, coordinate unconfirm",v7: coordinate verified
MHC recon: North Branch Manhan River trail crossing,42.265000,-72.735000,weak,1500,MA,Westhampton,MHC Reconnaissance Survey Town Report: Westhampton (1982),,"Report: primary E-W trail crossed Route 66 near N. Branch Manhan; geocoded from knowledge, no search available, wide margin; [verified] USGS gauge found for mainstem Manhan R. near Westhampton; no confirm of North Branch/Rt66 crossing",v7: coordinate verified
MHC recon: Meetinghouse Pond site potential,42.534237,-71.910058,strong,300,MA,Westminster,MHC Reconnaissance Survey Town Report: Westminster (1984),,"Report cites native site potential at Meetinghouse Pond; approx. location from knowledge, search quota exhausted, wide margin; [verified] AnyPlaceAmerica/GNIS: Meetinghouse Pond, Westminster MA coordinates",v7: coordinate verified
MHC recon: Wachusett Lake site potential,42.513423,-71.882852,strong,300,MA,Westminster,MHC Reconnaissance Survey Town Report: Westminster (1984),,"Report cites native site potential at Wachusett Lake near Mt. Wachusett; approx. location from knowledge, wide margin; [verified] AnyPlaceAmerica/GNIS: Wachusett Lake, Westminster/Princeton MA coordinates",v7: coordinate verified
MHC recon: Cat Rock Hill trail (Mohawk Trail branch),42.387600,-71.283670,medium,400,MA,Weston,MHC Reconnaissance Survey Town Report: Weston (1980),,"Report: Mohawk Trail branch followed Stony Brook/North Ave (Rt 117) around Cat Rock Hill; known Weston landmark; [verified] Mapcarta/topo gives Cat Rock Hill at 42.3876,-71.28367, Weston; ~2km from prior point",v7: coordinate verified
MHC recon: Nonesuch Pond trail/site potential,42.354000,-71.290000,weak,1500,MA,Weston,MHC Reconnaissance Survey Town Report: Weston (1980),,"Report: branch trail to Natick via Winter St around Nonesuch Pond; some site potential noted around pond; [verified] Found source conflicts (labels pond near Wellesley, not Weston); could not confirm reliably",v7: coordinate verified
"MHC recon: Boston Post Road trail loop, Sibley Rd/Crescent St",42.359000,-71.325000,weak,1600,MA,Weston,MHC Reconnaissance Survey Town Report: Weston (1980),,Report: main trail to CT valley followed Boston Post Rd (Rt 20) with former loops at Sibley Rd and Crescent St; [verified] Boston Post Rd Hist. Dist. (Wikipedia) ~1.6km off; no site-specific fix found,v7: coordinate verified
"MHC recon: native site cluster, West Branch east bank",41.520000,-71.085000,weak,1500,MA,Westport,MHC Reconnaissance Survey Town Report: Westport (1981),,Report: two unidentified native sites near eastern bank of West Branch of Westport River; [verified] No published coordinate found for this Westport River reach (Wikipedia/USGS checked); unconfirmed.,v7: coordinate verified
MHC recon: native site north of Westport Point,41.530000,-71.075000,medium,800,MA,Westport,MHC Reconnaissance Survey Town Report: Westport (1981),,"Report: unidentified native site discovered a short distance north of Westport Point; [verified] Westport Point district at 41.5233,-71.0747 (wiki); prior point was south of it, contra basis",v7: coordinate verified
"MHC recon: native site, East Branch mouth",41.523000,-71.072000,medium,800,MA,Westport,MHC Reconnaissance Survey Town Report: Westport (1981),,"Report: unidentified native site on east bank of East Branch at the river's mouth; [verified] Placed at East/West Branch confluence near Westport Point (41.5233,-71.0747), east bank",v7: coordinate verified
MHC recon: native site opposite Great Island,41.500000,-71.075000,weak,1500,MA,Westport,MHC Reconnaissance Survey Town Report: Westport (1981),,Report: unidentified native site on East Branch opposite Great Island near Westport Harbor; [verified] Could not locate a 'Great Island' near Westport Harbor in any source checked,v7: coordinate verified
MHC recon: Devols/South Watuppa Ponds native site potential,41.598000,-71.116000,weak,1500,MA,Westport,MHC Reconnaissance Survey Town Report: Westport (1981),,"Report: interior native sites probable near Devols and South Watuppa Ponds, fall/winter occupation; [verified] Wikipedia gives only combined Watuppa Ponds centroid; no Devol Pond-specific coordinate found",v7: coordinate verified
Gooseberry Neck (Gosnold-native contact site),41.486340,-71.037490,medium,500,MA,Westport,MHC Reconnaissance Survey Town Report: Westport (1981),,"Report: Gosnold reputedly landed at Gooseberry Neck to visit local natives, 1602 (Hurd 1883); [verified] Topozone gives Gooseberry Neck at 41.48634,-71.03749, Westport; ~700m from prior point",v7: coordinate verified
MHC recon: Buckmaster Pond native occupation site,42.208330,-71.231390,medium,400,MA,Westwood,MHC Reconnaissance Survey Town Report: Westwood (1980),,"Report: area around Buckmaster Pond noted for aboriginal occupation, probable period sites (Feuerty 1972); [verified] Wikipedia Buckmaster Pond coord 42.20833,-71.23139, Westwood; ~2.2km from prior point",v7: coordinate verified
"MHC recon: lithic quarry, northwest Westwood",42.235000,-71.245000,weak,2000,MA,Westwood,MHC Reconnaissance Survey Town Report: Westwood (1980),,"Report: one or more lithic quarries noted in northwest part of town; quadrant-level location only; [verified] Searched; no specific quarry site or coordinates confirmable, quadrant-level only",v7: coordinate verified
"MHC recon: Cat Rock trail branch, Carry Street",42.238440,-71.233130,medium,400,MA,Westwood,MHC Reconnaissance Survey Town Report: Westwood (1980),,"Report: branch trail into highlands along Carry St to Cat Rock; exact hill identity/location uncertain; [verified] Cat Rock trailhead coordinates per Trailforks, Westwood MA",v7: coordinate verified
MHC recon: Wessagusset Beach trail/contact area,42.254000,-70.943000,weak,1500,MA,Weymouth,MHC Reconnaissance Survey Town Report: Weymouth (1979),,"Report: coastal trail branched to Wessagusset Beach, North Weymouth, a documented contact-era locale; [verified] Only found Wessagusset Colony site coord (42.2208,-70.9403), inland, not the N. Weymouth beach",v7: coordinate verified
MHC recon: Great Pond native trail corridor,42.184000,-70.952000,weak,1500,MA,Weymouth,MHC Reconnaissance Survey Town Report: Weymouth (1979),,"Report: north/south interior trails led to Great Pond, South Weymouth; [verified] USGS gauge page for S. Weymouth Great Pond blocked; no reliable coordinate confirmed",v7: coordinate verified
"MHC recon: trail toward Accord Pond, Pleasant/Pine St",42.190000,-70.930000,weak,1500,MA,Weymouth,MHC Reconnaissance Survey Town Report: Weymouth (1979),,"Report: branch of main trail to Accord Pond (Hingham) followed Pleasant and Pine Streets from Weymouth; [verified] Accord Pond itself is in Hingham/Norwell/Rockland, not Weymouth; Pleasant/Pine St spot unconfirmed",v7: coordinate verified
Indian Hill (reputed Pocumtuck village/stronghold),42.464532,-72.650645,medium,700,MA,Whatley,MHC Reconnaissance Survey Town Report: Whatley (1982),,"Report: Indian Hill, NE of Whately Glen, reputedly site of a 17th-c. Pocumtuck village and native stronghold; [verified] Whately Gazetteer: Indian Hill = Whately Glen/S.Deerfield Reservoir area (GNIS-derived topo coords).",v7: coordinate verified
"MHC recon: native village vicinity, Chestnut Plain Road",42.440000,-72.645000,weak,1200,MA,Whatley,MHC Reconnaissance Survey Town Report: Whatley (1982),,"Report: probable sizeable native village on gentle uplands in vicinity of Chestnut Plain Road; [verified] Whately Center Hist. Dist. (Wikipedia) 42.438,-72.636, ~0.8km away, within margin",v7: coordinate verified
"MHC recon: native site, Long Plain/Straits Roads junction",42.417549,-72.611193,medium,300,MA,Whatley,MHC Reconnaissance Survey Town Report: Whatley (1982),,Report: a native site reputedly lay on floodplain periphery south of Long Plain/Straits Roads intersection; [verified] US Census geocoder pinpointed actual Long Plain Rd/Straits Rd intersection in Whately.,v7: coordinate verified
MHC recon: Pocumtuck-Capawonk trail (Straits Road),42.450000,-72.610000,weak,1500,MA,Whatley,MHC Reconnaissance Survey Town Report: Whatley (1982),,Report: primary N-S native trail from Pocumtuck to Capawonk/Nonotuck followed river terrace as Straits Road; [verified] Straits Road in Whately confirmed real; no coordinate source found (fetch blocked),v7: coordinate verified
MHC recon: Satucket Path trail (Washington Street),42.081333,-70.937621,medium,400,MA,Whitman,MHC Reconnaissance Survey Town Report: Whitman (1981),,"Report: Satucket Path, a major native trail, passed through the center of Whitman along Washington Street; [verified] MHC survey (sec.state.ma.us) confirms text; geocoded to Washington St near Whitman town center.",v7: coordinate verified
MHC recon: Rye Hill site potential,42.100000,-70.945000,weak,1500,MA,Whitman,MHC Reconnaissance Survey Town Report: Whitman (1981),,"Report: contact-period site potential noted near Rye Hill, Whitman; approx. location from knowledge; [verified] HomeTownLocator GNIS entry found but gives no lat/lon for Rye Hill, Whitman",v7: coordinate verified
MHC recon: Locust Hill site potential,42.085000,-70.920000,weak,1500,MA,Whitman,MHC Reconnaissance Survey Town Report: Whitman (1981),,"Report: contact-period site potential noted near Locust Hill, Whitman; approx. location from knowledge; [verified] No dedicated source for Locust Hill, Whitman found; only unrelated VA places",v7: coordinate verified
Wigwam Hill (native habitation site),42.107103,-72.412177,medium,500,MA,Wilbraham,MHC Reconnaissance Survey Town Report: Wilbraham (1982),,Report: only known native period settlement was a single habitation on Wigwam Hill; exact hill unverified; [verified] hometownlocator.com (GNIS-derived) gives named Wigwam Hill summit coords in Wilbraham.,v7: coordinate verified
"MHC recon: Bay Path trail, River Street corridor",42.160000,-72.430000,weak,1500,MA,Wilbraham,MHC Reconnaissance Survey Town Report: Wilbraham (1982),,Report: Bay Path followed Chicopee R. south side via River St-Old Boston Rd to Rt 20 near Nine Mile Pond; [verified] Nine Mile Pond/River St area confirmed near Wilbraham; no coordinate found in source,v7: coordinate verified
MHC recon: Unquomonk Brook/village encampment area,42.383699,-72.716758,medium,1200,MA,Williamsburg,MHC Reconnaissance Survey Town Report: Williamsburg (1982),,"Report: native encampments likely in intervales adjacent to Unquomonk Brook and village of Williamsburg; [verified] TopoZone: Unquomonk Brook at 42.383699,-72.716758",v7: coordinate verified
MHC recon: Beaver Brook intervale site potential,42.410000,-72.720000,weak,1500,MA,Williamsburg,MHC Reconnaissance Survey Town Report: Williamsburg (1982),,Report: greatest probability of extant sites in Williamsburg Village and Beaver Brook intervales (north town); [verified] Search/fetch (blocked) found no coordinate specific to Beaver Brook in Williamsburg,v7: coordinate verified
"MHC recon: Mill River fishing area, Williamsburg village",42.399532,-72.731481,medium,1000,MA,Williamsburg,MHC Reconnaissance Survey Town Report: Williamsburg (1982),,"Report: native fishing occurred on Mill River near village of Williamsburg and Unquomonk Brook; [verified] USGS gauge, East Branch Mill River at Williamsburg, gives precise river/village coordinate.",v7: coordinate verified
MHC recon: Silver Lake/Lubber Brook site cluster,42.565830,-71.188060,medium,600,MA,Wilmington,MHC Reconnaissance Survey Town Report: Wilmington (1981),,"Report: multi-component sites possibly along Lubber Brook/Silver Lake & Ipswich River, wintering camps near Silver Lake; memory-based geocode (WebSearch exhausted), margin widened; [verified] Wikipedia: Silver Lake (Wilmington, MA) at 42.56583,-71.18806",v7: coordinate verified
MHC recon: Lake Monomonac site area,42.717200,-71.990500,medium,500,MA,Winchendon,MHC Reconnaissance Survey Town Report: Winchendon (1984),,"Report: occupation sites expected near Lake Monomonac (MA/NH border); geocoded from geographic memory, WebSearch quota exhausted, margin widened; [verified] Lake Monomonac coordinates per latitude.to",v7: coordinate verified
MHC recon: Whitney Pond site area,42.678000,-72.030000,weak,1500,MA,Winchendon,MHC Reconnaissance Survey Town Report: Winchendon (1984),,"Report: occupation sites expected near Whitney Pond; geocoded from memory only, WebSearch quota exhausted, margin widened; [verified] Pond confirmed in Worcester Co, MA; source site blocked by robots.txt, coord unverified",v7: coordinate verified
MHC recon: Millers River/North Branch meadows site area,42.676000,-72.045000,weak,2500,MA,Winchendon,MHC Reconnaissance Survey Town Report: Winchendon (1984),,"Report: occupation sites expected in meadows along Millers River and North Branch; memory-based geocode, wide margin for long river reach; [verified] Near North Branch/Millers River confluence (42.6817,-72.0281) per Wikipedia",v7: coordinate verified
MHC recon: Aberjona River ford near Winchester center,42.452600,-71.137000,medium,700,MA,Winchester,MHC Reconnaissance Survey Town Report: Winchester (1981),,"Report: Native ford site across Aberjona River near Winchester center on primary N/S trail; geocoded to town center, WebSearch exhausted; [verified] USGS gauge Aberjona R at Winchester (42.4475,-71.1381) within margin",v7: coordinate verified
MHC recon: Mystic Lakes narrows fishing sites,42.424000,-71.148000,medium,900,MA,Winchester,MHC Reconnaissance Survey Town Report: Winchester (1981),,"Report: important multi-component fishing sites along narrows of Mystic Lake on both shores; memory-based geocode, WebSearch exhausted; [verified] Wikipedia Mystic Lakes (42.4317,-71.1483) confirms narrows within margin.",v7: coordinate verified
MHC recon: Winter Pond site area,42.468000,-71.152000,weak,1500,MA,Winchester,MHC Reconnaissance Survey Town Report: Winchester (1981),,"Report: additional Native sites likely around Winter Pond; geocoded from geographic memory only, WebSearch quota exhausted; [verified] Mass.gov Winter Pond page names Woodside Dr, Winchester but gives no coordinates.",v7: coordinate verified
MHC recon: Wedge Pond site area,42.451500,-71.142000,weak,1500,MA,Winchester,MHC Reconnaissance Survey Town Report: Winchester (1981),,"Report: additional Native sites likely around Wedge Pond; geocoded from geographic memory only, WebSearch quota exhausted; [verified] Mass.gov Wedge Pond page names Main St, Winchester but gives no coordinates.",v7: coordinate verified
"Squaw Sachem Reservation (west shore, Upper Mystic Lake)",42.440271,-71.135413,medium,700,MA,Winchester,MHC Reconnaissance Survey Town Report: Winchester (1981),,"Report: land set aside for Squaw Sachem & tribe 1638-39, likely earliest MA reservation, W shore Upper Mystic Lake; memory geocode, margin widened; [verified] Winchester Cultural Council: Squaw Sachem's residence near Winchester Country Club, west shore of lak",v7: coordinate verified
Ingleside Park burial complex (19-SU-3),42.377800,-70.988000,strong,250,MA,Winthrop,MHC Reconnaissance Survey Town Report: Winthrop (1981),,"Report: period burial complex (19-SU-3) excavated 1880s at former RR station/Ingleside Park, town center; memory-based geocode, WebSearch exhausted; [verified] MHC survey confirms 19-SU-3 site of demolished RR station in Ingleside Park; park coords via mypacer",v7: coordinate verified
MHC recon: Pauline Street burial site,42.370000,-70.991000,medium,650,MA,Winthrop,MHC Reconnaissance Survey Town Report: Winthrop (1981),,"Report: additional period burials uncovered further south near Pauline St; geocoded from geographic memory, WebSearch quota exhausted; [verified] ~590m from 154 Pauline St (Redfin geocode), inside stated margin",v7: coordinate verified
MHC recon: Pullin Point crossing to Deer Island,42.351000,-70.952000,weak,1500,MA,Winthrop,MHC Reconnaissance Survey Town Report: Winthrop (1981),,"Report: Native trail to Point Shirley with low-tide crossing at Pullin Point to Deer Island; memory geocode, margin widened, WebSearch exhausted; [verified] Searched Deer Island/Winthrop sources; no coordinate for Pullen Point crossing",v7: coordinate verified
MHC recon: Horn Pond site area,42.469722,-71.156417,weak,400,MA,Woburn,MHC Reconnaissance Survey Town Report: Woburn (1980),,"Report: unspecified Native sites reported around Horn Pond; geocoded from geographic memory only, WebSearch quota exhausted, margin widened; [verified] Wikipedia gives Horn Pond coords (42.4697,-71.1564), Woburn; ~3.7km from prior memory-based estimate.",v7: coordinate verified
MHC recon: Aberjona River (Woburn reach) site area,42.485929,-71.120887,medium,800,MA,Woburn,MHC Reconnaissance Survey Town Report: Woburn (1980),,"Report: unspecified Native sites reported along the Aberjona River through Woburn; memory-based geocode, wide margin for river reach; [verified] USGS gauge 01102463, Aberjona River at Woburn, MA",v7: coordinate verified
Wigwam Hill (Lake Quinsigamond),42.274150,-71.760167,strong,150,MA,Worcester,MHC Reconnaissance Survey Town Report: Worcester (1984),,"Report: shores of Lake Quinsigamond, particularly at Wigwam Hill, cited as potential occupation location; memory geocode, WebSearch exhausted; [verified] HMDB historical marker for Wigwam Hill in Lake Park, Belmont St (Rte 9), Worcester gives exact GPS.",v7: coordinate verified
MHC recon: Cool Pond site area,42.286000,-71.795000,weak,1500,MA,Worcester,MHC Reconnaissance Survey Town Report: Worcester (1984),,"Report: shores of Cool Pond cited as potential occupation location; geocoded from geographic memory, WebSearch quota exhausted, margin widened; [verified] WebSearch for Cool Pond, Worcester returned no matching result; no coordinate confirmed.",v7: coordinate verified
MHC recon: Curtis Ponds site area,42.263000,-71.834000,weak,1500,MA,Worcester,MHC Reconnaissance Survey Town Report: Worcester (1984),,"Report: shores of Curtis ponds cited as potential occupation location; geocoded from memory only, WebSearch quota exhausted; [verified] HomeTownLocator page blocked (robots); no coordinate for Curtis Ponds confirmed.",v7: coordinate verified
MHC recon: Tatnuck gathering-place village,42.259000,-71.850000,weak,1500,MA,Worcester,MHC Reconnaissance Survey Town Report: Worcester (1984),,"Report: conjectured village at Tatnuck operated as a gathering place per subsistence pattern section; memory-based geocode, margin widened; [verified] No coordinates found for Tatnuck village/neighborhood center in Wikipedia or map sources.",v7: coordinate verified
MHC recon: West Worthington Falls site,42.410000,-72.958000,weak,1500,MA,Worthington,MHC Reconnaissance Survey Town Report: Worthington (1982),,"Report: West Worthington Falls likely location for annual fish runs, Middle Branch Westfield River; memory geocode, WebSearch exhausted; [verified] World Waterfall Database entry found but lists coordinates as unavailable.",v7: coordinate verified
MHC recon: Bradley Falls site (Little River),42.342959,-72.888987,medium,200,MA,Worthington,MHC Reconnaissance Survey Town Report: Worthington (1982),,"Report: Bradley Falls on Little River probable fish-run location; geocoded from geographic memory only, WebSearch quota exhausted; [verified] newenglandwaterfalls.com gives exact GPS for Bradley Falls, S. Worthington; ~8km from prior estimate.",v7: coordinate verified
MHC recon: Indian oven at Ringville,42.370280,-72.915560,medium,700,MA,Worthington,MHC Reconnaissance Survey Town Report: Worthington (1982),,"Report: native sites reported on Middle Branch Westfield River and Indian oven at Ringville; memory geocode, margin widened; [verified] Wikipedia Ringville Cemetery coords used as hamlet-center proxy; ~3.3km from prior estimate.",v7: coordinate verified
MHC recon: native site above West Worthington,42.462000,-72.958000,weak,1800,MA,Worthington,MHC Reconnaissance Survey Town Report: Worthington (1982),,"Report: undated native site(s) ~4 miles above West Worthington on Middle Branch Westfield River; memory geocode, wide margin, WebSearch exhausted; [verified] Searched Westfield River area; no specific site coords found (Wikipedia, rivers.gov).",v7: coordinate verified
MHC recon: Lake Archer/Lake Pearl trail junction,42.061000,-71.340000,weak,1500,MA,Wrentham,MHC Reconnaissance Survey Town Report: Wrentham (1980),,"Report: important junction of regional trails around Lakes Archer & Pearl, noted explicitly as a native site; memory geocode, WebSearch exhausted; [verified] HomeTownLocator fetch blocked by robots.txt; no coordinate obtained",v7: coordinate verified
MHC recon: Lake Pearl outlet occupation site,42.069360,-71.354833,medium,700,MA,Wrentham,MHC Reconnaissance Survey Town Report: Wrentham (1980),,"Report: one site with documented period occupation at Lake Pearl outlet; geocoded from geographic memory, WebSearch quota exhausted; [verified] Mass.gov states Lake Pearl coords directly; exact outlet point not separately confirmed.",v7: coordinate verified
MHC recon: Bass River site concentration,41.685000,-70.185000,medium,1500,MA,Yarmouth,MHC Reconnaissance Survey Town Report: Yarmouth (1984),,"Report: known Late Woodland/Contact-period Native sites concentrated along Bass River; memory-based geocode, WebSearch quota exhausted; [verified] Wikipedia: Bass River spans 41.646-41.705N; point falls within its course",v7: coordinate verified
MHC recon: Mattacheese (Matakees) settlement,41.706000,-70.229000,weak,1500,MA,Yarmouth,MHC Reconnaissance Survey Town Report: Yarmouth (1984),,Report: Native settlement/praying congregation at Mattacheese in N part of town; 70 Praying Indians reported 1674; memory geocode; [verified] Only a modern Yarmouth.ma.us project page found; site page fetch timed out; no coord confirmed.,v7: coordinate verified
South Yarmouth Native Reservation (Indian Town),41.652000,-70.204000,weak,1500,MA,Yarmouth,MHC Reconnaissance Survey Town Report: Yarmouth (1984),,"Report: Native reservation created in South Yarmouth, later known as Indian Town; geocoded from memory, WebSearch quota exhausted; [verified] Wikipedia South Yarmouth gives town center only; no Indian Town coordinate.",v7: coordinate verified
MHC recon: wigwam cluster near Bass River mouth (1779),41.660000,-70.188000,weak,1300,MA,Yarmouth,MHC Reconnaissance Survey Town Report: Yarmouth (1984),,"Report: 1779 cluster of wigwams ~1 mile from mouth of Bass River, remnant Pawkunnawkut Indians; memory-based geocode, margin widened; [verified] Wikipedia: Bass River mouth 41.6461,-70.1968; site ~1mi upriver matches",v7: coordinate verified
Bay Street I Site (I-495 Data Recovery Project),41.961000,-71.121000,weak,800,MA,Taunton,"Thorbahn 1982, I-495 Archaeological Data Recovery Project (PAL, on file MHC)",,"Multicomponent Late Archaic-Middle Woodland site, 15 C14 dates 4305-1400 BP; Neville, Vosburg and Orient Fishtail points, Vinette I pottery, ground stone adze. Bay St corridor between Winnecunnet Pond and Lake Sabbatia near I-495 Exit 25; coordinate interpolated along Bay St, not a published excavation point.",v8: added by research request
Titicut Brook Site 20 - Dam Lot Brook (Orchard St),41.915622,-71.043686,medium,800,MA,Raynham,"Vol. 71, No. 2 (2010)",6024,Site 20: house under construction on Orchard St along Dam Lot Brook in 1954; two broken stemmed quartz points and a fine copper cut-out point found in the bulldozed lot. Placed where Orchard St crosses Dam Lot Brook (NBI bridge record); 1954-built parcels at 491 and 616 Orchard St lie 0.4-0.8 km SE. Article says ~4 mi from Titicut; straight-line is 2.7 mi.,v9: citation and location from Vol. 71 No. 2
Ja-Mar Site / Nemasket River Village,41.906930,-70.905400,medium,300,MA,Middleborough,American Archaeology Vol. 22 No. 4 (Winter 2018); MAS excavations 1930s-1960s,,"Middle Archaic-Late Woodland occupation; Wampanoag village c. AD 1400. Pottery, chipped and ground stone, bear-effigy pestle, unfired clay balls; subdivision halted 2016-17 when burials were found. Former Ja-Mar Turkey Farm between 483 and 491 Plymouth St, ~0.7 km E of Oliver Mill Park; now conserved with a Cultural Respect Easement.",v8: added by research request
Leland Farm Site (Beaver Brook),42.033611,-70.972500,medium,500,MA,East Bridgewater,"Vol. 71, No. 2 (2010)",6024,"One of the larger campsites along Beaver Brook; North Central St near the confluence of Beaver Brook and the Matfield River. About ten Archaic points found in 1975, including a fine Bifurcate. Placed at the USGS gauge 'Matfield River at N Central St'.",v9: added from Vol. 71 No. 2
