<?xml version="1.0" encoding="UTF-8"?><kml xmlns="http://www.opengis.net/kml/2.2"><Document>
<name>Native site locations of southern New England</name>
<description>1,278 sites from the Bulletin of the Massachusetts Archaeological Society (1939-2022) and the MHC Reconnaissance Survey town reports. Pin colour is location confidence: green strong, orange medium, red weak. Error margin is given in each site description.</description>
<Style id="strong"><IconStyle><color>ff3b6b2f</color><scale>1.0</scale><Icon><href>http://maps.google.com/mapfiles/kml/paddle/grn-circle.png</href></Icon></IconStyle><LabelStyle><scale>0.0</scale></LabelStyle></Style>
<Style id="medium"><IconStyle><color>ff1c7ac4</color><scale>1.0</scale><Icon><href>http://maps.google.com/mapfiles/kml/paddle/orange-circle.png</href></Icon></IconStyle><LabelStyle><scale>0.0</scale></LabelStyle></Style>
<Style id="weak"><IconStyle><color>ff2a32a8</color><scale>1.0</scale><Icon><href>http://maps.google.com/mapfiles/kml/paddle/red-circle.png</href></Icon></IconStyle><LabelStyle><scale>0.0</scale></LabelStyle></Style>
<Folder><name>MAS Bulletin — strong (6)</name>
<Placemark><name>Grassy Island Site</name><description>Berkley/Dighton, MA
Accurate to ±200 m — strong confidence
Vol. 16, No. 4 (1955) (PDF p.1428)

1955 map and 2017 topo marker F agree within ~200 m</description><styleUrl>#strong</styleUrl><Point><coordinates>-71.109300,41.816600,0</coordinates></Point></Placemark>
<Placemark><name>Boats Site</name><description>Dighton, MA
Accurate to ±300 m — strong confidence
Vol. 16, No. 4 (1955) (PDF p.1428)

Just N of Cobb&#x27;s Wharf, W bank; mean of georeferenced 1955 map and 2017 topo marker D</description><styleUrl>#strong</styleUrl><Point><coordinates>-71.115800,41.816100,0</coordinates></Point></Placemark>
<Placemark><name>Sweet&#x27;s Knoll Site (M39-71)</name><description>Dighton, MA
Accurate to ±250 m — strong confidence
Vol. 16, No. 4 (1955) (PDF p.1428)

1955 scaled map (checked against Dighton Rock) plus 2017 topo marker E</description><styleUrl>#strong</styleUrl><Point><coordinates>-71.113300,41.829300,0</coordinates></Point></Placemark>
<Placemark><name>Peace Haven 2 Shell Midden (M39-74)</name><description>Freetown, MA
Accurate to ±40 m — strong confidence
Vol. 42, No. 1 (1981) (PDF p.3399)

Coordinates published in the article (41 46 13.3 N, 71 06 35.2 W); gravel peninsula E bank Taunton River at Barnaby&#x27;s Cove</description><styleUrl>#strong</styleUrl><Point><coordinates>-71.109778,41.770361,0</coordinates></Point></Placemark>
<Placemark><name>Sunset Hill (Poles Hill) Solstice Site</name><description>Gloucester, MA
Accurate to ±30 m — strong confidence
Vol. 76, No. 1 (2015) (PDF p.6450)

Gnomon coordinates from the article&#x27;s Figure 12 table</description><styleUrl>#strong</styleUrl><Point><coordinates>-70.682600,42.629300,0</coordinates></Point></Placemark>
<Placemark><name>Middleborough Little League Site (19-PL-520)</name><description>Middleborough, MA
Accurate to ±300 m — strong confidence
Vol. 72, No. 2 (2011) (PDF p.6114)

2017 topo marker I plus 2011 terrace map: Rte 28 to W, Nemasket River to S, ballfields to N</description><styleUrl>#strong</styleUrl><Point><coordinates>-70.904800,41.881400,0</coordinates></Point></Placemark>
</Folder>
<Folder><name>MAS Bulletin — medium (108)</name>
<Placemark><name>Swift Site</name><description>Acushnet, MA
Accurate to ±600 m — medium confidence
Vol. 49, No. 2 (1988) (PDF p.4068)

E bank of upper (tidal) Acushnet River across from New Bedford; old Rudolphus Swift estate</description><styleUrl>#medium</styleUrl><Point><coordinates>-70.917000,41.672000,0</coordinates></Point></Placemark>
<Placemark><name>Camp Maud Eaton Site</name><description>Andover, MA
Accurate to ±300 m — medium confidence
Vol. 7, No. 2 (1946) (PDF p.543)

N shore of Pomp&#x27;s Pond</description><styleUrl>#medium</styleUrl><Point><coordinates>-71.163500,42.628500,0</coordinates></Point></Placemark>
<Placemark><name>Stickney Site</name><description>Andover, MA
Accurate to ±600 m — medium confidence
Vol. 5, No.2 (1944) (PDF p.378)

Ballardvale village on the Shawsheen</description><styleUrl>#medium</styleUrl><Point><coordinates>-71.158000,42.627000,0</coordinates></Point></Placemark>
<Placemark><name>Den Rock Site</name><description>Andover/Lawrence, MA
Accurate to ±300 m — medium confidence
Vol. 64, No. 1 (2003) (PDF p.5333)

Den Rock on the Andover-Lawrence border</description><styleUrl>#medium</styleUrl><Point><coordinates>-71.139000,42.684500,0</coordinates></Point></Placemark>
<Placemark><name>Keene-Hayes Site</name><description>Auburn, ME
Accurate to ±500 m — medium confidence
Vol. 63, Nos. 1 &amp; 2 (2002) (PDF p.5321)

1798 Bullen map note: W of junction of Great and Little Androscoggin Rivers</description><styleUrl>#medium</styleUrl><Point><coordinates>-70.228000,44.089000,0</coordinates></Point></Placemark>
<Placemark><name>Sandy Neck Shell Heaps</name><description>Barnstable, MA
Accurate to ±800 m — medium confidence
Vol. 10, No. 1 (1948) (PDF p.760)

S side of Sandy Neck near salt marsh ~2 mi W of Sandy Neck Light</description><styleUrl>#medium</styleUrl><Point><coordinates>-70.320000,41.722000,0</coordinates></Point></Placemark>
<Placemark><name>Johannis Peninsula Site (RI 1716)</name><description>Barrington, RI
Accurate to ±500 m — medium confidence
Vol. 82, Nos. 1 &amp; 2 (2021) (PDF p.6922)

CORRECTED: ~1,000 ft W of Palmer River in New Meadow Neck, Barrington (Fig. 4)</description><styleUrl>#medium</styleUrl><Point><coordinates>-71.296000,41.752000,0</coordinates></Point></Placemark>
<Placemark><name>Blue Flag Site</name><description>Bellingham, MA
Accurate to ±900 m — medium confidence
Vol. 61, No. 1 (2000) (PDF p.5102)

Sites plotted on 1794 Bellingham town plan, NE part of town along Charles River</description><styleUrl>#medium</styleUrl><Point><coordinates>-71.448000,42.106000,0</coordinates></Point></Placemark>
<Placemark><name>East Terrace Site</name><description>Bellingham, MA
Accurate to ±900 m — medium confidence
Vol. 61, No. 1 (2000) (PDF p.5102)

1794 Bellingham plan (East Terrace I/II)</description><styleUrl>#medium</styleUrl><Point><coordinates>-71.447500,42.107500,0</coordinates></Point></Placemark>
<Placemark><name>Hill #1 Site</name><description>Bellingham, MA
Accurate to ±900 m — medium confidence
Vol. 61, No. 1 (2000) (PDF p.5102)

1794 Bellingham plan, E Charles River terrace</description><styleUrl>#medium</styleUrl><Point><coordinates>-71.445500,42.098500,0</coordinates></Point></Placemark>
<Placemark><name>Longshadow Site</name><description>Bellingham, MA
Accurate to ±900 m — medium confidence
Vol. 61, No. 1 (2000) (PDF p.5102)

1794 Bellingham plan</description><styleUrl>#medium</styleUrl><Point><coordinates>-71.446000,42.101000,0</coordinates></Point></Placemark>
<Placemark><name>West Terrace Site</name><description>Bellingham, MA
Accurate to ±900 m — medium confidence
Vol. 61, No. 1 (2000) (PDF p.5102)

1794 Bellingham plan (West Terrace I/II)</description><styleUrl>#medium</styleUrl><Point><coordinates>-71.452000,42.108500,0</coordinates></Point></Placemark>
<Placemark><name>Bear Swamp Site 1 (M39-72)</name><description>Berkley, MA
Accurate to ±500 m — medium confidence
Vol. 30, Nos 3 &amp; 4 (1969) (PDF p.2548)

Text: 1/4 mi S of Berkley Bridge, 200 yds E of shore; 2017 marker G plots ~700 m further S (unresolved)</description><styleUrl>#medium</styleUrl><Point><coordinates>-71.106000,41.831000,0</coordinates></Point></Placemark>
<Placemark><name>Bear Swamp Site 2 (M39-81)</name><description>Berkley, MA
Accurate to ±500 m — medium confidence
Vol. 78, No. 2 (2017) (PDF p.6650)

Opposite side of the same swamp from Bear Swamp 1</description><styleUrl>#medium</styleUrl><Point><coordinates>-71.105500,41.830300,0</coordinates></Point></Placemark>
<Placemark><name>Boston Common / Frog Pond Sites</name><description>Boston, MA
Accurate to ±200 m — medium confidence
Vol. 68, No. 1 (2007) (PDF p.5693)

Frog Pond on Boston Common</description><styleUrl>#medium</styleUrl><Point><coordinates>-71.065500,42.356000,0</coordinates></Point></Placemark>
<Placemark><name>Boylston Street Fishweir</name><description>Boston, MA
Accurate to ±300 m — medium confidence
Vol. 4, No.2 (1943) (PDF p.314)

Back Bay, Boylston St</description><styleUrl>#medium</styleUrl><Point><coordinates>-71.074000,42.350000,0</coordinates></Point></Placemark>
<Placemark><name>Calf Island Site</name><description>Boston, MA
Accurate to ±300 m — medium confidence
Vol. 46, No. 1 (1985) (PDF p.3768)

Calf Island, outer Boston Harbor</description><styleUrl>#medium</styleUrl><Point><coordinates>-70.896000,42.340500,0</coordinates></Point></Placemark>
<Placemark><name>Spectacle Island Site (19-SU-38)</name><description>Boston, MA
Accurate to ±300 m — medium confidence
Vol. 63, Nos. 1 &amp; 2 (2002) (PDF p.5254)

Near S end of southern drumlin of Spectacle Island</description><styleUrl>#medium</styleUrl><Point><coordinates>-70.984500,42.322500,0</coordinates></Point></Placemark>
<Placemark><name>Blue Hill River Workshop (M-35-1)</name><description>Braintree, MA
Accurate to ±500 m — medium confidence
Vol. 2, No.2 (1941) (PDF p.157)

Blue Hill Nurseries, Blue Hill Cemetery and MDC Reservation along Blue Hill River</description><styleUrl>#medium</styleUrl><Point><coordinates>-71.033500,42.212500,0</coordinates></Point></Placemark>
<Placemark><name>Slough Pond Site (19-BN-658)</name><description>Brewster, MA
Accurate to ±300 m — medium confidence
Vol. 54, No. 1 (1993) (PDF p.4500)

Knoll above Slough Pond ~1.5 mi S of coast</description><styleUrl>#medium</styleUrl><Point><coordinates>-70.068000,41.739000,0</coordinates></Point></Placemark>
<Placemark><name>Plymouth Street Site (19-PL-540)</name><description>Bridgewater, MA
Accurate to ±600 m — medium confidence
Vol. 49, No. 2 (1988) (PDF p.4106)

North Bridgewater base camp on main stem of Taunton River near Plymouth St (Rte 104) crossing</description><styleUrl>#medium</styleUrl><Point><coordinates>-70.942500,41.991800,0</coordinates></Point></Placemark>
<Placemark><name>Seaver Farm Site</name><description>Bridgewater, MA
Accurate to ±200 m — medium confidence
Vol. 67, No. 2 (2006) (PDF p.5649)

Adjoins Titicut on its E boundary (2006 map); Taylor Farm map site 6</description><styleUrl>#medium</styleUrl><Point><coordinates>-70.996800,41.934600,0</coordinates></Point></Placemark>
<Placemark><name>Titicut Site (M-40-3)</name><description>Bridgewater, MA
Accurate to ±200 m — medium confidence
Vol. 43, No. 2 (1982) (PDF p.3494)

Taylor Farm map (1982) site 5 scaled from Pratt&#x27;s Bridge; Beech St-to-river extent per 1967 contour map; MHC Bridgewater report: Contact/Historic village complex adjacent to Beach St with 26 burials</description><styleUrl>#medium</styleUrl><Point><coordinates>-70.999000,41.934600,0</coordinates></Point></Placemark>
<Placemark><name>Trites Farm Site (19-PL-160)</name><description>Bridgewater, MA
Accurate to ±300 m — medium confidence
Vol. 71, No. 2 (2010) (PDF p.6023)

1/4 mi NE of Titicut; across Vernon St from Kravitz Field</description><styleUrl>#medium</styleUrl><Point><coordinates>-70.995000,41.937200,0</coordinates></Point></Placemark>
<Placemark><name>Oakholm Site (Quaboag Lake)</name><description>Brookfield, MA
Accurate to ±500 m — medium confidence
Vol. 27, Nos 3 &amp; 4 (1966) (PDF p.2309)

SW shore of Quaboag Lake</description><styleUrl>#medium</styleUrl><Point><coordinates>-72.095000,42.200000,0</coordinates></Point></Placemark>
<Placemark><name>Neponset Site (19-NF-70)</name><description>Canton, MA
Accurate to ±700 m — medium confidence
Vol. 66, No. 2 (2005) (PDF p.5546)

Western Canton on former peninsula in Fowl Meadow</description><styleUrl>#medium</styleUrl><Point><coordinates>-71.148000,42.197500,0</coordinates></Point></Placemark>
<Placemark><name>Ponkapoag Site (M-35-7)</name><description>Canton, MA
Accurate to ±350 m — medium confidence
Vol. 38, No. 3 (1977) (PDF p.3125)

NW edge of Ponkapoag Pond near YMCA camp; reached from Rte 128 via Redman Farm road</description><styleUrl>#medium</styleUrl><Point><coordinates>-71.104500,42.195500,0</coordinates></Point></Placemark>
<Placemark><name>Three Cranes Tavern Site</name><description>Charlestown, MA
Accurate to ±200 m — medium confidence
Vol. 81, Nos. 1 &amp; 2 (2020) (PDF p.6874)

City Square, Charlestown</description><styleUrl>#medium</styleUrl><Point><coordinates>-71.061700,42.371800,0</coordinates></Point></Placemark>
<Placemark><name>Water Street Site (19-SU-59)</name><description>Charlestown, MA
Accurate to ±300 m — medium confidence
Vol. 49, No. 1 (1988) (PDF p.4055)

Lower Charles estuary shore, Charlestown</description><styleUrl>#medium</styleUrl><Point><coordinates>-71.061000,42.371000,0</coordinates></Point></Placemark>
<Placemark><name>Mattaquason Purchase Site</name><description>Chatham, MA
Accurate to ±400 m — medium confidence
Vol. 39, No. 1 (1978) (PDF p.3185)

M48N6; 1977 location map: head of Frost Fish Creek by Rt 28 on RCA land near Ryder&#x27;s Cove</description><styleUrl>#medium</styleUrl><Point><coordinates>-69.980000,41.699500,0</coordinates></Point></Placemark>
<Placemark><name>Chilmark Ceramic Vessel Find (Abel&#x27;s Hill)</name><description>Chilmark, MA
Accurate to ±400 m — medium confidence
Vol. 46, No. 1 (1985) (PDF p.3761)

Abel&#x27;s Hill just S of South Road</description><styleUrl>#medium</styleUrl><Point><coordinates>-70.715000,41.345000,0</coordinates></Point></Placemark>
<Placemark><name>Lucy Vincent Beach Site (19-DK-148)</name><description>Chilmark, MA
Accurate to ±400 m — medium confidence
Vol. 63, Nos. 1 &amp; 2 (2002) (PDF p.5329)

Lucy Vincent Beach</description><styleUrl>#medium</styleUrl><Point><coordinates>-70.714000,41.339000,0</coordinates></Point></Placemark>
<Placemark><name>Nashaquitsa Site</name><description>Chilmark, MA
Accurate to ±400 m — medium confidence
Vol. 83, Nos. 1 &amp; 2 (2022) (PDF p.7019)

Nashaquitsa Pond; matches Ritchie&#x27;s Howland No.1 site (19-DK-57)</description><styleUrl>#medium</styleUrl><Point><coordinates>-70.754000,41.344500,0</coordinates></Point></Placemark>
<Placemark><name>Asparagus Experimental Station Site (19-MD-69)</name><description>Concord, MA
Accurate to ±600 m — medium confidence
Vol. 45, No. 2 (1984) (PDF p.3730)

Smith Collection map site B, along Concord River</description><styleUrl>#medium</styleUrl><Point><coordinates>-71.325000,42.466100,0</coordinates></Point></Placemark>
<Placemark><name>Beaver Meadow Brook Site</name><description>Concord, NH
Accurate to ±500 m — medium confidence
Vol. 76, No. 1 (2015) (PDF p.6439)

West bank at Sewall&#x27;s Falls</description><styleUrl>#medium</styleUrl><Point><coordinates>-71.519000,43.252000,0</coordinates></Point></Placemark>
<Placemark><name>Concord Shell Heap / Clamshell Bluff (19-MD-388)</name><description>Concord, MA
Accurate to ±400 m — medium confidence
Vol. 45, No. 2 (1984) (PDF p.3730)

Smith Collection site-key map (georeferenced to 5 town centers) averaged with text: high N bank of Sudbury River</description><styleUrl>#medium</styleUrl><Point><coordinates>-71.373000,42.455500,0</coordinates></Point></Placemark>
<Placemark><name>Dakin Farm Site</name><description>Concord, MA
Accurate to ±500 m — medium confidence
Vol. 45, No. 2 (1984) (PDF p.3730)

Smith Collection site-key map, site E on Assabet River</description><styleUrl>#medium</styleUrl><Point><coordinates>-71.364000,42.475600,0</coordinates></Point></Placemark>
<Placemark><name>Hosmer&#x27;s Rocks Site</name><description>Concord, MA
Accurate to ±400 m — medium confidence
Vol. 45, No. 2 (1984) (PDF p.3730)

Smith Collection map site D, at Assabet/Sudbury confluence</description><styleUrl>#medium</styleUrl><Point><coordinates>-71.357000,42.469000,0</coordinates></Point></Placemark>
<Placemark><name>Mantatucket Rock Site</name><description>Concord, MA
Accurate to ±400 m — medium confidence
Vol. 45, No. 2 (1984) (PDF p.3730)

Smith Collection map site C, Concord River below the confluence</description><styleUrl>#medium</styleUrl><Point><coordinates>-71.352000,42.466000,0</coordinates></Point></Placemark>
<Placemark><name>Arnold Spring Rock Shelter</name><description>Cranston, RI
Accurate to ±600 m — medium confidence
Vol. 30, No. 2 (1969) (PDF p.2532)

Same knoll at the three-brook confluence (1968 map)</description><styleUrl>#medium</styleUrl><Point><coordinates>-71.484500,41.771800,0</coordinates></Point></Placemark>
<Placemark><name>Church Brook Rock Shelter #1</name><description>Cranston, RI
Accurate to ±700 m — medium confidence
Vol. 30, No. 2 (1969) (PDF p.2532)

1968 location map, just E of Oaklawn quarry</description><styleUrl>#medium</styleUrl><Point><coordinates>-71.496500,41.776800,0</coordinates></Point></Placemark>
<Placemark><name>Furnace Hill Brook Site</name><description>Cranston, RI
Accurate to ±600 m — medium confidence
Vol. 30, No. 2 (1969) (PDF p.2532)

1968 location map: knoll at confluence of Church, Furnace Hill and Meshanticut Brooks, Oaklawn</description><styleUrl>#medium</styleUrl><Point><coordinates>-71.484000,41.771500,0</coordinates></Point></Placemark>
<Placemark><name>Oaklawn Steatite Quarry</name><description>Cranston, RI
Accurate to ±700 m — medium confidence
Vol. 30, No. 2 (1969) (PDF p.2532)

1968 location map, NW of the confluence on Church Brook</description><styleUrl>#medium</styleUrl><Point><coordinates>-71.499000,41.776500,0</coordinates></Point></Placemark>
<Placemark><name>Blaine Site</name><description>Deerfield, MA
Accurate to ±300 m — medium confidence
Vol. 44, No. 1 (1983) (PDF p.3544)

S side of Deerfield River ~200 m S of the Stillwater Bridge (Fig. 5 USGS map)</description><styleUrl>#medium</styleUrl><Point><coordinates>-72.648000,42.546000,0</coordinates></Point></Placemark>
<Placemark><name>Back Porch Site (M39-SE50)</name><description>Dighton, MA
Accurate to ±250 m — medium confidence
Vol. 44, No. 1 (1983) (PDF p.3539)

1000 ft SW of Sweet&#x27;s Knoll; Taunton River 750 ft east</description><styleUrl>#medium</styleUrl><Point><coordinates>-71.116000,41.827400,0</coordinates></Point></Placemark>
<Placemark><name>Segreganset River Site (M39-SE102)</name><description>Dighton, MA
Accurate to ±300 m — medium confidence
Vol. 42, No. 2 (1981) (PDF p.3420)

1000 ft S of Back Porch on N bank of Segreganset; Bear Swamp ~1 km NE</description><styleUrl>#medium</styleUrl><Point><coordinates>-71.116000,41.824700,0</coordinates></Point></Placemark>
<Placemark><name>Sweet&#x27;s Knoll Area Site 3</name><description>Dighton, MA
Accurate to ±250 m — medium confidence
Vol. 16, No. 4 (1955) (PDF p.1428)

Terrace site 3 on 1955 map</description><styleUrl>#medium</styleUrl><Point><coordinates>-71.120300,41.821900,0</coordinates></Point></Placemark>
<Placemark><name>Sweet&#x27;s Knoll Area Site 4</name><description>Dighton, MA
Accurate to ±250 m — medium confidence
Vol. 16, No. 4 (1955) (PDF p.1428)

Terrace site 4 on 1955 map</description><styleUrl>#medium</styleUrl><Point><coordinates>-71.119900,41.822900,0</coordinates></Point></Placemark>
<Placemark><name>Sweet&#x27;s Knoll Area Site 5</name><description>Dighton, MA
Accurate to ±250 m — medium confidence
Vol. 16, No. 4 (1955) (PDF p.1428)

Terrace site 5 on 1955 map</description><styleUrl>#medium</styleUrl><Point><coordinates>-71.117300,41.829100,0</coordinates></Point></Placemark>
<Placemark><name>Sweet&#x27;s Knoll Area Site 6</name><description>Dighton, MA
Accurate to ±300 m — medium confidence
Vol. 16, No. 4 (1955) (PDF p.1428)

Hill site 6 on 1955 map</description><styleUrl>#medium</styleUrl><Point><coordinates>-71.113800,41.825500,0</coordinates></Point></Placemark>
<Placemark><name>Hemenway Site (M-42-42)</name><description>Eastham, MA
Accurate to ±300 m — medium confidence
Vol. 3, No.3 (1942) (PDF p.251)

Knoll ~200 m E of Rte 6; Hemenway Road ~3/4 mi S of Town Hall passes through site</description><styleUrl>#medium</styleUrl><Point><coordinates>-69.970000,41.819500,0</coordinates></Point></Placemark>
<Placemark><name>Fife Brook Sites (Deerfield River)</name><description>Florida/Rowe, MA
Accurate to ±800 m — medium confidence
Vol. 33, Nos. 1 &amp; 2 (1972) (PDF p.2748)

Map of upper Deerfield River: Fife Brook sites below Fife Brook dam, left of Bear Swamp</description><styleUrl>#medium</styleUrl><Point><coordinates>-72.988000,42.676000,0</coordinates></Point></Placemark>
<Placemark><name>Washakumaug Site</name><description>Framingham, MA
Accurate to ±300 m — medium confidence
Vol. 25, No. 2 (1964) (PDF p.2136)

Near NE corner of Farm Pond</description><styleUrl>#medium</styleUrl><Point><coordinates>-71.412000,42.279000,0</coordinates></Point></Placemark>
<Placemark><name>White&#x27;s Island (Wamsutta&#x27;s hunting house)</name><description>Halifax, MA
Accurate to ±400 m — medium confidence
Vol. 55, No. 1 (1994) (PDF p.4604)

White&#x27;s Island in Monponsett Pond (Fig. 2)</description><styleUrl>#medium</styleUrl><Point><coordinates>-70.844000,42.006000,0</coordinates></Point></Placemark>
<Placemark><name>Bull Brook Site (M13/36)</name><description>Ipswich, MA
Accurate to ±800 m — medium confidence
Vol. 13, No. 4 (1952) (PDF p.1116)

Spit &lt;1/2 mi wide between Bull Brook and Muddy Run, upper Rowley River; ~40 ft ASL; sand pit</description><styleUrl>#medium</styleUrl><Point><coordinates>-70.871000,42.708000,0</coordinates></Point></Placemark>
<Placemark><name>Clark&#x27;s Pond Shell Heap</name><description>Ipswich, MA
Accurate to ±300 m — medium confidence
Vol. 79, No. 1 (2018) (PDF p.6710)

Clark&#x27;s Pond, Great Neck</description><styleUrl>#medium</styleUrl><Point><coordinates>-70.789000,42.699000,0</coordinates></Point></Placemark>
<Placemark><name>Neck Creek Shell Heap</name><description>Ipswich, MA
Accurate to ±400 m — medium confidence
Vol. 9, No. 1 (1947) (PDF p.666)

S slope of Middle Ridge, Great Neck, beside brook to Neck Creek marsh</description><styleUrl>#medium</styleUrl><Point><coordinates>-70.792000,42.696000,0</coordinates></Point></Placemark>
<Placemark><name>Bay Farm Site</name><description>Kingston, MA
Accurate to ±500 m — medium confidence
Vol. 23, No. 2 (1962) (PDF p.1981)

Coastal upland 1/4 mi from mouth of Jones River, former Bay Farm dairy</description><styleUrl>#medium</styleUrl><Point><coordinates>-70.696000,41.996000,0</coordinates></Point></Placemark>
<Placemark><name>Powell Site (19-PL-584)</name><description>Kingston, MA
Accurate to ±400 m — medium confidence
Vol. 49, No. 1 (1988) (PDF p.4054)

Coastal upland &lt;1/4 mi from mouth of Jones River, River Street; part of Bay Farm</description><styleUrl>#medium</styleUrl><Point><coordinates>-70.701000,41.994500,0</coordinates></Point></Placemark>
<Placemark><name>Powell-Heckman Trust Site (19-PL-584)</name><description>Kingston, MA
Accurate to ±400 m — medium confidence
Vol. 59, No. 2 (1998) (PDF p.4964)

Powell house on River Street near Jones River mouth</description><styleUrl>#medium</styleUrl><Point><coordinates>-70.702000,41.994800,0</coordinates></Point></Placemark>
<Placemark><name>Assawompset Neck Drumlin Site</name><description>Lakeville, MA
Accurate to ±400 m — medium confidence
Vol. 78, No. 2 (2017) (PDF p.6658)

2017 topo marker N; drumlin top leveled in 1690</description><styleUrl>#medium</styleUrl><Point><coordinates>-70.920700,41.818400,0</coordinates></Point></Placemark>
<Placemark><name>Lakeville Ceremonial Site (Late Woodland)</name><description>Lakeville, MA
Accurate to ±400 m — medium confidence
Vol. 78, No. 2 (2017) (PDF p.6658)

2017 topo marker M: boulder circle on high ground between lower Taunton River and Wapanucket (Leonard 2010)</description><styleUrl>#medium</styleUrl><Point><coordinates>-70.992600,41.813000,0</coordinates></Point></Placemark>
<Placemark><name>Hartwell Farm Site (19-MD-119)</name><description>Lincoln, MA
Accurate to ±500 m — medium confidence
Vol. 45, No. 2 (1984) (PDF p.3730)

Smith Collection site-key map, site J</description><styleUrl>#medium</styleUrl><Point><coordinates>-71.301100,42.450000,0</coordinates></Point></Placemark>
<Placemark><name>Twin Rivers Site</name><description>Lincoln, RI
Accurate to ±400 m — medium confidence
Vol. 14, No 1 (1952) (PDF p.1134)

Point on N shore of Wenscott Reservoir bordered on W by West River</description><styleUrl>#medium</styleUrl><Point><coordinates>-71.442000,41.857000,0</coordinates></Point></Placemark>
<Placemark><name>Barthel&#x27;s Farm Site</name><description>Lincoln/Concord, MA
Accurate to ±500 m — medium confidence
Vol. 45, No. 2 (1984) (PDF p.3730)

Smith Collection map site K</description><styleUrl>#medium</styleUrl><Point><coordinates>-71.301400,42.443400,0</coordinates></Point></Placemark>
<Placemark><name>Neville Site</name><description>Manchester, NH
Accurate to ±250 m — medium confidence
Vol. 38, Nos. 1 &amp; 2 (1976) (PDF p.3075)

E bank of Merrimack at Amoskeag Falls</description><styleUrl>#medium</styleUrl><Point><coordinates>-71.466500,42.998500,0</coordinates></Point></Placemark>
<Placemark><name>Blue Heron Site (19-PL-847)</name><description>Marshfield, MA
Accurate to ±500 m — medium confidence
Vol. 62, No. 2 (2001) (PDF p.5240)

Base of the Duxbury Beach peninsula, with Peach Orchard site adjacent (Fig. 2)</description><styleUrl>#medium</styleUrl><Point><coordinates>-70.648000,42.073500,0</coordinates></Point></Placemark>
<Placemark><name>Cut River Point Site</name><description>Marshfield, MA
Accurate to ±300 m — medium confidence
Vol. 83, Nos. 1 &amp; 2 (2022) (PDF p.6996)

End of Assumption Road ~1/2 mi from Green Harbor, adjacent to Cut River</description><styleUrl>#medium</styleUrl><Point><coordinates>-70.655000,42.077500,0</coordinates></Point></Placemark>
<Placemark><name>Peach Orchard Site</name><description>Marshfield, MA
Accurate to ±500 m — medium confidence
Vol. 62, No. 2 (2001) (PDF p.5239)

Adjacent to Blue Heron at base of Duxbury Beach peninsula</description><styleUrl>#medium</styleUrl><Point><coordinates>-70.649000,42.074500,0</coordinates></Point></Placemark>
<Placemark><name>Fort Hill Bluff Site</name><description>Middleborough, MA
Accurate to ±250 m — medium confidence
Vol. 43, No. 2 (1982) (PDF p.3494)

Taylor Farm map site 8; MHC Middleborough report: native palisaded fort built on Fort Hill c.1660</description><styleUrl>#medium</styleUrl><Point><coordinates>-70.989300,41.932000,0</coordinates></Point></Placemark>
<Placemark><name>Fort Hill Field Site</name><description>Middleborough, MA
Accurate to ±250 m — medium confidence
Vol. 43, No. 2 (1982) (PDF p.3494)

Taylor Farm map site 7</description><styleUrl>#medium</styleUrl><Point><coordinates>-70.990600,41.931400,0</coordinates></Point></Placemark>
<Placemark><name>Taylor Farm - Hillside Locus (burials)</name><description>Middleborough, MA
Accurate to ±250 m — medium confidence
Vol. 43, No. 2 (1982) (PDF p.3494)

Taylor Farm map site 4, W side of Vernon St</description><styleUrl>#medium</styleUrl><Point><coordinates>-70.993700,41.930400,0</coordinates></Point></Placemark>
<Placemark><name>Taylor Farm - Orchard Locus (burials)</name><description>Middleborough, MA
Accurate to ±250 m — medium confidence
Vol. 43, No. 2 (1982) (PDF p.3494)

Taylor Farm map site 3</description><styleUrl>#medium</styleUrl><Point><coordinates>-70.996200,41.930500,0</coordinates></Point></Placemark>
<Placemark><name>Taylor Farm - Pasture Locus</name><description>Middleborough, MA
Accurate to ±200 m — medium confidence
Vol. 43, No. 2 (1982) (PDF p.3494)

Taylor Farm map site 1, just SE of Pratt&#x27;s Bridge</description><styleUrl>#medium</styleUrl><Point><coordinates>-70.992700,41.932000,0</coordinates></Point></Placemark>
<Placemark><name>Taylor Farm - River Locus</name><description>Middleborough, MA
Accurate to ±200 m — medium confidence
Vol. 43, No. 2 (1982) (PDF p.3494)

Taylor Farm map site 2, S bank just W of bridge</description><styleUrl>#medium</styleUrl><Point><coordinates>-70.995000,41.932400,0</coordinates></Point></Placemark>
<Placemark><name>Walnut Street U-construction Site</name><description>Middleborough, MA
Accurate to ±400 m — medium confidence
Vol. 78, No. 2 (2017) (PDF p.6658)

2017 topo marker O; high ground between Wapanucket and Rock Village, S of Walnut St</description><styleUrl>#medium</styleUrl><Point><coordinates>-70.875100,41.838900,0</coordinates></Point></Placemark>
<Placemark><name>Wapanucket Site</name><description>Middleborough, MA
Accurate to ±400 m — medium confidence
Vol. 78, No. 2 (2017) (PDF p.6658)

2017 topo map marker H on N shore of Assawompset Pond</description><styleUrl>#medium</styleUrl><Point><coordinates>-70.910600,41.849800,0</coordinates></Point></Placemark>
<Placemark><name>Dolly Bond Steatite Quarry (M-32/6)</name><description>Millbury, MA
Accurate to ±400 m — medium confidence
Vol. 2, No.1 (1940) (PDF p.121)

~1/4 mi E of Rte 122A, just N of Hathaway Pond and Sutton line</description><styleUrl>#medium</styleUrl><Point><coordinates>-71.770000,42.180000,0</coordinates></Point></Placemark>
<Placemark><name>Horne Hill Soapstone Quarry</name><description>Millbury, MA
Accurate to ±500 m — medium confidence
Vol. 27, No. 2 (1966) (PDF p.2286)

Bramanville, steep hill 130 ft above main road; ~3/4 mi NW of Dolly Bond</description><styleUrl>#medium</styleUrl><Point><coordinates>-71.780000,42.189000,0</coordinates></Point></Placemark>
<Placemark><name>Quidnet Site (M52/65)</name><description>Nantucket, MA
Accurate to ±300 m — medium confidence
Vol. 47, No. 2 (1986) (PDF p.3904)

Shell midden on small freshwater pond ~0.3 km W of Sesachacha Pond, 0.8 km inland</description><styleUrl>#medium</styleUrl><Point><coordinates>-69.980000,41.296000,0</coordinates></Point></Placemark>
<Placemark><name>Ram Pasture Site</name><description>Nantucket, MA
Accurate to ±600 m — medium confidence
Vol. 25, Nos 3 &amp; 4 (1964) (PDF p.2181)

Near shore of Hummock Pond</description><styleUrl>#medium</styleUrl><Point><coordinates>-70.142000,41.260000,0</coordinates></Point></Placemark>
<Placemark><name>Squam Pond Site</name><description>Nantucket, MA
Accurate to ±400 m — medium confidence
Vol. 8, No. 4 (1947) (PDF p.648)

N side of Squam Pond, below Squam Head</description><styleUrl>#medium</styleUrl><Point><coordinates>-69.988000,41.310000,0</coordinates></Point></Placemark>
<Placemark><name>Skug River Site (Martin&#x27;s Pond)</name><description>North Reading, MA
Accurate to ±300 m — medium confidence
Vol. 22, No. 3 &amp; 4 (1961) (PDF p.1919)

~200 yds W of Rt 28, 120 ft E of Martin&#x27;s Pond, 120 ft S of Skug River</description><styleUrl>#medium</styleUrl><Point><coordinates>-71.080500,42.607500,0</coordinates></Point></Placemark>
<Placemark><name>McDermott Site</name><description>Oak Bluffs, MA
Accurate to ±400 m — medium confidence
Vol. 80, Nos 1 &amp; 2 (2019) (PDF p.6789)

N side of Major&#x27;s Cove (Sengekontacket Pond), S of Oak Bluffs, N of Ocean Heights; County Rd to W</description><styleUrl>#medium</styleUrl><Point><coordinates>-70.554000,41.425000,0</coordinates></Point></Placemark>
<Placemark><name>Coburn Site</name><description>Orleans, MA
Accurate to ±500 m — medium confidence
Vol. 22, No. 3 &amp; 4 (1961) (PDF p.1905)

Barley Neck, East Orleans; swale ~30 ft ASL between Pochet Island and the ocean side (Fig. 1 location map)</description><styleUrl>#medium</styleUrl><Point><coordinates>-69.956000,41.783000,0</coordinates></Point></Placemark>
<Placemark><name>Plimoth Plantation Spring Site</name><description>Plymouth, MA
Accurate to ±400 m — medium confidence
Vol. 55, No. 2 (1994) (PDF p.4613)

On the Plimoth Plantation grounds by the Eel River</description><styleUrl>#medium</styleUrl><Point><coordinates>-70.625000,41.939000,0</coordinates></Point></Placemark>
<Placemark><name>Oakland Lake Site</name><description>Queens (Bayside), NY
Accurate to ±400 m — medium confidence
Vol. 9, No 2 &amp; 3 (1948) (PDF p.724)

Oakland Lake</description><styleUrl>#medium</styleUrl><Point><coordinates>-73.758000,40.756000,0</coordinates></Point></Placemark>
<Placemark><name>Caddy Park Site (19-NF-467)</name><description>Quincy, MA
Accurate to ±300 m — medium confidence
Vol. 63, Nos. 1 &amp; 2 (2002) (PDF p.5248)

Drumlin at mouth of Black&#x27;s Creek, Quincy Shore Drive</description><styleUrl>#medium</styleUrl><Point><coordinates>-71.018000,42.271500,0</coordinates></Point></Placemark>
<Placemark><name>Titicut Brook Site 15 - River &amp; Church Streets</name><description>Raynham, MA
Accurate to ±400 m — medium confidence
Vol. 71, No. 2 (2010) (PDF p.6023)

Corner of River and Church Sts where Furnace Brook enters the river</description><styleUrl>#medium</styleUrl><Point><coordinates>-71.006000,41.895000,0</coordinates></Point></Placemark>
<Placemark><name>Dighton Syncline U-construction Site (marker L)</name><description>Rehoboth, MA
Accurate to ±400 m — medium confidence
Vol. 78, No. 2 (2017) (PDF p.6658)

2017 topo marker L; one of DTR 1a/1b</description><styleUrl>#medium</styleUrl><Point><coordinates>-71.198800,41.891400,0</coordinates></Point></Placemark>
<Placemark><name>Fuller&#x27;s Brook Site</name><description>Rehoboth, MA
Accurate to ±400 m — medium confidence
Vol. 78, No. 2 (2017) (PDF p.6658)

2017 topo marker B; S bank of Fuller&#x27;s Brook ~2.5 km W of Tobey near Summer St</description><styleUrl>#medium</styleUrl><Point><coordinates>-71.278800,41.833300,0</coordinates></Point></Placemark>
<Placemark><name>Tobey Site</name><description>Rehoboth, MA
Accurate to ±300 m — medium confidence
Vol. 78, No. 2 (2017) (PDF p.6658)

2017 topo marker A; text: Rehoboth village just S of E-W segment of Palmer River</description><styleUrl>#medium</styleUrl><Point><coordinates>-71.243100,41.837600,0</coordinates></Point></Placemark>
<Placemark><name>Dighton Syncline U-construction Site (marker K)</name><description>Rehoboth/Dighton, MA
Accurate to ±400 m — medium confidence
Vol. 78, No. 2 (2017) (PDF p.6658)

2017 topo marker K; one of DTR 1a/1b (NE Rehoboth)</description><styleUrl>#medium</styleUrl><Point><coordinates>-71.189100,41.876700,0</coordinates></Point></Placemark>
<Placemark><name>Read Farm Site</name><description>Seekonk/Barrington, MA/RI
Accurate to ±350 m — medium confidence
Vol. 78, No. 2 (2017) (PDF p.6658)

2017 topo marker C; E side of Runnins River junction with Hundred Acre Cove</description><styleUrl>#medium</styleUrl><Point><coordinates>-71.326900,41.780600,0</coordinates></Point></Placemark>
<Placemark><name>South Swansea (Gardner&#x27;s Neck) Burials</name><description>Swansea, MA
Accurate to ±400 m — medium confidence
Vol. 8, No. 3 (1947) (PDF p.631)

Louise Ave off Calif Ave near end of Gardner&#x27;s Neck; gravel knoll 40 ft ASL over Coles River</description><styleUrl>#medium</styleUrl><Point><coordinates>-71.206000,41.714000,0</coordinates></Point></Placemark>
<Placemark><name>Corn Hill Sites / Brass Kettle Find</name><description>Truro, MA
Accurate to ±400 m — medium confidence


Corn Hill</description><styleUrl>#medium</styleUrl><Point><coordinates>-70.078000,42.008500,0</coordinates></Point></Placemark>
<Placemark><name>Holden Site (High Head)</name><description>Truro, MA
Accurate to ±300 m — medium confidence
Vol. 7, No. 2 (1946) (PDF p.522)

High Head ~2 mi NW of N Truro village; ~400 ft NW of Small&#x27;s Swamp</description><styleUrl>#medium</styleUrl><Point><coordinates>-70.112000,42.062500,0</coordinates></Point></Placemark>
<Placemark><name>Rich Site (M38-6)</name><description>Truro, MA
Accurate to ±300 m — medium confidence
Vol. 3, No.1 (1941) (PDF p.225)

~300 ft S of Holden site, High Head</description><styleUrl>#medium</styleUrl><Point><coordinates>-70.111800,42.061700,0</coordinates></Point></Placemark>
<Placemark><name>Rose Site</name><description>Truro, MA
Accurate to ±400 m — medium confidence
Vol. 7, No. 2 (1946) (PDF p.527)

Near a spring 1/2 mi E of Corn Hill, visible from state highway</description><styleUrl>#medium</styleUrl><Point><coordinates>-70.067000,42.009000,0</coordinates></Point></Placemark>
<Placemark><name>Ryder Beach Site</name><description>Truro, MA
Accurate to ±400 m — medium confidence
Vol. 7, No. 2 (1946) (PDF p.528)

Eroding bank at Ryder Beach</description><styleUrl>#medium</styleUrl><Point><coordinates>-70.077500,41.989500,0</coordinates></Point></Placemark>
<Placemark><name>Small&#x27;s Swamp Shell Heap</name><description>Truro, MA
Accurate to ±300 m — medium confidence
Vol. 12, No. 4 (1951) (PDF p.1042)

Small&#x27;s Swamp, High Head</description><styleUrl>#medium</styleUrl><Point><coordinates>-70.110500,42.061200,0</coordinates></Point></Placemark>
<Placemark><name>Burr&#x27;s Hill (17th c. Wampanoag burial ground)</name><description>Warren, RI
Accurate to ±300 m — medium confidence
Vol. 45, No. 1 (1984) (PDF p.3709)

Identified from Warren references; Burr&#x27;s Hill Park</description><styleUrl>#medium</styleUrl><Point><coordinates>-71.278000,41.725500,0</coordinates></Point></Placemark>
<Placemark><name>Heard Pond Site</name><description>Wayland, MA
Accurate to ±600 m — medium confidence
Vol. 7, No. 1 (1945) (PDF p.504)

Along whole W side of Heard Pond, ~1 mile</description><styleUrl>#medium</styleUrl><Point><coordinates>-71.379000,42.357000,0</coordinates></Point></Placemark>
<Placemark><name>Mansion Inn Site</name><description>Wayland, MA
Accurate to ±300 m — medium confidence
Vol. 23, No. 1 (1961) (PDF p.1945)

High flat knoll on ridge between Dudley Pond and Lake Cochituate, ~200 yds from each</description><styleUrl>#medium</styleUrl><Point><coordinates>-71.369500,42.326500,0</coordinates></Point></Placemark>
<Placemark><name>Indian Neck Ossuary/Shellheap</name><description>Wellfleet, MA
Accurate to ±500 m — medium confidence
Vol. 55, No. 2 (1994) (PDF p.4613)

Indian Neck on E shore of Wellfleet Harbor</description><styleUrl>#medium</styleUrl><Point><coordinates>-70.035000,41.917000,0</coordinates></Point></Placemark>
<Placemark><name>Taylor Hill Site / Burial Pit</name><description>Wellfleet, MA
Accurate to ±300 m — medium confidence
Vol. 7, No. 4 (1946) (PDF p.574)

Hill ~80 ft above Mayo Beach on N shore of Wellfleet Harbor</description><styleUrl>#medium</styleUrl><Point><coordinates>-70.035000,41.931500,0</coordinates></Point></Placemark>
<Placemark><name>Mouscosuck Creek U-construction Site</name><description>West Barrington, RI
Accurate to ±400 m — medium confidence
Vol. 78, No. 2 (2017) (PDF p.6658)

2017 topo marker J; C14 800 and 860 BP</description><styleUrl>#medium</styleUrl><Point><coordinates>-71.339600,41.730100,0</coordinates></Point></Placemark>
<Placemark><name>Indian Lake Site (M-21-4)</name><description>Worcester, MA
Accurate to ±400 m — medium confidence
Vol. 1, No.1 (1939) (PDF p.18)

N shore of Indian Lake (North Pond), Norton Co. boat house</description><styleUrl>#medium</styleUrl><Point><coordinates>-71.825500,42.296500,0</coordinates></Point></Placemark>
</Folder>
<Folder><name>MAS Bulletin — weak (165)</name>
<Placemark><name>Pine Hawk Site (19-MD-793)</name><description>Acton, MA
Accurate to ±1200 m — weak confidence
Vol. 63, Nos. 1 &amp; 2 (2002) (PDF p.5308)

Assabet River, Acton</description><styleUrl>#weak</styleUrl><Point><coordinates>-71.440000,42.430000,0</coordinates></Point></Placemark>
<Placemark><name>Granfield Site</name><description>Agawam, MA
Accurate to ±1500 m — weak confidence
Vol. 48, No. 1 (1987) (PDF p.3944)

S margin of &#x27;Grasso Locus&#x27;, Agawam</description><styleUrl>#weak</styleUrl><Point><coordinates>-72.630000,42.060000,0</coordinates></Point></Placemark>
<Placemark><name>Foster&#x27;s Cove Site</name><description>Andover, MA
Accurate to ±700 m — weak confidence
Vol. 7, No. 2 (1946) (PDF p.522)

E part of level area 20 ft above Shawsheen at a bend where a brook forms a cove; ~2 mi from Stickney</description><styleUrl>#weak</styleUrl><Point><coordinates>-71.158000,42.645000,0</coordinates></Point></Placemark>
<Placemark><name>Hofmann Site (M-12-43)</name><description>Andover, MA
Accurate to ±600 m — weak confidence
Vol. 5, No.2 (1944) (PDF p.387)

Pomp&#x27;s Pond area, Andover</description><styleUrl>#weak</styleUrl><Point><coordinates>-71.164000,42.623500,0</coordinates></Point></Placemark>
<Placemark><name>Indian Roger Site</name><description>Andover, MA
Accurate to ±1500 m — weak confidence
Vol. 24, Nos. 3 &amp; 4 (1963) (PDF p.2076)

~1/4 mile W of Andover (town center)</description><styleUrl>#weak</styleUrl><Point><coordinates>-71.145000,42.658000,0</coordinates></Point></Placemark>
<Placemark><name>Shattuck Farm Site</name><description>Andover, MA
Accurate to ±1000 m — weak confidence
Vol. 48, No. 2 (1987) (PDF p.3983)

Merrimack River, Andover</description><styleUrl>#weak</styleUrl><Point><coordinates>-71.205000,42.669000,0</coordinates></Point></Placemark>
<Placemark><name>Shawsheen River Site (M12-SW-88)</name><description>Andover, MA
Accurate to ±2500 m — weak confidence
Vol. 20, No. 3 (1959) (PDF p.1754)

Shawsheen River, Lawrence quad SW</description><styleUrl>#weak</styleUrl><Point><coordinates>-71.170000,42.630000,0</coordinates></Point></Placemark>
<Placemark><name>Hornblower II Site</name><description>Aquinnah/Chilmark, MA
Accurate to ±1000 m — weak confidence
Vol. 80, Nos 1 &amp; 2 (2019) (PDF p.6771)

2019 MV site map: W side of Squibnocket Pond area, opening onto Atlantic shore</description><styleUrl>#weak</styleUrl><Point><coordinates>-70.782000,41.335000,0</coordinates></Point></Placemark>
<Placemark><name>Ragged Mountain Quarry Shelter</name><description>Barkhamsted, CT
Accurate to ±1500 m — weak confidence
Vol. 10, No. 2 (1949) (PDF p.778)

Side of Ragged Mountain in People&#x27;s State Forest, base of 80 ft ledges</description><styleUrl>#weak</styleUrl><Point><coordinates>-73.020000,41.930000,0</coordinates></Point></Placemark>
<Placemark><name>Sandy Neck Traverse Stations 1-9</name><description>Barnstable, MA
Accurate to ±3500 m — weak confidence
Vol. 28, No. 2 (1967) (PDF p.2375)

Nine stations spread between Bodfish Park and the lighthouse (1965 map)</description><styleUrl>#weak</styleUrl><Point><coordinates>-70.340000,41.729000,0</coordinates></Point></Placemark>
<Placemark><name>Call Site (19-MD-37)</name><description>Billerica, MA
Accurate to ±1500 m — weak confidence
Vol. 67, No. 2 (2006) (PDF p.5640)

Billerica; Curtis cache nearby at Boston Brook/Ipswich River</description><styleUrl>#weak</styleUrl><Point><coordinates>-71.269000,42.558000,0</coordinates></Point></Placemark>
<Placemark><name>Concord River Site (Billerica)</name><description>Billerica, MA
Accurate to ±1500 m — weak confidence


Vossberg &amp; Mansfield 16(2):20</description><styleUrl>#weak</styleUrl><Point><coordinates>-71.280000,42.580000,0</coordinates></Point></Placemark>
<Placemark><name>Marshall Site (19-BN-659)</name><description>Brewster, MA
Accurate to ±1000 m — weak confidence
Vol. 69, No. 1 (2008) (PDF p.5752)

Namskaket Marsh area</description><styleUrl>#weak</styleUrl><Point><coordinates>-70.010000,41.778000,0</coordinates></Point></Placemark>
<Placemark><name>Titicut Brook Site 1 - Forest Street</name><description>Bridgewater, MA
Accurate to ±1000 m — weak confidence
Vol. 71, No. 2 (2010) (PDF p.6021)

W side of Snow&#x27;s Brook near Forest St</description><styleUrl>#weak</styleUrl><Point><coordinates>-70.995000,41.962000,0</coordinates></Point></Placemark>
<Placemark><name>Titicut Brook Site 10 - Bromley Garden</name><description>Bridgewater, MA
Accurate to ±400 m — weak confidence
Vol. 71, No. 2 (2010) (PDF p.6023)

E side of South St at Snow&#x27;s Brook mouth; 1740 foundry dam</description><styleUrl>#weak</styleUrl><Point><coordinates>-70.988000,41.937500,0</coordinates></Point></Placemark>
<Placemark><name>Titicut Brook Site 11 - Bryant Pasture</name><description>Bridgewater, MA
Accurate to ±1000 m — weak confidence
Vol. 71, No. 2 (2010) (PDF p.6023)

Poor Farm Brook</description><styleUrl>#weak</styleUrl><Point><coordinates>-70.980000,41.952000,0</coordinates></Point></Placemark>
<Placemark><name>Titicut Brook Site 12 - Poor Farm Site</name><description>Bridgewater, MA
Accurate to ±1000 m — weak confidence
Vol. 71, No. 2 (2010) (PDF p.6023)

E across South St from Bryant Pasture</description><styleUrl>#weak</styleUrl><Point><coordinates>-70.977000,41.952000,0</coordinates></Point></Placemark>
<Placemark><name>Titicut Brook Site 13 - Keith Farm</name><description>Bridgewater, MA
Accurate to ±1000 m — weak confidence
Vol. 71, No. 2 (2010) (PDF p.6023)

Poor Farm Brook</description><styleUrl>#weak</styleUrl><Point><coordinates>-70.975000,41.949000,0</coordinates></Point></Placemark>
<Placemark><name>Titicut Brook Site 2 - Cross Street</name><description>Bridgewater, MA
Accurate to ±800 m — weak confidence
Vol. 71, No. 2 (2010) (PDF p.6021)

E side of Snow&#x27;s Brook</description><styleUrl>#weak</styleUrl><Point><coordinates>-70.992000,41.951000,0</coordinates></Point></Placemark>
<Placemark><name>Titicut Brook Site 3 - Olde Scotland Links spring</name><description>Bridgewater, MA
Accurate to ±500 m — weak confidence
Vol. 71, No. 2 (2010) (PDF p.6021)

Spring exposed during golf course construction</description><styleUrl>#weak</styleUrl><Point><coordinates>-71.001500,41.942500,0</coordinates></Point></Placemark>
<Placemark><name>Titicut Brook Site 4 - Auglis Garden</name><description>Bridgewater, MA
Accurate to ±500 m — weak confidence
Vol. 71, No. 2 (2010) (PDF p.6021)

Feeder stream crossing Vernon St</description><styleUrl>#weak</styleUrl><Point><coordinates>-70.996500,41.939500,0</coordinates></Point></Placemark>
<Placemark><name>Titicut Brook Site 5 - Kravitz Field</name><description>Bridgewater, MA
Accurate to ±400 m — weak confidence
Vol. 71, No. 2 (2010) (PDF p.6021)

Between Vernon St and W side of Snow&#x27;s Brook</description><styleUrl>#weak</styleUrl><Point><coordinates>-70.992500,41.939000,0</coordinates></Point></Placemark>
<Placemark><name>Titicut Brook Site 6 - P. Heinz Garden</name><description>Bridgewater, MA
Accurate to ±400 m — weak confidence
Vol. 71, No. 2 (2010) (PDF p.6023)

Probably part of Trites Farm site</description><styleUrl>#weak</styleUrl><Point><coordinates>-70.993500,41.938500,0</coordinates></Point></Placemark>
<Placemark><name>Titicut Brook Site 7 - Austin Garden</name><description>Bridgewater, MA
Accurate to ±400 m — weak confidence
Vol. 71, No. 2 (2010) (PDF p.6023)

E side of Snow&#x27;s Brook</description><styleUrl>#weak</styleUrl><Point><coordinates>-70.990500,41.939000,0</coordinates></Point></Placemark>
<Placemark><name>Titicut Brook Site 8 - Brooks Field</name><description>Bridgewater, MA
Accurate to ±400 m — weak confidence
Vol. 71, No. 2 (2010) (PDF p.6023)

N of Green St</description><styleUrl>#weak</styleUrl><Point><coordinates>-70.990500,41.937200,0</coordinates></Point></Placemark>
<Placemark><name>Titicut Brook Site 9 - White-Rodgers Garden</name><description>Bridgewater, MA
Accurate to ±500 m — weak confidence
Vol. 71, No. 2 (2010) (PDF p.6023)

N side of Snow&#x27;s Brook</description><styleUrl>#weak</styleUrl><Point><coordinates>-70.989500,41.938500,0</coordinates></Point></Placemark>
<Placemark><name>Falugo Site</name><description>Bristol/Warren, RI
Accurate to ±800 m — weak confidence
Vol. 82, Nos. 1 &amp; 2 (2021) (PDF p.6922)

CORRECTED: Kickamuit River near Bristol Narrows (Fig. 5)</description><styleUrl>#weak</styleUrl><Point><coordinates>-71.255000,41.703000,0</coordinates></Point></Placemark>
<Placemark><name>Bird Rock Site</name><description>Bronx (Pelham Bay), NY
Accurate to ±1500 m — weak confidence
Vol. 65, No. 2 (2004) (PDF p.5460)

Pelham Bay area</description><styleUrl>#weak</styleUrl><Point><coordinates>-73.805000,40.860000,0</coordinates></Point></Placemark>
<Placemark><name>Quabaug Fortified Village (reputed)</name><description>Brookfield, MA
Accurate to ±1000 m — weak confidence
Vol. 10, No. 3 (1949) (PDF p.819)

Reputed site on SE shore of Lake Quaboag</description><styleUrl>#weak</styleUrl><Point><coordinates>-72.078000,42.202000,0</coordinates></Point></Placemark>
<Placemark><name>Wamsutta Site (19-NF-70 locus)</name><description>Canton, MA
Accurate to ±900 m — weak confidence
Vol. 55, No. 1 (1994) (PDF p.4574)

Same MHC number as Neponset site; shore of glacial lake</description><styleUrl>#weak</styleUrl><Point><coordinates>-71.150000,42.199000,0</coordinates></Point></Placemark>
<Placemark><name>Annasnappet Pond Site</name><description>Carver, MA
Accurate to ±800 m — weak confidence
Vol. 66, No. 1 (2005) (PDF p.5521)

Shore of Annasnappet Pond</description><styleUrl>#weak</styleUrl><Point><coordinates>-70.793500,41.919500,0</coordinates></Point></Placemark>
<Placemark><name>Carver Cremation Burial Site</name><description>Carver, MA
Accurate to ±3000 m — weak confidence
Vol. 32, Nos. 3 &amp; 4 (1971) (PDF p.2692)

Town only</description><styleUrl>#weak</styleUrl><Point><coordinates>-70.763000,41.883000,0</coordinates></Point></Placemark>
<Placemark><name>Swan Hold II Site</name><description>Carver, MA
Accurate to ±1300 m — weak confidence
Vol. 25, No. 2 (1964) (PDF p.2143)

Adjacent to Swan Hold</description><styleUrl>#weak</styleUrl><Point><coordinates>-70.760000,41.876500,0</coordinates></Point></Placemark>
<Placemark><name>Swan Hold Site</name><description>Carver, MA
Accurate to ±1300 m — weak confidence
Vol. 13, No. 2 (1952) (PDF p.1080)

Sandy terrace along South Meadow Brook (now cranberry bog), SE exposure</description><styleUrl>#weak</styleUrl><Point><coordinates>-70.761000,41.876000,0</coordinates></Point></Placemark>
<Placemark><name>Charlestown Town Dock Prehistoric Site</name><description>Charlestown, MA
Accurate to ±500 m — weak confidence
Vol. 63, Nos. 1 &amp; 2 (2002) (PDF p.5256)

Lithic workshop under peat at 17th-c dock on N shore of Charlestown peninsula</description><styleUrl>#weak</styleUrl><Point><coordinates>-71.062000,42.373000,0</coordinates></Point></Placemark>
<Placemark><name>Hayward&#x27;s Portanimicutt Site (19-BN-324)</name><description>Chatham/Harwich, MA
Accurate to ±700 m — weak confidence
Vol. 43, No. 1 (1982) (PDF p.3454)

Garden on N edge of high marsh; springs ~200 m W</description><styleUrl>#weak</styleUrl><Point><coordinates>-69.999000,41.708000,0</coordinates></Point></Placemark>
<Placemark><name>Frisby-Butler Site</name><description>Chilmark, MA
Accurate to ±1000 m — weak confidence
Vol. 80, Nos 1 &amp; 2 (2019) (PDF p.6771)

2019 MV site map: south shore just E of Squibnocket Pond</description><styleUrl>#weak</styleUrl><Point><coordinates>-70.758000,41.329000,0</coordinates></Point></Placemark>
<Placemark><name>Tall Pines Rockshelter</name><description>Clinton, MA
Accurate to ±2000 m — weak confidence
Vol. 65, No. 1 (2004) (PDF p.5415)

Town only</description><styleUrl>#weak</styleUrl><Point><coordinates>-71.683000,42.417000,0</coordinates></Point></Placemark>
<Placemark><name>Henderson Site (Gulf River village)</name><description>Cohasset, MA
Accurate to ±800 m — weak confidence
Vol. 10, No. 2 (1949) (PDF p.803)

N bank of Gulf River, which enters Cohasset Harbor</description><styleUrl>#weak</styleUrl><Point><coordinates>-70.790000,42.233000,0</coordinates></Point></Placemark>
<Placemark><name>Dugans Brook Knoll Site (19-MD-151)</name><description>Concord, MA
Accurate to ±600 m — weak confidence
Vol. 70, No. 1 (2009) (PDF p.5824)

Sandy knoll S of Dugan&#x27;s (Nut Meadow) Brook, short distance upriver of Clamshell Bluff</description><styleUrl>#weak</styleUrl><Point><coordinates>-71.373000,42.446000,0</coordinates></Point></Placemark>
<Placemark><name>Thoreau Farm / Birthplace Site</name><description>Concord, MA
Accurate to ±1500 m — weak confidence
Vol. 72, No. 2 (2011) (PDF p.6093)

Artifacts labelled from Concord River near Thoreau farm; exact site unresolved in article</description><styleUrl>#weak</styleUrl><Point><coordinates>-71.331000,42.459800,0</coordinates></Point></Placemark>
<Placemark><name>Flat River Site</name><description>Coventry (?), RI
Accurate to ±3000 m — weak confidence
Vol. 28, No. 2 (1968) (PDF p.2453)

Assumed Flat River (Reservoir) RI; not confirmed</description><styleUrl>#weak</styleUrl><Point><coordinates>-71.600000,41.690000,0</coordinates></Point></Placemark>
<Placemark><name>Danvers Site</name><description>Danvers, MA
Accurate to ±1500 m — weak confidence
Vol. 73, No. 1 (2012) (PDF p.6149)

Brook 150 m from Ipswich River near Town Forest</description><styleUrl>#weak</styleUrl><Point><coordinates>-70.980000,42.585000,0</coordinates></Point></Placemark>
<Placemark><name>Cedar Dell Pond Site (19-BR-218)</name><description>Dartmouth, MA
Accurate to ±700 m — weak confidence
Vol. 44, No. 2 (1983) (PDF p.3558)

SE periphery of Cedar Dell Pond, 50 m from E shore</description><styleUrl>#weak</styleUrl><Point><coordinates>-71.000000,41.664000,0</coordinates></Point></Placemark>
<Placemark><name>Slocum River Burials</name><description>Dartmouth, MA
Accurate to ±2000 m — weak confidence


Byers, Two Burials on the Slocum River; river only</description><styleUrl>#weak</styleUrl><Point><coordinates>-70.980000,41.560000,0</coordinates></Point></Placemark>
<Placemark><name>DEDIC Site (Deerfield Industrial Park)</name><description>Deerfield, MA
Accurate to ±1000 m — weak confidence
Vol. 66, No. 2 (2005) (PDF p.5561)

South Deerfield industrial park, S edge of Deerfield</description><styleUrl>#weak</styleUrl><Point><coordinates>-72.603000,42.463000,0</coordinates></Point></Placemark>
<Placemark><name>Krogh Property Burial Site (19-FR-36)</name><description>Deerfield, MA
Accurate to ±1000 m — weak confidence
Vol. 52, No. 2 (1991) (PDF p.4362)

Steam Mill Road; high sandy terrace over Deerfield Meadows at foot of Pocumtuck Range</description><styleUrl>#weak</styleUrl><Point><coordinates>-72.596000,42.538000,0</coordinates></Point></Placemark>
<Placemark><name>Bass River Sites</name><description>Dennis, MA
Accurate to ±3000 m — weak confidence
Vol. 19, No. 1 (1957) (PDF p.1645)

Many sites along the Bass River</description><styleUrl>#weak</styleUrl><Point><coordinates>-70.185000,41.680000,0</coordinates></Point></Placemark>
<Placemark><name>Whortleberry Hill Site (19-MD-846)</name><description>Dracut, MA
Accurate to ±2500 m — weak confidence
Vol. 66, No. 1 (2005) (PDF p.5497)

Town only</description><styleUrl>#weak</styleUrl><Point><coordinates>-71.300000,42.690000,0</coordinates></Point></Placemark>
<Placemark><name>Howland Orchard Site</name><description>Duxbury, MA
Accurate to ±1000 m — weak confidence
Vol. 56, No. 1 (1995) (PDF p.4658)

Shell midden at Howland farm stand, Bay Road</description><styleUrl>#weak</styleUrl><Point><coordinates>-70.685000,42.035000,0</coordinates></Point></Placemark>
<Placemark><name>North Hill Marsh Site</name><description>Duxbury, MA
Accurate to ±800 m — weak confidence
Vol. 26, No. 1 (1964) (PDF p.2195)

Sand terrace beside wooded plateau at North Hill Marsh</description><styleUrl>#weak</styleUrl><Point><coordinates>-70.708000,42.060000,0</coordinates></Point></Placemark>
<Placemark><name>Jones Pond Shell Heap</name><description>East Providence, RI
Accurate to ±1500 m — weak confidence
Vol. 1, No.2 (1940) (PDF p.31)

Town only</description><styleUrl>#weak</styleUrl><Point><coordinates>-71.348000,41.808000,0</coordinates></Point></Placemark>
<Placemark><name>Morse Pond Site (19-BR-480)</name><description>Easton, MA
Accurate to ±1200 m — weak confidence
Vol. 78, No. 1 (2017) (PDF p.6594)

Shore of Morse Pond, an impoundment of Queset Brook</description><styleUrl>#weak</styleUrl><Point><coordinates>-71.110000,42.048000,0</coordinates></Point></Placemark>
<Placemark><name>Essex Bay Islands Localities</name><description>Essex, MA
Accurate to ±2000 m — weak confidence
Vol. 79, No. 1 (2018) (PDF p.6714)

Hog, Cross and other Essex Bay islands (Fig. 9)</description><styleUrl>#weak</styleUrl><Point><coordinates>-70.775000,42.659000,0</coordinates></Point></Placemark>
<Placemark><name>Beaver Pond Sites - American Felt</name><description>Franklin, MA
Accurate to ±900 m — weak confidence
Vol. 51, No. 1 (1990) (PDF p.4223)

Beaver Pond locale</description><styleUrl>#weak</styleUrl><Point><coordinates>-71.412000,42.092000,0</coordinates></Point></Placemark>
<Placemark><name>Beaver Pond Sites - Beaver Flats</name><description>Franklin, MA
Accurate to ±600 m — weak confidence
Vol. 51, No. 1 (1990) (PDF p.4219)

Low terrace adjacent to pond, S of Beaver Street</description><styleUrl>#weak</styleUrl><Point><coordinates>-71.414000,42.093000,0</coordinates></Point></Placemark>
<Placemark><name>Beaver Pond Sites - Beaver Street Knoll</name><description>Franklin, MA
Accurate to ±600 m — weak confidence
Vol. 51, No. 1 (1990) (PDF p.4220)

Knoll at Beaver Street; N part destroyed by road</description><styleUrl>#weak</styleUrl><Point><coordinates>-71.413000,42.093500,0</coordinates></Point></Placemark>
<Placemark><name>Beaver Pond Sites - Caterina Site</name><description>Franklin, MA
Accurate to ±600 m — weak confidence
Vol. 51, No. 1 (1990) (PDF p.4226)

NE side of Beaver Pond</description><styleUrl>#weak</styleUrl><Point><coordinates>-71.411000,42.095000,0</coordinates></Point></Placemark>
<Placemark><name>Beaver Pond Sites - Chelsea Drum</name><description>Franklin, MA
Accurate to ±900 m — weak confidence
Vol. 51, No. 1 (1990) (PDF p.4221)

Beaver Pond locale</description><styleUrl>#weak</styleUrl><Point><coordinates>-71.410000,42.092500,0</coordinates></Point></Placemark>
<Placemark><name>Beaver Pond Sites - Knoll Dump</name><description>Franklin, MA
Accurate to ±600 m — weak confidence
Vol. 51, No. 1 (1990) (PDF p.4217)

Knoll N of Beaver Street</description><styleUrl>#weak</styleUrl><Point><coordinates>-71.413500,42.094500,0</coordinates></Point></Placemark>
<Placemark><name>Barnaby&#x27;s Cove Sites</name><description>Freetown, MA
Accurate to ±700 m — weak confidence
Vol. 42, No. 1 (1981) (PDF p.3403)

Group of sites near Barnaby&#x27;s Cove a short distance from Peace Haven</description><styleUrl>#weak</styleUrl><Point><coordinates>-71.108000,41.773000,0</coordinates></Point></Placemark>
<Placemark><name>Smith Brook Site</name><description>Glastonbury, CT
Accurate to ±3000 m — weak confidence
Vol. 29, Nos 3 &amp; 4 (1968) (PDF p.2497)

Town only</description><styleUrl>#weak</styleUrl><Point><coordinates>-72.600000,41.710000,0</coordinates></Point></Placemark>
<Placemark><name>Annisquam Shellfish Site</name><description>Gloucester, MA
Accurate to ±700 m — weak confidence
Vol. 74, No. 2 (2013) (PDF p.6311)

Named on 2013 Gloucester site map</description><styleUrl>#weak</styleUrl><Point><coordinates>-70.678000,42.656500,0</coordinates></Point></Placemark>
<Placemark><name>Coffin Beach Site</name><description>Gloucester, MA
Accurate to ±700 m — weak confidence
Vol. 74, No. 2 (2013) (PDF p.6311)

Named on 2013 Gloucester site map</description><styleUrl>#weak</styleUrl><Point><coordinates>-70.700500,42.656000,0</coordinates></Point></Placemark>
<Placemark><name>Coles Island Site</name><description>Gloucester, MA
Accurate to ±700 m — weak confidence
Vol. 74, No. 2 (2013) (PDF p.6311)

Named on 2013 Gloucester site map</description><styleUrl>#weak</styleUrl><Point><coordinates>-70.695000,42.650500,0</coordinates></Point></Placemark>
<Placemark><name>Farm Point Shellfish Site</name><description>Gloucester, MA
Accurate to ±700 m — weak confidence
Vol. 74, No. 2 (2013) (PDF p.6311)

Named on 2013 Gloucester site map</description><styleUrl>#weak</styleUrl><Point><coordinates>-70.690000,42.652000,0</coordinates></Point></Placemark>
<Placemark><name>Matz Site</name><description>Gloucester, MA
Accurate to ±600 m — weak confidence
Vol. 74, No. 2 (2013) (PDF p.6310)

Contact Period site adjacent to Wingaersheek Beach and Jones River</description><styleUrl>#weak</styleUrl><Point><coordinates>-70.683000,42.651500,0</coordinates></Point></Placemark>
<Placemark><name>Pearce (Merchant) Island Shellfish Site</name><description>Gloucester, MA
Accurate to ±600 m — weak confidence
Vol. 74, No. 2 (2013) (PDF p.6310)

Shellfish processing site in Annisquam River</description><styleUrl>#weak</styleUrl><Point><coordinates>-70.677000,42.634000,0</coordinates></Point></Placemark>
<Placemark><name>Pressons Point Site</name><description>Gloucester, MA
Accurate to ±800 m — weak confidence
Vol. 74, No. 2 (2013) (PDF p.6311)

Named on 2013 Gloucester site map</description><styleUrl>#weak</styleUrl><Point><coordinates>-70.686000,42.623000,0</coordinates></Point></Placemark>
<Placemark><name>Riverview (Curtis Cove / Thurston Point) Sites</name><description>Gloucester, MA
Accurate to ±600 m — weak confidence
Vol. 74, No. 2 (2013) (PDF p.6310)

Curtis Cove and Thurston Point, Riverview</description><styleUrl>#weak</styleUrl><Point><coordinates>-70.679500,42.627500,0</coordinates></Point></Placemark>
<Placemark><name>Rust Island Shellfish Site</name><description>Gloucester, MA
Accurate to ±600 m — weak confidence
Vol. 74, No. 2 (2013) (PDF p.6310)

Shellfish processing site in Annisquam River</description><styleUrl>#weak</styleUrl><Point><coordinates>-70.676500,42.626500,0</coordinates></Point></Placemark>
<Placemark><name>Wheeler&#x27;s Point Shellfish Site</name><description>Gloucester, MA
Accurate to ±700 m — weak confidence
Vol. 74, No. 2 (2013) (PDF p.6310)

Peninsula at junction of Annisquam and Mill Rivers</description><styleUrl>#weak</styleUrl><Point><coordinates>-70.688000,42.640000,0</coordinates></Point></Placemark>
<Placemark><name>Hockanum Road Trading Center</name><description>Hadley, MA
Accurate to ±1500 m — weak confidence


Howes 3(4):58</description><styleUrl>#weak</styleUrl><Point><coordinates>-72.597000,42.310000,0</coordinates></Point></Placemark>
<Placemark><name>Hunt&#x27;s Island Site</name><description>Hampton, NH
Accurate to ±1000 m — weak confidence
Vol. 79, No. 2 (2018) (PDF p.6843)

Hampton Harbor</description><styleUrl>#weak</styleUrl><Point><coordinates>-70.820000,42.895000,0</coordinates></Point></Placemark>
<Placemark><name>Micah Ralph Site (M-47-5)</name><description>Harwich, MA
Accurate to ±800 m — weak confidence
Vol. 19, No. 4 (1958) (PDF p.1704)

Askaonkton, N bank of old Monomoyick River, E Harwich</description><styleUrl>#weak</styleUrl><Point><coordinates>-70.002000,41.707000,0</coordinates></Point></Placemark>
<Placemark><name>Mill Street Site (Cochato)</name><description>Holbrook/Braintree, MA
Accurate to ±1500 m — weak confidence
Vol. 19, No 2 (1958) (PDF p.1653)

Small knoll in Cochato River valley</description><styleUrl>#weak</styleUrl><Point><coordinates>-71.015000,42.170000,0</coordinates></Point></Placemark>
<Placemark><name>Ochee Spring Steatite Quarry</name><description>Johnston, RI
Accurate to ±800 m — weak confidence
Vol. 82, Nos. 1 &amp; 2 (2021) (PDF p.6921)

Ochee Spring, Johnston</description><styleUrl>#weak</styleUrl><Point><coordinates>-71.510000,41.822000,0</coordinates></Point></Placemark>
<Placemark><name>Hathaway Site</name><description>Kingston, MA
Accurate to ±500 m — weak confidence
Vol. 49, No. 1 (1988) (PDF p.4021)

Rocky Nook; wooded shelf overlooking marsh and river</description><styleUrl>#weak</styleUrl><Point><coordinates>-70.698000,41.983000,0</coordinates></Point></Placemark>
<Placemark><name>Margaret Angell Site</name><description>Kingston, MA
Accurate to ±2000 m — weak confidence
Vol. 61, No. 2 (2000) (PDF p.5125)

22-acre site E of Angell house</description><styleUrl>#weak</styleUrl><Point><coordinates>-70.715000,41.990000,0</coordinates></Point></Placemark>
<Placemark><name>Powers Shell Heap (M-41-82)</name><description>Kingston, MA
Accurate to ±500 m — weak confidence
Vol. 9, No 4 (1948) (PDF p.742)

N shore of a cove of Foundry Pond (dammed Smelt Brook)</description><styleUrl>#weak</styleUrl><Point><coordinates>-70.716000,41.995000,0</coordinates></Point></Placemark>
<Placemark><name>Hawes Site</name><description>Lakeville, MA
Accurate to ±900 m — weak confidence
Vol. 23, Nos. 3 &amp; 4 (1962) (PDF p.1989)

Gravel deposit on Rhode Island Road near Crooked Lane</description><styleUrl>#weak</styleUrl><Point><coordinates>-70.978000,41.842000,0</coordinates></Point></Placemark>
<Placemark><name>Conklin Jasper Quarry (RI 1935)</name><description>Lincoln, RI
Accurate to ±1500 m — weak confidence
Vol. 60, No. 1 (1999) (PDF p.5026)

Town location map</description><styleUrl>#weak</styleUrl><Point><coordinates>-71.425000,41.915000,0</coordinates></Point></Placemark>
<Placemark><name>Oak Knoll Site</name><description>Lincoln, MA
Accurate to ±600 m — weak confidence
Vol. 64, No. 2 (2003) (PDF p.5374)

N Lincoln, S side of Rte 2 east of Rte 2A junction, elev 72.5 m on terrace W of drumlin</description><styleUrl>#weak</styleUrl><Point><coordinates>-71.323000,42.452500,0</coordinates></Point></Placemark>
<Placemark><name>Flagg Swamp Rockshelter</name><description>Marlborough, MA
Accurate to ±1300 m — weak confidence
Vol. 44, No. 2 (1983) (PDF p.3576)

Flagg Swamp, Marlborough</description><styleUrl>#weak</styleUrl><Point><coordinates>-71.570000,42.335000,0</coordinates></Point></Placemark>
<Placemark><name>Marshfield Site (Locus 9)</name><description>Marshfield, MA
Accurate to ±3000 m — weak confidence
Vol. 79, No. 2 (2018) (PDF p.6821)

Town only</description><styleUrl>#weak</styleUrl><Point><coordinates>-70.700000,42.090000,0</coordinates></Point></Placemark>
<Placemark><name>Winslow Site</name><description>Marshfield, MA
Accurate to ±1500 m — weak confidence
Vol. 13, No. 1 (1951) (PDF p.1058)

Winslow estate area, Marshfield (Bullen notes)</description><styleUrl>#weak</styleUrl><Point><coordinates>-70.676000,42.087000,0</coordinates></Point></Placemark>
<Placemark><name>Willowbend Site</name><description>Mashpee, MA
Accurate to ±700 m — weak confidence
Vol. 58, No. 1 (1997) (PDF p.4839)

Willowbend development</description><styleUrl>#weak</styleUrl><Point><coordinates>-70.445000,41.619000,0</coordinates></Point></Placemark>
<Placemark><name>Wyoming Quarry Site (19-MD-251)</name><description>Melrose, MA
Accurate to ±400 m — weak confidence
Vol. 59, No. 1 (1998) (PDF p.4916)

Hill ~1/4 mi NE of Wyoming Cemetery (Melrose green source)</description><styleUrl>#weak</styleUrl><Point><coordinates>-71.058000,42.464000,0</coordinates></Point></Placemark>
<Placemark><name>Fortified Hill in Mendon</name><description>Mendon, MA
Accurate to ±2500 m — weak confidence
Vol. 9, No 4 (1948) (PDF p.742)

Town only</description><styleUrl>#weak</styleUrl><Point><coordinates>-71.552000,42.105000,0</coordinates></Point></Placemark>
<Placemark><name>Mill River Site</name><description>Mendon, MA
Accurate to ±2000 m — weak confidence
Vol. 24, No. 2 (1963) (PDF p.2048)

Ferrucci farm, terrace ~20 ft above Mill River</description><styleUrl>#weak</styleUrl><Point><coordinates>-71.530000,42.100000,0</coordinates></Point></Placemark>
<Placemark><name>Beaver Brook Site</name><description>Middleborough, MA
Accurate to ±800 m — weak confidence
Vol. 70, No. 2 (2009) (PDF p.5910)

Same MHC number as Little League Site; near Beaver Pond</description><styleUrl>#weak</styleUrl><Point><coordinates>-70.904000,41.882500,0</coordinates></Point></Placemark>
<Placemark><name>Indian Hill Site</name><description>Middleborough, MA
Accurate to ±2500 m — weak confidence
Vol. 22, No. 3 &amp; 4 (1961) (PDF p.1915)

On old Plymouth-Middleboro-Titicut trail, ~300 yds SW of historic Indian rock on Madigan farm</description><styleUrl>#weak</styleUrl><Point><coordinates>-70.870000,41.905000,0</coordinates></Point></Placemark>
<Placemark><name>Nemasket Site (Pratt Farm)</name><description>Middleborough, MA
Accurate to ±700 m — weak confidence
Vol. 50, No. 2 (1989) (PDF p.4156)

Town-owned Pratt Farm on the Nemasket River</description><styleUrl>#weak</styleUrl><Point><coordinates>-70.900500,41.890500,0</coordinates></Point></Placemark>
<Placemark><name>Titicut Brook Site 14 - Vernon St at Poquoy Brook</name><description>Middleborough, MA
Accurate to ±1000 m — weak confidence
Vol. 71, No. 2 (2010) (PDF p.6023)

W side of Vernon St along Poquoy Brook</description><styleUrl>#weak</styleUrl><Point><coordinates>-70.988000,41.917000,0</coordinates></Point></Placemark>
<Placemark><name>Titicut Brook Site 17 - Tripp Garden</name><description>Middleborough, MA
Accurate to ±800 m — weak confidence
Vol. 71, No. 2 (2010) (PDF p.6024)

N side of Center St opposite head of Puddingshear Brook</description><styleUrl>#weak</styleUrl><Point><coordinates>-70.960000,41.929000,0</coordinates></Point></Placemark>
<Placemark><name>Titicut Brook Site 18 - Taylor Brook Site</name><description>Middleborough, MA
Accurate to ±400 m — weak confidence
Vol. 71, No. 2 (2010) (PDF p.6024)

W of Vernon St on brook from swamp E of Fort Hill Field</description><styleUrl>#weak</styleUrl><Point><coordinates>-70.994500,41.929500,0</coordinates></Point></Placemark>
<Placemark><name>Titicut Brook Site 19 - McCue&#x27;s Field</name><description>Middleborough, MA
Accurate to ±400 m — weak confidence
Vol. 71, No. 2 (2010) (PDF p.6024)

S side of same brook</description><styleUrl>#weak</styleUrl><Point><coordinates>-70.994500,41.928800,0</coordinates></Point></Placemark>
<Placemark><name>Bogastowe Farms Site</name><description>Millis/Medfield, MA
Accurate to ±700 m — weak confidence
Vol. 77, No. 1 (2016) (PDF p.6523)

Near South End Pond on SW Medfield USGS quad</description><styleUrl>#weak</styleUrl><Point><coordinates>-71.350000,42.145000,0</coordinates></Point></Placemark>
<Placemark><name>Tillite Bluff Site (M35-17)</name><description>Milton, MA
Accurate to ±1000 m — weak confidence
Vol. 35, Nos. 1 &amp; 2 (1974) (PDF p.2895)

Hill E of Randolph Avenue, quarries just E of a golf course</description><styleUrl>#weak</styleUrl><Point><coordinates>-71.081000,42.239000,0</coordinates></Point></Placemark>
<Placemark><name>Brook Meadow Site</name><description>Milton/Canton, MA
Accurate to ±1000 m — weak confidence
Vol. 35, Nos. 1 &amp; 2 (1974) (PDF p.2879)

On Milton-Canton line at Blue Hills fringe near Neponset River; Hemenway South Farm</description><styleUrl>#weak</styleUrl><Point><coordinates>-71.122500,42.225500,0</coordinates></Point></Placemark>
<Placemark><name>Turners Falls Site (19-FR-324)</name><description>Montague, MA
Accurate to ±800 m — weak confidence
Vol. 66, No. 2 (2005) (PDF p.5546)

Turners Falls village, 360 ft ASL, &lt;1 mi from Connecticut River</description><styleUrl>#weak</styleUrl><Point><coordinates>-72.548000,42.599000,0</coordinates></Point></Placemark>
<Placemark><name>Wills Hill Site</name><description>Montague, MA
Accurate to ±1200 m — weak confidence
Vol. 38, Nos. 1 &amp; 2 (1976) (PDF p.3092)

Location map: between Montague City and Lake Pleasant, N of Connecticut River</description><styleUrl>#weak</styleUrl><Point><coordinates>-72.545000,42.576000,0</coordinates></Point></Placemark>
<Placemark><name>Folger&#x27;s Marsh Site</name><description>Nantucket, MA
Accurate to ±1000 m — weak confidence
Vol. 81, Nos. 1 &amp; 2 (2020) (PDF p.6878)

Folger&#x27;s Marsh</description><styleUrl>#weak</styleUrl><Point><coordinates>-70.055000,41.290000,0</coordinates></Point></Placemark>
<Placemark><name>Herrecater Swamp Site</name><description>Nantucket, MA
Accurate to ±600 m — weak confidence
Vol. 10, No. 4 (1949) (PDF p.853)

Squam area, NE Nantucket</description><styleUrl>#weak</styleUrl><Point><coordinates>-69.995000,41.303000,0</coordinates></Point></Placemark>
<Placemark><name>Hughes Site (part of M-52/23)</name><description>Nantucket, MA
Accurate to ±700 m — weak confidence
Vol. 10, No. 1 (1948) (PDF p.760)

High knoll dropping to E shore of Long Pond</description><styleUrl>#weak</styleUrl><Point><coordinates>-70.160000,41.269000,0</coordinates></Point></Placemark>
<Placemark><name>Quaise Site</name><description>Nantucket, MA
Accurate to ±800 m — weak confidence
Vol. 51, No. 2 (1990) (PDF p.4254)

Quaise</description><styleUrl>#weak</styleUrl><Point><coordinates>-70.040000,41.280000,0</coordinates></Point></Placemark>
<Placemark><name>Christopher Street Site</name><description>Narragansett, RI
Accurate to ±600 m — weak confidence
Vol. 62, No. 1 (2001) (PDF p.5182)

~650 m WNW of RI 110 village complex; SE of Silver Lake at upper Point Judith Pond</description><styleUrl>#weak</styleUrl><Point><coordinates>-71.493000,41.430000,0</coordinates></Point></Placemark>
<Placemark><name>Lake Cochituate Basketry Find</name><description>Natick/Wayland, MA
Accurate to ±1500 m — weak confidence
Vol. 48, No. 1 (1987) (PDF p.3939)

Lake Cochituate shoreline</description><styleUrl>#weak</styleUrl><Point><coordinates>-71.368000,42.305000,0</coordinates></Point></Placemark>
<Placemark><name>Bakerville Stone Bowl Quarry</name><description>New Hartford, CT
Accurate to ±1000 m — weak confidence
Vol. 31, Nos. 1 &amp; 2 (1970) (PDF p.2583)

Cotton Mountain ~4 mi S of Winsted</description><styleUrl>#weak</styleUrl><Point><coordinates>-73.015000,41.858000,0</coordinates></Point></Placemark>
<Placemark><name>Perry&#x27;s Shell Heap (Kettle-Hole Site)</name><description>North Truro, MA
Accurate to ±1500 m — weak confidence
Vol. 74, No. 2 (2013) (PDF p.6257)

Farm of John Perry, North Truro</description><styleUrl>#weak</styleUrl><Point><coordinates>-70.080000,42.035000,0</coordinates></Point></Placemark>
<Placemark><name>Canoe River West Site</name><description>Norton, MA
Accurate to ±2000 m — weak confidence
Vol. 44, No. 2 (1983) (PDF p.3577)

Canoe River, Norton</description><styleUrl>#weak</styleUrl><Point><coordinates>-71.170000,41.990000,0</coordinates></Point></Placemark>
<Placemark><name>Ford Site (M-39-5)</name><description>Norton, MA
Accurate to ±700 m — weak confidence
Vol. 7, No. 2 (1946) (PDF p.548)

Shore of Winnecunnet Lake on Dr. Ford&#x27;s land</description><styleUrl>#weak</styleUrl><Point><coordinates>-71.143000,41.965000,0</coordinates></Point></Placemark>
<Placemark><name>G.B. Crane Site</name><description>Norton, MA
Accurate to ±2500 m — weak confidence
Vol. 54, No. 2 (1993) (PDF p.4542)

Town only</description><styleUrl>#weak</styleUrl><Point><coordinates>-71.186000,41.966000,0</coordinates></Point></Placemark>
<Placemark><name>Rubin Farm Site</name><description>Norton, MA
Accurate to ±1500 m — weak confidence
Vol. 66, No. 1 (2005) (PDF p.5532)

S Norton; Segreganset and Palmer headwater wetlands immediately S and W</description><styleUrl>#weak</styleUrl><Point><coordinates>-71.190000,41.936000,0</coordinates></Point></Placemark>
<Placemark><name>Obed Heights Rock Shelter</name><description>Old Saybrook, CT
Accurate to ±600 m — weak confidence
Vol. 33, nos. 3 &amp; 4 (1972) (PDF p.2777)

~1,000 ft N of CT Turnpike, 300 ft SW of Obed Heights Reservoir</description><styleUrl>#weak</styleUrl><Point><coordinates>-72.370000,41.300000,0</coordinates></Point></Placemark>
<Placemark><name>Oak Ridge Site</name><description>Orleans, MA
Accurate to ±700 m — weak confidence
Vol. 69, No. 1 (2008) (PDF p.5752)

High ground at head of Namskaket Marsh</description><styleUrl>#weak</styleUrl><Point><coordinates>-70.000000,41.776000,0</coordinates></Point></Placemark>
<Placemark><name>Neal Gate Site</name><description>Pembroke, MA
Accurate to ±700 m — weak confidence
Vol. 72, No. 1 (2011) (PDF p.6067)

Intersection of Neal Gate Street and the North River</description><styleUrl>#weak</styleUrl><Point><coordinates>-70.803000,42.114000,0</coordinates></Point></Placemark>
<Placemark><name>Pembroke Native Wigwam/House Sites (1823-78)</name><description>Pembroke, MA
Accurate to ±1200 m — weak confidence
Vol. 57, No. 1 (1996) (PDF p.4774)

Six historic Native households around Oldham and Furnace Ponds on 1879 map</description><styleUrl>#weak</styleUrl><Point><coordinates>-70.826000,42.052000,0</coordinates></Point></Placemark>
<Placemark><name>Reedy Meadow Brook Site</name><description>Pepperell, MA
Accurate to ±2000 m — weak confidence
Vol. 49, No. 1 (1988) (PDF p.4053)

Town only</description><styleUrl>#weak</styleUrl><Point><coordinates>-71.580000,42.665000,0</coordinates></Point></Placemark>
<Placemark><name>Browne Site (Eel River)</name><description>Plymouth, MA
Accurate to ±800 m — weak confidence
Vol. 72, No. 1 (2011) (PDF p.6065)

Crib Browne estate along the Eel River; ~40 ft from water</description><styleUrl>#weak</styleUrl><Point><coordinates>-70.636000,41.934000,0</coordinates></Point></Placemark>
<Placemark><name>Burgess Pasture Site</name><description>Plymouth, MA
Accurate to ±3000 m — weak confidence
Vol. 11, No. 1 (1949) (PDF p.871)

Plymouth area; not on a river (per later Eel River discussion)</description><styleUrl>#weak</styleUrl><Point><coordinates>-70.670000,41.930000,0</coordinates></Point></Placemark>
<Placemark><name>Nook Farm Camp Site (M41/9)</name><description>Plymouth, MA
Accurate to ±700 m — weak confidence
Vol. 4, No.1 (1942) (PDF p.300)

Headwaters of Wellingsley Brook (Plymouth Rock Trout Co.), ~3/4 mi from tidewater</description><styleUrl>#weak</styleUrl><Point><coordinates>-70.656000,41.942000,0</coordinates></Point></Placemark>
<Placemark><name>Peaked Hill Site</name><description>Provincetown, MA
Accurate to ±800 m — weak confidence
Vol. 7, No. 3 (1946) (PDF p.561)

Dunes ~2.75 mi NE of Provincetown center near Peaked Hill CG Station, 1/4 mi from each water body</description><styleUrl>#weak</styleUrl><Point><coordinates>-70.148000,42.069000,0</coordinates></Point></Placemark>
<Placemark><name>Green Hill Site</name><description>Quincy/Braintree, MA
Accurate to ±1200 m — weak confidence
Vol. 41, No. 1 (1980) (PDF p.3329)

Near Rte 128 on Blue Hills fringe; Pondville conglomerate exposures to the south</description><styleUrl>#weak</styleUrl><Point><coordinates>-71.052000,42.220000,0</coordinates></Point></Placemark>
<Placemark><name>Randolph Bear Swamp Site (M35NE26)</name><description>Randolph, MA
Accurate to ±2000 m — weak confidence
Vol. 39, No. 2 (1978) (PDF p.3230)

Border of Bear Swamp, Randolph</description><styleUrl>#weak</styleUrl><Point><coordinates>-71.060000,42.165000,0</coordinates></Point></Placemark>
<Placemark><name>Gills Farm Site (19-NF-40)</name><description>Randolph/Braintree, MA
Accurate to ±1500 m — weak confidence
Vol. 50, No. 2 (1989) (PDF p.4174)

Cochato River valley</description><styleUrl>#weak</styleUrl><Point><coordinates>-71.025000,42.180000,0</coordinates></Point></Placemark>
<Placemark><name>Titicut Brook Site 16 - Bassett Brook</name><description>Raynham, MA
Accurate to ±1000 m — weak confidence
Vol. 71, No. 2 (2010) (PDF p.6023)

Along Pine St</description><styleUrl>#weak</styleUrl><Point><coordinates>-71.010000,41.925000,0</coordinates></Point></Placemark>
<Placemark><name>Bassett Knoll Site</name><description>Raynham/Middleborough, MA
Accurate to ±700 m — weak confidence
Vol. 71, No. 2 (2010) (PDF p.6024)

1 mile S of Titicut; dated 8480 BP</description><styleUrl>#weak</styleUrl><Point><coordinates>-70.999000,41.920000,0</coordinates></Point></Placemark>
<Placemark><name>Dyer Site</name><description>Rehoboth, MA
Accurate to ±3000 m — weak confidence
Vol. 50, No. 2 (1989) (PDF p.4156)

Town only</description><styleUrl>#weak</styleUrl><Point><coordinates>-71.250000,41.845000,0</coordinates></Point></Placemark>
<Placemark><name>Lone Pine Site</name><description>Rocky Hill, CT
Accurate to ±800 m — weak confidence
Vol. 32, Nos. 1 &amp; 2 (1971) (PDF p.2666)

Location map: Shipman&#x27;s Hill traprock ridge by Goff Brook and Rte 91, N Rocky Hill</description><styleUrl>#weak</styleUrl><Point><coordinates>-72.662000,41.675500,0</coordinates></Point></Placemark>
<Placemark><name>Hatherly Site</name><description>Scituate, MA
Accurate to ±800 m — weak confidence
Vol. 10, No. 2 (1949) (PDF p.804)

Head of navigation on First Herring Brook, which enters North River ~1 mi above its mouth</description><styleUrl>#weak</styleUrl><Point><coordinates>-70.728000,42.164000,0</coordinates></Point></Placemark>
<Placemark><name>Rocks Road (Seabrook Station) Site</name><description>Seabrook, NH
Accurate to ±1000 m — weak confidence
Vol. 78, No. 1 (2017) (PDF p.6633)

Seabrook Station</description><styleUrl>#weak</styleUrl><Point><coordinates>-70.848000,42.897000,0</coordinates></Point></Placemark>
<Placemark><name>King Philip&#x27;s Rocks Site</name><description>Sharon, MA
Accurate to ±800 m — weak confidence
Vol. 71, No. 1 (2010) (PDF p.5935)

Ceremonial stone site; another site ~1.5 km W at Sharon/Foxboro line</description><styleUrl>#weak</styleUrl><Point><coordinates>-71.209000,42.087000,0</coordinates></Point></Placemark>
<Placemark><name>Judd Tract</name><description>South Hadley, MA
Accurate to ±2500 m — weak confidence
Vol. 7, No. 4 (1946) (PDF p.574)

Town only</description><styleUrl>#weak</styleUrl><Point><coordinates>-72.580000,42.260000,0</coordinates></Point></Placemark>
<Placemark><name>Potter Pond Site</name><description>South Kingstown, RI
Accurate to ±800 m — weak confidence
Vol. 11, No. 3 (1950) (PDF p.954)

Chaffee land, Potter Pond</description><styleUrl>#weak</styleUrl><Point><coordinates>-71.527000,41.390000,0</coordinates></Point></Placemark>
<Placemark><name>Acosta Street Burial</name><description>Stamford, CT
Accurate to ±2000 m — weak confidence
Vol. 23, No. 2 (1962) (PDF p.1975)

Map of burial area, Stamford</description><styleUrl>#weak</styleUrl><Point><coordinates>-73.550000,41.080000,0</coordinates></Point></Placemark>
<Placemark><name>Cold Brook Hill Site</name><description>Sudbury, MA
Accurate to ±1000 m — weak confidence
Vol. 45, No. 2 (1984) (PDF p.3730)

Smith Collection map site H</description><styleUrl>#weak</styleUrl><Point><coordinates>-71.388000,42.413500,0</coordinates></Point></Placemark>
<Placemark><name>Davis Farm (Pantry Brook Village) Site</name><description>Sudbury, MA
Accurate to ±800 m — weak confidence
Vol. 45, No. 2 (1984) (PDF p.3730)

Smith Collection map site G (southern part of map less accurate)</description><styleUrl>#weak</styleUrl><Point><coordinates>-71.385000,42.405000,0</coordinates></Point></Placemark>
<Placemark><name>Whipple Site</name><description>Swanzey, NH
Accurate to ±3000 m — weak confidence
Vol. 50, No. 2 (1989) (PDF p.4169)

Town only</description><styleUrl>#weak</styleUrl><Point><coordinates>-72.280000,42.870000,0</coordinates></Point></Placemark>
<Placemark><name>Faulkner Spring Site</name><description>Taunton, MA
Accurate to ±3000 m — weak confidence
Vol. 3, No.1 (1941) (PDF p.228)

Town only</description><styleUrl>#weak</styleUrl><Point><coordinates>-71.095000,41.925000,0</coordinates></Point></Placemark>
<Placemark><name>Sabatia Plain Site No.1</name><description>Taunton, MA
Accurate to ±1500 m — weak confidence
Vol. 32, Nos. 3 &amp; 4 (1971) (PDF p.2719)

Extensive plain near Lake Sabbatia</description><styleUrl>#weak</styleUrl><Point><coordinates>-71.105000,41.942000,0</coordinates></Point></Placemark>
<Placemark><name>Pringle Site (19-MD-18)</name><description>Tewksbury, MA
Accurate to ±800 m — weak confidence
Vol. 64, No. 1 (2003) (PDF p.5333)

Small terrace on E side of Shawsheen ~20 ft above river; plateau between river and swamp ~3 mi S of Andover</description><styleUrl>#weak</styleUrl><Point><coordinates>-71.188000,42.612000,0</coordinates></Point></Placemark>
<Placemark><name>Cunningham Site</name><description>Tisbury, MA
Accurate to ±700 m — weak confidence
Vol. 47, No. 1 (1986) (PDF p.3870)

W shore of Lagoon Pond</description><styleUrl>#weak</styleUrl><Point><coordinates>-70.598000,41.438000,0</coordinates></Point></Placemark>
<Placemark><name>Lagoon Pond (Norton) Site</name><description>Tisbury, MA
Accurate to ±600 m — weak confidence
Vol. 80, Nos 1 &amp; 2 (2019) (PDF p.6738)

Head (south end) of Lagoon Pond</description><styleUrl>#weak</styleUrl><Point><coordinates>-70.587000,41.424000,0</coordinates></Point></Placemark>
<Placemark><name>Hillside Site</name><description>Truro, MA
Accurate to ±2000 m — weak confidence
Vol. 11, No. 1 (1949) (PDF p.871)

Town only</description><styleUrl>#weak</styleUrl><Point><coordinates>-70.055000,42.000000,0</coordinates></Point></Placemark>
<Placemark><name>Railroad Site</name><description>Truro, MA
Accurate to ±600 m — weak confidence
Vol. 7, No. 2 (1946) (PDF p.527)

Midden crossed by old railroad grade near Corn Hill</description><styleUrl>#weak</styleUrl><Point><coordinates>-70.072000,42.008000,0</coordinates></Point></Placemark>
<Placemark><name>Hartford Avenue Rockshelter</name><description>Uxbridge, MA
Accurate to ±800 m — weak confidence
Vol. 65, No. 1 (2004) (PDF p.5415)

Bedrock outcrop ~700 ft N of original Hartford Ave overpass over Rte 146</description><styleUrl>#weak</styleUrl><Point><coordinates>-71.633000,42.093000,0</coordinates></Point></Placemark>
<Placemark><name>Lambert Farm Site</name><description>Warwick, RI
Accurate to ±1000 m — weak confidence
Vol. 54, No. 1 (1993) (PDF p.4495)

Lambert Farm, Warwick</description><styleUrl>#weak</styleUrl><Point><coordinates>-71.390000,41.690000,0</coordinates></Point></Placemark>
<Placemark><name>Locust Spring Site</name><description>Warwick, RI
Accurate to ±1500 m — weak confidence
Vol. 24, No. 1 (1962) (PDF p.2032)

~1/4 mi upstream from Narragansett Bay; Sweet-Meadow Brook 1/4 mi downstream</description><styleUrl>#weak</styleUrl><Point><coordinates>-71.458000,41.697000,0</coordinates></Point></Placemark>
<Placemark><name>Sweet-Meadow Brook Site</name><description>Warwick, RI
Accurate to ±1500 m — weak confidence
Vol. 18, No. 1 (1956) (PDF p.1536)

Sweet&#x27;s Meadow brook terrace</description><styleUrl>#weak</styleUrl><Point><coordinates>-71.460000,41.696000,0</coordinates></Point></Placemark>
<Placemark><name>Waterford Pot Recovery (Niantic River)</name><description>Waterford, CT
Accurate to ±1500 m — weak confidence
Vol. 34, Nos. 3 &amp; 4 (1973) (PDF p.2847)

Rock cavity on upper Niantic River</description><styleUrl>#weak</styleUrl><Point><coordinates>-72.160000,41.345000,0</coordinates></Point></Placemark>
<Placemark><name>Castle Hill Site</name><description>Wayland, MA
Accurate to ±1200 m — weak confidence
Vol. 63, Nos. 1 &amp; 2 (2002) (PDF p.5301)

Drainage map places it E of the Sudbury River near the Wayland/Weston/Lincoln corner</description><styleUrl>#weak</styleUrl><Point><coordinates>-71.345000,42.380000,0</coordinates></Point></Placemark>
<Placemark><name>Watertown Dairy Site</name><description>Wayland, MA
Accurate to ±2000 m — weak confidence
Vol. 53, No. 1 (1992) (PDF p.4414)

Town only</description><styleUrl>#weak</styleUrl><Point><coordinates>-71.365000,42.355000,0</coordinates></Point></Placemark>
<Placemark><name>Freeman-Paine Site</name><description>Wellfleet, MA
Accurate to ±2000 m — weak confidence
Vol. 12, No. 4 (1951) (PDF p.1042)

Town only</description><styleUrl>#weak</styleUrl><Point><coordinates>-70.030000,41.940000,0</coordinates></Point></Placemark>
<Placemark><name>Seth&#x27;s Swamp Site</name><description>Wellfleet, MA
Accurate to ±1000 m — weak confidence
Vol. 7, No. 3 (1946) (PDF p.556)

Seth&#x27;s Swamp, Wellfleet</description><styleUrl>#weak</styleUrl><Point><coordinates>-70.018000,41.958000,0</coordinates></Point></Placemark>
<Placemark><name>Rattlesnake Rock Shelter</name><description>West Greenwich, RI
Accurate to ±1000 m — weak confidence
Vol. 24, No. 1 (1962) (PDF p.2025)

CORRECTED: Rattlesnake Ledge, Wickaboxet State Forest (not Bridgewater)</description><styleUrl>#weak</styleUrl><Point><coordinates>-71.663000,41.633000,0</coordinates></Point></Placemark>
<Placemark><name>Charlestown Meadows Site</name><description>Westborough, MA
Accurate to ±1000 m — weak confidence
Vol. 44, No. 2 (1983) (PDF p.3571)

Upland-lowland transition, 350 ft ASL</description><styleUrl>#weak</styleUrl><Point><coordinates>-71.633000,42.283000,0</coordinates></Point></Placemark>
<Placemark><name>Sally Rock Shelter &amp; Quarry</name><description>Westborough, MA
Accurate to ±1500 m — weak confidence
Vol. 42, No. 2 (1981) (PDF p.3432)

Rockshelter talus with bog at foot; near Chauncy Lake/Orchard Swamp survey area</description><styleUrl>#weak</styleUrl><Point><coordinates>-71.620000,42.300500,0</coordinates></Point></Placemark>
<Placemark><name>Guida Farm Site</name><description>Westfield, MA
Accurate to ±800 m — weak confidence
Vol. 7, No. 4 (1946) (PDF p.588)

Guida Farm ~1.5 mi E of Westfield city, floodplain</description><styleUrl>#weak</styleUrl><Point><coordinates>-72.720000,42.125000,0</coordinates></Point></Placemark>
<Placemark><name>Palmer Site (19-HD-97)</name><description>Westfield, MA
Accurate to ±2000 m — weak confidence
Vol. 48, No. 2 (1987) (PDF p.3993)

Kame terrace over tributary of Westfield River</description><styleUrl>#weak</styleUrl><Point><coordinates>-72.770000,42.130000,0</coordinates></Point></Placemark>
<Placemark><name>Westfield Steatite Quarry</name><description>Westfield, MA
Accurate to ±3000 m — weak confidence
Vol. 11, No. 4 (1950) (PDF p.976)

Town only</description><styleUrl>#weak</styleUrl><Point><coordinates>-72.760000,42.140000,0</coordinates></Point></Placemark>
<Placemark><name>Norumbega Site</name><description>Weston, MA
Accurate to ±1000 m — weak confidence
Vol. 81, Nos. 1 &amp; 2 (2020) (PDF p.6880)

MWRA Norumbega facility project area, Weston</description><styleUrl>#weak</styleUrl><Point><coordinates>-71.270000,42.338000,0</coordinates></Point></Placemark>
<Placemark><name>Wilbraham Stone Bowl Quarry</name><description>Wilbraham, MA
Accurate to ±2000 m — weak confidence
Vol. 25, Nos 3 &amp; 4 (1964) (PDF p.2174)

Pasture ~1/4 mi up valley from bowl find; N Wilbraham</description><styleUrl>#weak</styleUrl><Point><coordinates>-72.430000,42.150000,0</coordinates></Point></Placemark>
<Placemark><name>Eagle Dam Site</name><description>Wrentham, MA
Accurate to ±500 m — weak confidence
Vol. 12, No. 4 (1951) (PDF p.1036)

N shore of Lake Pearl at headwaters of Eagle Brook, ~150 yds NE of dam</description><styleUrl>#weak</styleUrl><Point><coordinates>-71.344000,42.064000,0</coordinates></Point></Placemark>
<Placemark><name>Purcell Site</name><description>Yarmouth, MA
Accurate to ±1000 m — weak confidence
Vol. 35, No. 3 &amp; 4 (1974) (PDF p.2923)

Report gives street address 76 Pine Cone Drive, West Yarmouth - geocode that address for a better pin</description><styleUrl>#weak</styleUrl><Point><coordinates>-70.240000,41.656000,0</coordinates></Point></Placemark>
</Folder>
<Folder><name>MHC town reports — strong (27)</name>
<Placemark><name>Magunkaquog Praying Indian Town (Magunco Hill)</name><description>Ashland, MA
Accurate to ±300 m — strong confidence — source-checked
MHC Reconnaissance Survey Town Report: Ashland (1980)

Report: mid-17th c. Praying Town at Mangunco Hill, Magunkaquog, last of Eliot&#x27;s seven original praying towns; placed at GNIS Magunco Hill.; [verified] Wikidata GNIS Magunco Hill 42.24915,-71.48099 matches point almost exactly</description><styleUrl>#strong</styleUrl><Point><coordinates>-71.480995,42.249150,0</coordinates></Point></Placemark>
<Placemark><name>MHC recon: Dighton Rock artifact locality</name><description>Berkley, MA
Accurate to ±150 m — strong confidence — source-checked
MHC Reconnaissance Survey Town Report: Berkley (1981)

Report: large quantities of native artifacts recovered around Dighton Rock, possible Contact settlement; Dighton Rock State Park shoreline, Berkley; coordinate corrected in review pass; [verified] Wikipedia infobox pins Dighton Rock itself at 41.812756,-71.110560; corrected ~800m</description><styleUrl>#strong</styleUrl><Point><coordinates>-71.110560,41.812756,0</coordinates></Point></Placemark>
<Placemark><name>MHC recon: Bournedale Herring Pond praying village and meetinghouse</name><description>Bourne, MA
Accurate to ±200 m — strong confidence — source-checked
MHC Reconnaissance Survey Town Report: Bourne (1984)

Report: first meetinghouse for Christian natives built in the Bournedale praying town around Herring Pond; another in 1765. Placed at the Bournedale Herring Pond Indian burying ground.; [verified] Exact match to Find a Grave &#x27;Bournedale Herring Pond Indian Cemetery&#x27; coordinates.</description><styleUrl>#strong</styleUrl><Point><coordinates>-70.565870,41.786190,0</coordinates></Point></Placemark>
<Placemark><name>MHC recon: Stiles Pond pond-margin sites</name><description>Boxford, MA
Accurate to ±400 m — strong confidence — source-checked
MHC Reconnaissance Survey Town Report: Boxford (1985)

Report: sites may be present along the periphery of major ponds (Stiles Pond, Hovey&#x27;s Pond, Lowe Pond). Placed on Stiles Pond, the largest of the three.; [verified] Coordinates match hometownlocator&#x27;s Stiles Pond location almost exactly.</description><styleUrl>#strong</styleUrl><Point><coordinates>-71.037063,42.688989,0</coordinates></Point></Placemark>
<Placemark><name>MHC recon: Sunset Lake pond-knoll sites</name><description>Braintree, MA
Accurate to ±300 m — strong confidence — source-checked
MHC Reconnaissance Survey Town Report: Braintree (1979)

Report: three reported sites with Late Woodland components on well drained knolls or terraces adjacent to fresh water ponds. Placed at Sunset Lake.; [verified] Wikipedia gives Sunset Lake at 42.2025,-71.0122, ~1km from prior point (near margin edge).</description><styleUrl>#strong</styleUrl><Point><coordinates>-71.012220,42.202500,0</coordinates></Point></Placemark>
<Placemark><name>MHC recon: Steerage Rock lookout (West Mountain)</name><description>Brimfield, MA
Accurate to ±150 m — strong confidence — source-checked
MHC Reconnaissance Survey Town Report: Brimfield (1982)

Steerage Rock, the town high point (1205 ft) and a Bay Path landmark, claimed to have been used by area natives as a vantage point; placed on West (Waddaquadduck) Mountain crest off Warren Rd; [verified] HMDB marker names Steerage Rock at 42.122467,-72.200250, near Brimfield cent</description><styleUrl>#strong</styleUrl><Point><coordinates>-72.200250,42.122467,0</coordinates></Point></Placemark>
<Placemark><name>Dighton Council Oak</name><description>Dighton, MA
Accurate to ±300 m — strong confidence — source-checked
MHC Reconnaissance Survey Town Report: Dighton (1981)

King Philip traditionally met the Pocassets at the Council Oak (still stands) midway between Cedar Swamp and Main St; placed at the marked oak off 1996 Elm St; [verified] HMDB marker (41°49.158&#x27;N 71°8.117&#x27;W) matches existing coordinate</description><styleUrl>#strong</styleUrl><Point><coordinates>-71.135280,41.819300,0</coordinates></Point></Placemark>
<Placemark><name>Sachem&#x27;s Rock</name><description>East Bridgewater, MA
Accurate to ±200 m — strong confidence — source-checked
MHC Reconnaissance Survey Town Report: East Bridgewater (1981)

Site of the 1649 transfer of Satucket from Massasoit to Duxbury men, several hundred yards SW of the river and Plymouth St junction; Sachem Rock Farm, 331 Plymouth St, East Bridgewater; coordinate corrected in review pass; [verified] Sachem Rock Farm, 355 Plymouth St, East Bridge</description><styleUrl>#strong</styleUrl><Point><coordinates>-70.951670,42.018330,0</coordinates></Point></Placemark>
<Placemark><name>MHC recon: Cooke&#x27;s Garrison House village and burial ground</name><description>Fairhaven, MA
Accurate to ±300 m — strong confidence — source-checked
MHC Reconnaissance Survey Town Report: Fairhaven (1981)

Pre-1650s native village and burial ground, incl. a Contact/Historic burial, found near Cooke&#x27;s Garrison House by Riverside Cemetery.; [verified] Riverside Cemetery, 274 Main St, Fairhaven (Wikipedia)</description><styleUrl>#strong</styleUrl><Point><coordinates>-70.912500,41.652200,0</coordinates></Point></Placemark>
<Placemark><name>Riverside Native Village</name><description>Gill/Greenfield, MA
Accurate to ±350 m — strong confidence — source-checked
MHC Reconnaissance Survey Town Report: Gill (1982)

Several hundred natives reportedly occupied the village at Riverside in 1675-76; Riverside archaeological district at Turners Falls/Gill on the Connecticut; coordinate corrected in review pass; [verified] Riverside Archeological Dist. spans Adams Rd (Greenfield)-Barton Cove (Gill</description><styleUrl>#strong</styleUrl><Point><coordinates>-72.556000,42.603000,0</coordinates></Point></Placemark>
<Placemark><name>Sagamore Hill (Masconomet&#x27;s grave)</name><description>Hamilton/Ipswich, MA
Accurate to ±300 m — strong confidence — source-checked
MHC Reconnaissance Survey Town Report: Hamilton (1985)

Report: Masconomet, Sagamore of the Agawams, buried on Sagamore Hill ca.1658; Masconomet&#x27;s grave on Sagamore Hill, Hamilton; coordinate corrected in review pass; [verified] Sagamore Hill Burial Ground, Hamilton (Find A Grave 42.63451,-70.82403)</description><styleUrl>#strong</styleUrl><Point><coordinates>-70.824030,42.634510,0</coordinates></Point></Placemark>
<Placemark><name>Mucksquit (Wennakeening) village site</name><description>Holliston, MA
Accurate to ±400 m — strong confidence — source-checked
MHC Reconnaissance Survey Town Report: Holliston (1980)

Major multi-component site &#x27;Mucksquit&#x27; on SW shore of Lake Winthrop with Woodland and Contact-period material.; [verified] Lake Winthrop GNIS/Topozone point (SW-shore site near here)</description><styleUrl>#strong</styleUrl><Point><coordinates>-71.423600,42.188300,0</coordinates></Point></Placemark>
<Placemark><name>MHC recon: Pawtucket Falls fishing site</name><description>Lowell, MA
Accurate to ±400 m — strong confidence — source-checked
MHC Reconnaissance Survey Town Report: Lowell (1980)

Report: Pawtucket Falls a major regional fishing area attracting large seasonal native populations.; Pawtucket Falls on the Merrimack, Lowell; coordinate corrected in review pass; [verified] Pawtucket Falls coordinates per Wikipedia</description><styleUrl>#strong</styleUrl><Point><coordinates>-71.327339,42.650625,0</coordinates></Point></Placemark>
<Placemark><name>Millers Falls fishing site</name><description>Montague, MA
Accurate to ±700 m — strong confidence — source-checked
MHC Reconnaissance Survey Town Report: Montague (1982)

Subsistence Patterns: Millers Falls was a regionally important native fishing site during spring spawning runs.; [verified] Wikipedia: Millers Falls, MA village coords (42.579154,-72.493414)</description><styleUrl>#strong</styleUrl><Point><coordinates>-72.493414,42.579154,0</coordinates></Point></Placemark>
<Placemark><name>South Natick Praying Indian Town</name><description>Natick, MA
Accurate to ±400 m — strong confidence — source-checked
MHC Reconnaissance Survey Town Report: Natick (1980)

Eliot&#x27;s 1650 Praying Town, the first and largest, established at South Natick on the Charles River.; [verified] South Natick village (Eliot Church/Dam area), consistent with existing coord</description><styleUrl>#strong</styleUrl><Point><coordinates>-71.348000,42.269000,0</coordinates></Point></Placemark>
<Placemark><name>Fort Hill (Nonotuck fortified village)</name><description>Northampton, MA
Accurate to ±400 m — strong confidence — source-checked
MHC Reconnaissance Survey Town Report: Northampton (1982)

Fortified Nonotuck village reported above river meadows at Fort Hill/Fort Plain; palisaded village by 1664; [verified] Fort Hill Historic District 42.31194,-72.63361 per Wikipedia, within margin</description><styleUrl>#strong</styleUrl><Point><coordinates>-72.630000,42.312000,0</coordinates></Point></Placemark>
<Placemark><name>MHC recon: Three Rivers fish weir</name><description>Palmer, MA
Accurate to ±300 m — strong confidence — source-checked
MHC Reconnaissance Survey Town Report: Palmer (1982)

Stone fish weir documented just N of confluence of Chicopee, Ware &amp; Quaboag rivers at Three Rivers, a major Quabaug fishing site.; Three Rivers village at the Chicopee/Ware/Quaboag confluence, Palmer; coordinate corrected in review pass; [verified] Three Rivers village coord (Wik</description><styleUrl>#strong</styleUrl><Point><coordinates>-72.362000,42.181200,0</coordinates></Point></Placemark>
<Placemark><name>Watson&#x27;s Hill planting grounds</name><description>Plymouth, MA
Accurate to ±350 m — strong confidence — source-checked
MHC Reconnaissance Survey Town Report: Plymouth (1981)

Watson&#x27;s Hill named among abandoned native planting grounds noted by early explorers/settlers, Plymouth.; [verified] Watson Hill summit 41.9528,-70.6629 per Wikipedia, within margin</description><styleUrl>#strong</styleUrl><Point><coordinates>-70.665000,41.955000,0</coordinates></Point></Placemark>
<Placemark><name>Redemption Rock trail node</name><description>Princeton, MA
Accurate to ±100 m — strong confidence — source-checked
MHC Reconnaissance Survey Town Report: Sterling (1983)

Contact-period route (Redemption Rock Road) named for the standing landmark where Mary Rowlandson was ransomed, 1676; Redemption Rock, Route 140, Princeton (report discusses it from Sterling); coordinate corrected in review pass; [verified] Corrected via HMDB </description><styleUrl>#strong</styleUrl><Point><coordinates>-71.869517,42.506650,0</coordinates></Point></Placemark>
<Placemark><name>Anawan Rock</name><description>Rehoboth, MA
Accurate to ±150 m — strong confidence — source-checked
MHC Reconnaissance Survey Town Report: Rehoboth (1981)

Standing rockshelter landmark; Anawan Rock, Route 44, Rehoboth; coordinate corrected in review pass; [verified] Wikipedia infobox pins Anawan Rock 2.5km from prior point; named-landmark source</description><styleUrl>#strong</styleUrl><Point><coordinates>-71.214440,41.865000,0</coordinates></Point></Placemark>
<Placemark><name>Nashaway (Nipmuck) village site, Waushacum Ponds</name><description>Sterling, MA
Accurate to ±800 m — strong confidence — source-checked
MHC Reconnaissance Survey Town Report: Sterling (1983)

Primary seat of the Nashaway Nipmuck under 17th-c. leader Sholan, located between/around East and West Waushacum Ponds; [verified] Corrected: East/West Waushacum Pond coords (OSM/lake DBs); placed at midpoint between ponds.</description><styleUrl>#strong</styleUrl><Point><coordinates>-71.756115,42.413030,0</coordinates></Point></Placemark>
<Placemark><name>MHC recon: Conant&#x27;s Hill burial/occupation site</name><description>Wareham, MA
Accurate to ±600 m — strong confidence — source-checked
MHC Reconnaissance Survey Town Report: Wareham (1981)

Reported contact/historic burial-occupation site on Conant&#x27;s Hill immediately E of Horseshoe Pond; [verified] Census geocode of Station St end + USGS Horseshoe Pond gauge converge ~41.7644,-70.748.</description><styleUrl>#strong</styleUrl><Point><coordinates>-70.748034,41.764430,0</coordinates></Point></Placemark>
<Placemark><name>MHC recon: Wickets Island native residence/trail terminus</name><description>Wareham, MA
Accurate to ±200 m — strong confidence — source-checked
MHC Reconnaissance Survey Town Report: Wareham (1981)

Wickets Island (Onset) was residence of local natives in 18th c.; canoe trail terminus from mainland; [verified] Wikipedia pins Wickets Island 41.737327,-70.653644 (~760m from existing); corrected.</description><styleUrl>#strong</styleUrl><Point><coordinates>-70.653644,41.737327,0</coordinates></Point></Placemark>
<Placemark><name>MHC recon: Charles River ford at Galen Street</name><description>Watertown, MA
Accurate to ±150 m — strong confidence — source-checked
MHC Reconnaissance Survey Town Report: Watertown (1980)

Ford across Charles River near Galen St bridge was focus of regional Native trails (Connecticut Path); [verified] Wikipedia: Watertown/Galen St Bridge 42.36474,-71.185617 (~490m off); corrected, precise.</description><styleUrl>#strong</styleUrl><Point><coordinates>-71.185617,42.364740,0</coordinates></Point></Placemark>
<Placemark><name>Christiantown praying-Indian village site</name><description>West Tisbury, MA
Accurate to ±150 m — strong confidence — source-checked
MHC Reconnaissance Survey Town Report: West Tisbury (1984)

Report: sachem Josias gave Christianized natives a sq. mile in 1659 for the praying town Christiantown; Christiantown chapel and burial ground, Indian Hill Rd, West Tisbury; coordinate corrected in review pass; [verified] Find A Grave pins Christiantown Memori</description><styleUrl>#strong</styleUrl><Point><coordinates>-70.674920,41.423500,0</coordinates></Point></Placemark>
<Placemark><name>Ingleside Park burial complex (19-SU-3)</name><description>Winthrop, MA
Accurate to ±250 m — strong confidence — source-checked
MHC Reconnaissance Survey Town Report: Winthrop (1981)

Report: period burial complex (19-SU-3) excavated 1880s at former RR station/Ingleside Park, town center; memory-based geocode, WebSearch exhausted; [verified] MHC survey confirms 19-SU-3 site of demolished RR station in Ingleside Park; park coords via mypacer</description><styleUrl>#strong</styleUrl><Point><coordinates>-70.988000,42.377800,0</coordinates></Point></Placemark>
<Placemark><name>Wigwam Hill (Lake Quinsigamond)</name><description>Worcester, MA
Accurate to ±150 m — strong confidence — source-checked
MHC Reconnaissance Survey Town Report: Worcester (1984)

Report: shores of Lake Quinsigamond, particularly at Wigwam Hill, cited as potential occupation location; memory geocode, WebSearch exhausted; [verified] HMDB historical marker for Wigwam Hill in Lake Park, Belmont St (Rte 9), Worcester gives exact GPS.</description><styleUrl>#strong</styleUrl><Point><coordinates>-71.760167,42.274150,0</coordinates></Point></Placemark>
</Folder>
<Folder><name>MHC town reports — medium (205)</name>
<Placemark><name>MHC recon: Great Hill southeast slope artifact locus</name><description>Acton, MA
Accurate to ±600 m — medium confidence — source-checked
MHC Reconnaissance Survey Town Report: Acton (1980)

Report: artifacts reported SE of Great Hill (Phalen 1954); placed just southeast of the Great Hill summit.; [verified] Wikipedia gives Great Hill summit at 42.46861,-71.45417; point sits ~450m SE, matching description.</description><styleUrl>#medium</styleUrl><Point><coordinates>-71.450000,42.466000,0</coordinates></Point></Placemark>
<Placemark><name>MHC recon: Strawberry Hill artifact locus</name><description>Acton, MA
Accurate to ±500 m — medium confidence — source-checked
MHC Reconnaissance Survey Town Report: Acton (1980)

Report: artifacts reported from the Strawberry Hill area, also a conjectured trail route; placed on Strawberry Hill Road, NE Acton.; [verified] 16 Strawberry Hill Rd geocodes to 42.4932,-71.4156 (Redfin listing); existing point ~325m away.</description><styleUrl>#medium</styleUrl><Point><coordinates>-71.411700,42.492700,0</coordinates></Point></Placemark>
<Placemark><name>MHC recon: Late Woodland/Contact site east of Acushnet River south of Main Street</name><description>Acushnet, MA
Accurate to ±500 m — medium confidence — source-checked
MHC Reconnaissance Survey Town Report: Acushnet (1981)

Report: one Late Woodland (possibly Contact period) site discovered immediately E of the Acushnet River and S of Main St; placed on the east bank below Head of the River.; [verified] Head of the River Historic District (Main St bridge), Wikipedia: 41.68167,-70.91917; point ~360m </description><styleUrl>#medium</styleUrl><Point><coordinates>-70.916000,41.679500,0</coordinates></Point></Placemark>
<Placemark><name>MHC recon: Rhode Island Way native ford, Acushnet River at Main Street</name><description>Acushnet, MA
Accurate to ±150 m — medium confidence — source-checked
MHC Reconnaissance Survey Town Report: Acushnet (1981)

Report: Rhode Island Way (Plymouth-Newport route) crossed the Acushnet River at a native ford at the site of the Main St bridge (Howland 1907:20); placed at Head of the River.; [verified] Wikipedia Head of the River Historic District coords (Main St bridge) 41.68167,-70.91917, ~5</description><styleUrl>#medium</styleUrl><Point><coordinates>-70.918500,41.681700,0</coordinates></Point></Placemark>
<Placemark><name>MHC recon: Agawam delta planting fields, mouth of the Westfield River</name><description>Agawam, MA
Accurate to ±400 m — medium confidence — source-checked
MHC Reconnaissance Survey Town Report: Agawam (1982)

Report: native planting fields reported on the Agawam delta at the mouth of the Westfield River; placed at the Westfield-Connecticut confluence on the Agawam side.; [verified] Wikipedia gives Westfield R. mouth (into Connecticut R.) at 42.08417,-72.58556; original was ~3.3km off.</description><styleUrl>#medium</styleUrl><Point><coordinates>-72.585560,42.084170,0</coordinates></Point></Placemark>
<Placemark><name>MHC recon: Gay Head Neck native reservation (1642)</name><description>Aquinnah, MA
Accurate to ±1500 m — medium confidence — source-checked
MHC Reconnaissance Survey Town Report: Aquinnah (1984)

Report: Gay Head Neck first established as a native reservation in 1642 and has remained a native reservation and town; placed on the Neck behind the Gay Head cliffs.; [verified] Gay Head Light/cliffs at 41.348444,-70.834944 (Wikipedia) 665m away, confirms Neck area.</description><styleUrl>#medium</styleUrl><Point><coordinates>-70.827000,41.348000,0</coordinates></Point></Placemark>
<Placemark><name>MHC recon: Gay Head native meetinghouse and village</name><description>Aquinnah, MA
Accurate to ±500 m — medium confidence — source-checked
MHC Reconnaissance Survey Town Report: Aquinnah (1984)

Report: first meetinghouse built before 1698, with 260 natives attending services at Gay Head in 1698 and 58 houses on the Neck by 1712; placed at the Gay Head village centre.; [verified] Wikipedia: Gay Head-Aquinnah Town Center Historic Dist at 41.341940,-70.813890, 1.26km from </description><styleUrl>#medium</styleUrl><Point><coordinates>-70.813890,41.341940,0</coordinates></Point></Placemark>
<Placemark><name>MHC recon: Alewife Brook Late Woodland sites</name><description>Arlington, MA
Accurate to ±1000 m — medium confidence — source-checked
MHC Reconnaissance Survey Town Report: Arlington (1980)

Report: several Late Woodland sites known along Alewife Brook; placed mid-reach on the brook at the Arlington boundary.; [verified] Alewife Brook Reservation at 42.397319,-71.142276 (Wikipedia) 678m away, within margin.</description><styleUrl>#medium</styleUrl><Point><coordinates>-71.137000,42.402000,0</coordinates></Point></Placemark>
<Placemark><name>MHC recon: Alewife Brook fish weir below St. Paul&#x27;s Cemetery</name><description>Arlington, MA
Accurate to ±400 m — medium confidence — source-checked
MHC Reconnaissance Survey Town Report: Arlington (1980)

Report: one known weir south of St. Paul&#x27;s cemetery, on seasonal fish runs in the Mystic River and Alewife Brook; placed just south of the cemetery at 30 Broadway.; [verified] St. Paul&#x27;s Cemetery at 42.40731,-71.13542 (FindAGrave); point 320m south, matches description.</description><styleUrl>#medium</styleUrl><Point><coordinates>-71.134500,42.404500,0</coordinates></Point></Placemark>
<Placemark><name>MHC recon: Arlington Center trail junction</name><description>Arlington, MA
Accurate to ±400 m — medium confidence — source-checked
MHC Reconnaissance Survey Town Report: Arlington (1980)

Report: focus of regional trail routes at Arlington center, where the north-south Pleasant St route met Mystic St crossing Mill Brook toward the Mystic Lakes and Medford.; [verified] Arlington Center Historic District at 42.41472,-71.15583 (Wikipedia), only 93m from point.</description><styleUrl>#medium</styleUrl><Point><coordinates>-71.156500,42.415400,0</coordinates></Point></Placemark>
<Placemark><name>MHC recon: Massachusetts Avenue ford at Alewife Brook</name><description>Arlington, MA
Accurate to ±350 m — medium confidence — source-checked
MHC Reconnaissance Survey Town Report: Arlington (1980)

Report: primary east-west trail between the Charles and Concord rivers conjectured along Massachusetts Ave from a probable ford site at Alewife Brook across Menotomy Plain.; [verified] Alewife Brook Reservation notes historic weir near Mass Ave/Rte16 junction, 306m from point.</description><styleUrl>#medium</styleUrl><Point><coordinates>-71.140000,42.399500,0</coordinates></Point></Placemark>
<Placemark><name>MHC recon: Spy Pond west shore Late Woodland sites</name><description>Arlington, MA
Accurate to ±600 m — medium confidence — source-checked
MHC Reconnaissance Survey Town Report: Arlington (1980)

Report: several Late Woodland sites known along the west side of Spy Pond; placed on the pond&#x27;s west shore.; [verified] Spy Pond center 42.40778,-71.15611 (Wikipedia), point 192m away/within pond footprint.</description><styleUrl>#medium</styleUrl><Point><coordinates>-71.154000,42.408500,0</coordinates></Point></Placemark>
<Placemark><name>MHC recon: Lake Winnekeag site locations</name><description>Ashburnham, MA
Accurate to ±300 m — medium confidence — source-checked
MHC Reconnaissance Survey Town Report: Ashburnham (1984)

Report: the town&#x27;s many large ponds must have attracted some occupation, Winnekeag Lake among those named; placed at the lake 1.5 mi N of Ashburnham centre.; [verified] HomeTownLocator/GNIS: Winnekeag Lake at 42.661418,-71.900405 - exact match.</description><styleUrl>#medium</styleUrl><Point><coordinates>-71.900405,42.661418,0</coordinates></Point></Placemark>
<Placemark><name>MHC recon: Lower Naukeag Lake site locations</name><description>Ashburnham, MA
Accurate to ±300 m — medium confidence — source-checked
MHC Reconnaissance Survey Town Report: Ashburnham (1984)

Report: native sites are probable at Upper and Lower Naukeag lakes; a Heald Road branch ran northwest to Lower Naukeag; placed at the lake SW of North Ashburnham.; [verified] HomeTownLocator/GNIS: Lower Naukeag Lake at 42.667849,-71.956652 - exact match.</description><styleUrl>#medium</styleUrl><Point><coordinates>-71.956652,42.667849,0</coordinates></Point></Placemark>
<Placemark><name>MHC recon: Upper Naukeag Lake site locations</name><description>Ashburnham, MA
Accurate to ±300 m — medium confidence — source-checked
MHC Reconnaissance Survey Town Report: Ashburnham (1984)

Report: native sites are probable at Upper and Lower Naukeag lakes; the Naukeag Lake trail is conjectured along Main St-Lashua-Harris-Coughlin roads west of Upper Naukeag.; [verified] HomeTownLocator/GNIS: Upper Naukeag Lake at 42.657513,-71.927192 - essentially exact match.</description><styleUrl>#medium</styleUrl><Point><coordinates>-71.927200,42.657500,0</coordinates></Point></Placemark>
<Placemark><name>MHC recon: Ashby east-west trail corridor (County Road-Main Street)</name><description>Ashby, MA
Accurate to ±500 m — medium confidence — source-checked
MHC Reconnaissance Survey Town Report: Ashby (1984)

Report: east-west corridor to Watatic Pond on County Road-Main Street-Rindge State Road-Flint Street; node placed at Ashby common.; [verified] Ashby town common/center at 42.67778,-71.82083 (Wikipedia infobox), only 159m from point.</description><styleUrl>#medium</styleUrl><Point><coordinates>-71.818900,42.677900,0</coordinates></Point></Placemark>
<Placemark><name>MHC recon: Damon Pond site area</name><description>Ashby, MA
Accurate to ±250 m — medium confidence — source-checked
MHC Reconnaissance Survey Town Report: Ashby (1984)

Report: native sites possible at Damon Pond; placed at GNIS Damon Pond in Willard Brook State Forest, 1.8 mi SE of Ashby.; [verified] HomeTownLocator/GNIS: Damon Pond at 42.661834,-71.791777 - exact match, Willard Brook SF.</description><styleUrl>#medium</styleUrl><Point><coordinates>-71.791777,42.661834,0</coordinates></Point></Placemark>
<Placemark><name>MHC recon: Wright Ponds (Neesepegesuck) site area</name><description>Ashby, MA
Accurate to ±400 m — medium confidence — source-checked
MHC Reconnaissance Survey Town Report: Ashby (1984)

Report: native sites possible at Wright Ponds (Neesepegesuck); placed at the GNIS Wright Ponds basin in south Ashby.; [verified] Fishbrain gives Wright Ponds at 42.649111,-71.813861, 235m from point - confirms basin.</description><styleUrl>#medium</styleUrl><Point><coordinates>-71.816190,42.647870,0</coordinates></Point></Placemark>
<Placemark><name>MHC recon: Ashfield Pond / village plateau settlement focus</name><description>Ashfield, MA
Accurate to ±700 m — medium confidence — source-checked
MHC Reconnaissance Survey Town Report: Ashfield (1982)

Report: local settlement probably focused on the Ashfield village plateau and vicinity of Ashfield Pond, with hunting and fishing there.; [verified] Real Ashfield Pond ~1.6km SSW of plotted pt (anyplaceamerica/GNIS); pond fix, plateau vague</description><styleUrl>#medium</styleUrl><Point><coordinates>-72.794537,42.511753,0</coordinates></Point></Placemark>
<Placemark><name>Pakachoag Hill Indian Village</name><description>Auburn, MA
Accurate to ±800 m — medium confidence — source-checked
MHC Reconnaissance Survey Town Report: Auburn (1984)

Report: Pakachoag Hill was the reputed village location; Eliot found 20 Nipmuck families there in 1674 under John Horowanninit. Placed on the Pakachoag Street crest in Auburn.; [verified] Topozone Pakachoag Hill summit 42.24176,-71.80507 is 2.8km from plotted pt</description><styleUrl>#medium</styleUrl><Point><coordinates>-71.805071,42.241760,0</coordinates></Point></Placemark>
<Placemark><name>MHC recon: Centerville River / Craigville site area</name><description>Barnstable, MA
Accurate to ±300 m — medium confidence — source-checked
MHC Reconnaissance Survey Town Report: Barnstable (1984)

Report: Late Woodland period sites are known in the Centerville River/Craigville area; placed at the Centerville River mouth behind Craigville Beach.; [verified] Wikipedia infobox gives Centerville River mouth at 41.6251,-70.3647; ~2.3km SW of prior point.</description><styleUrl>#medium</styleUrl><Point><coordinates>-70.364746,41.625111,0</coordinates></Point></Placemark>
<Placemark><name>MHC recon: Ware River site (southern Barre)</name><description>Barre, MA
Accurate to ±1500 m — medium confidence — source-checked
MHC Reconnaissance Survey Town Report: Barre (1984)

Report: more confidence can be given to a site adjacent to the Ware River in the south; placed on the Ware River at Barre Plains / South Barre.; [verified] Wikipedia gives Ware R. source (Hubbardston) &amp; mouth (Three Rivers); point interpolates onto its course.</description><styleUrl>#medium</styleUrl><Point><coordinates>-72.095000,42.386000,0</coordinates></Point></Placemark>
<Placemark><name>MHC recon: Arcadia Lake site potential</name><description>Belchertown, MA
Accurate to ±300 m — medium confidence — source-checked
MHC Reconnaissance Survey Town Report: Belchertown (1982)

Report: native sites and fishing focus at Arcadia Lake; placed at Arcadia Lake (Middle Pond).; [verified] Map database (Sandee) pins Arcadia Lake at 42.313433,-72.428055, ~50m away; confirmed.</description><styleUrl>#medium</styleUrl><Point><coordinates>-72.427778,42.313056,0</coordinates></Point></Placemark>
<Placemark><name>MHC recon: Lake Holland site potential</name><description>Belchertown, MA
Accurate to ±300 m — medium confidence — source-checked
MHC Reconnaissance Survey Town Report: Belchertown (1982)

Report: focal point of native fishing at Lake Holland with possible adjacent sites; placed at Lake Holland (Upper Pond).; [verified] Natural Atlas pins Lake Holland at 42.316753,-72.431198, ~15m away; confirmed.</description><styleUrl>#medium</styleUrl><Point><coordinates>-72.431111,42.316667,0</coordinates></Point></Placemark>
<Placemark><name>MHC recon: Metacomet Lake site potential</name><description>Belchertown, MA
Accurate to ±400 m — medium confidence — source-checked
MHC Reconnaissance Survey Town Report: Belchertown (1982)

Report: additional native sites may have been established adjacent to Metacomet Lake; placed at the lake.; [verified] GPSNauticalCharts pins Metacomet Lake ~42.305,-72.435, ~270m from point; within tightened margin.</description><styleUrl>#medium</styleUrl><Point><coordinates>-72.431893,42.305688,0</coordinates></Point></Placemark>
<Placemark><name>MHC recon: Pequusset Hill site (Payson Park Reservoir)</name><description>Belmont, MA
Accurate to ±250 m — medium confidence — source-checked
MHC Reconnaissance Survey Town Report: Belmont (1980)

Report: reputed occupation on Pequuset Hill, identified as the Payson Park Reservoir hill; placed at Payson Park.; [verified] Mapcarta pins Payson Park Reservoir at 42.383015,-71.168746, ~660m from prior point; corrected.</description><styleUrl>#medium</styleUrl><Point><coordinates>-71.168746,42.383015,0</coordinates></Point></Placemark>
<Placemark><name>MHC recon: Shore&#x27;s Creek village site</name><description>Berkley, MA
Accurate to ±600 m — medium confidence — source-checked
MHC Reconnaissance Survey Town Report: Berkley (1981)

Report: large Archaic/Woodland village site adjacent to Shore&#x27;s Creek, which lies immediately north of Hospital Hill.; [verified] Mapcarta pins Hospital Hill at 41.814270,-71.099490; point ~430m north matches &#x27;immediately north&#x27;.</description><styleUrl>#medium</styleUrl><Point><coordinates>-71.101000,41.818000,0</coordinates></Point></Placemark>
<Placemark><name>MHC recon: cornhills south of Camp Merriwood</name><description>Berkley, MA
Accurate to ±450 m — medium confidence — source-checked
MHC Reconnaissance Survey Town Report: Berkley (1981)

Report: cornhills reported south of Camp Merriwood; placed just south of Camp Merriwood on Assonet Neck.; [verified] Mapcarta pins Camp Merriwood at 41.793157,-71.103656; point ~330m south/west, matches description.</description><styleUrl>#medium</styleUrl><Point><coordinates>-71.106400,41.791000,0</coordinates></Point></Placemark>
<Placemark><name>MHC recon: Gates Pond rumored site cluster</name><description>Berlin, MA
Accurate to ±700 m — medium confidence — source-checked
MHC Reconnaissance Survey Town Report: Berlin (1983)

Report: large number of rumored sites adjacent to ponds including south and west of Gates Pond; placed off the SW shore.; [verified] Mapcarta/Wikiloc pin Gates Pond at 42.386877,-71.608525; SW-shore offset point ~290m away, within margin.</description><styleUrl>#medium</styleUrl><Point><coordinates>-71.611000,42.385000,0</coordinates></Point></Placemark>
<Placemark><name>MHC recon: Jacquith Brook graves and wigwam site</name><description>Billerica, MA
Accurate to ±800 m — medium confidence — source-checked
MHC Reconnaissance Survey Town Report: Billerica (1980)

Report: graves and a wigwam site north of Jacquit Brook, formerly Winning Pond; placed just north of Winning Pond.; [verified] MHC Billerica survey states graves/wigwam N of Jacquit Bk (ex-Winning Pond) verbatim; pond is W Billerica.</description><styleUrl>#medium</styleUrl><Point><coordinates>-71.298000,42.554500,0</coordinates></Point></Placemark>
<Placemark><name>MHC recon: North Billerica fordway site (Concord River)</name><description>Billerica, MA
Accurate to ±900 m — medium confidence — source-checked
MHC Reconnaissance Survey Town Report: Billerica (1980)

Report: documented ford at North Billerica, apparently intact site, with a few Contact period sites along the Concord there.; [verified] Wikipedia pins North Billerica ctr on Concord R at 42.5833,-71.2844, ~850m off; ford spot unpinned.</description><styleUrl>#medium</styleUrl><Point><coordinates>-71.284444,42.583333,0</coordinates></Point></Placemark>
<Placemark><name>MHC recon: Nutting Lake north-shore site and planting fields</name><description>Billerica, MA
Accurate to ±500 m — medium confidence — source-checked
MHC Reconnaissance Survey Town Report: Billerica (1980)

Report: period sites on the north side of Nuttings Lake; native settlement and planting fields north of Nutting Lake, 1665.; [verified] Mapcarta/GNIS Nutting Lake hamlet ctr 42.53787,-71.26895, ~130m from point; strong match.</description><styleUrl>#medium</styleUrl><Point><coordinates>-71.270500,42.537500,0</coordinates></Point></Placemark>
<Placemark><name>MHC recon: palisaded Indian Towne east of Shawsheen River (Pinehurst)</name><description>Billerica, MA
Accurate to ±700 m — medium confidence — source-checked
MHC Reconnaissance Survey Town Report: Billerica (1980)

Report: undated 1660s map shows a circular, possibly palisaded Indian Towne east of the Shawsheen River at Pinehurst.; [verified] Wikipedia pins Pinehurst at 42.53361,-71.22944 (~580m); MHC survey confirms 1660s Indian Towne map there.</description><styleUrl>#medium</styleUrl><Point><coordinates>-71.225500,42.529300,0</coordinates></Point></Placemark>
<Placemark><name>Nonantum Praying Village (Oak Square)</name><description>Boston, MA
Accurate to ±700 m — medium confidence — source-checked
MHC Reconnaissance Survey Town Report: Boston (1981)

Report: Native Praying Village reported at Oak Square during the 1650s with adjacent site at Nonantum in Newton. Placed at Oak Square, Brighton.; [verified] Brighton wiki confirms 1646 Praying-Indian village at Newton-Brighton line, by Oak Square.</description><styleUrl>#medium</styleUrl><Point><coordinates>-71.157400,42.348700,0</coordinates></Point></Placemark>
<Placemark><name>MHC recon: Manomet (Manametts) settlement, Monument Beach</name><description>Bourne, MA
Accurate to ±1200 m — medium confidence — source-checked
MHC Reconnaissance Survey Town Report: Bourne (1984)

Report: Contact settlement reported as the Manomet or Manametts settlement in the Monument Beach area; village survived King Philip&#x27;s War. Placed at Monument Beach village.; [verified] Wikipedia Monument Beach center ~0.9km away, within margin; village site is generalized.</description><styleUrl>#medium</styleUrl><Point><coordinates>-70.617300,41.715900,0</coordinates></Point></Placemark>
<Placemark><name>MHC recon: Pokesit (Poughkeesett) settlement, Pocasset</name><description>Bourne, MA
Accurate to ±1200 m — medium confidence — source-checked
MHC Reconnaissance Survey Town Report: Bourne (1984)

Report: Contact settlement reported as the Pokesit or Poughkeesett settlement in the Pocasset area. Placed at Pocasset village on Buzzards Bay.; [verified] Wikipedia Pocasset village center ~0.3km away, well within margin.</description><styleUrl>#medium</styleUrl><Point><coordinates>-70.617500,41.688400,0</coordinates></Point></Placemark>
<Placemark><name>MHC recon: Great Herring Pond Contact cemetery (Comassakumkanett)</name><description>Bourne/Plymouth, MA
Accurate to ±400 m — medium confidence — source-checked
MHC Reconnaissance Survey Town Report: Bourne (1984)

Report: the one recognized Contact site is a cemetery on the southern shore of Great Herring Pond at the Plymouth County line, possibly tied to Comassakumkanett.; [verified] Matches Herring Pond Cemetery (MACRIS PLY801), Plymouth, near Bourne line; town/findagrave source.</description><styleUrl>#medium</styleUrl><Point><coordinates>-70.558880,41.797170,0</coordinates></Point></Placemark>
<Placemark><name>MHC recon: Titicut fish weir (Pratt&#x27;s Bridge)</name><description>Bridgewater/Middleborough, MA
Accurate to ±300 m — medium confidence
MHC Reconnaissance Survey Town Report: Bridgewater (1981)

Contact/Historic native fish weir in the vicinity of Pratt&#x27;s Bridge</description><styleUrl>#medium</styleUrl><Point><coordinates>-70.993100,41.932400,0</coordinates></Point></Placemark>
<Placemark><name>MHC recon: Sherman Pond-Marsh (Indian) Hill village site</name><description>Brimfield, MA
Accurate to ±900 m — medium confidence — source-checked
MHC Reconnaissance Survey Town Report: Brimfield (1982)

Probable Contact period village extending from the N shore of Sherman Pond to the S slope of Marsh Hill (Indian Hill); placed between pond and hill; [verified] Sherman Pond confirmed (GNIS/hometownlocator) 42.1349,-72.1940, ~415m from point; within margin.</description><styleUrl>#medium</styleUrl><Point><coordinates>-72.192500,42.138500,0</coordinates></Point></Placemark>
<Placemark><name>MHC recon: Brookline palisaded fort (Amory Playground)</name><description>Brookline, MA
Accurate to ±400 m — medium confidence — source-checked
MHC Reconnaissance Survey Town Report: Brookline (1980)

Probable period site: a palisaded and ditched square fort overlooking the Muddy River, apparently in the vicinity of the Amory playground on Beacon St at Longwood; [verified] Amory Playground confirmed (Freeman &amp; Amory St) 42.3460,-71.1132, ~410m away; at edge but within margin.</description><styleUrl>#medium</styleUrl><Point><coordinates>-71.118000,42.345000,0</coordinates></Point></Placemark>
<Placemark><name>MHC recon: Shelburne Falls fishing encampment (Buckland side)</name><description>Buckland, MA
Accurate to ±600 m — medium confidence — source-checked
MHC Reconnaissance Survey Town Report: Buckland (1982)

Shelburne Falls was the site of large native fishing encampments during spring salmon and shad runs; secondary sources put occupation on the Buckland side of the falls; [verified] Shelburne Falls confirmed (Wikipedia) 42.6053,-72.7383, ~290m away; within margin, tightened slightl</description><styleUrl>#medium</styleUrl><Point><coordinates>-72.740000,42.603000,0</coordinates></Point></Placemark>
<Placemark><name>MHC recon: Fresh Pond north shore (City Home property)</name><description>Cambridge, MA
Accurate to ±500 m — medium confidence — source-checked
MHC Reconnaissance Survey Town Report: Cambridge (1980)

Contact period sites suspected around Fresh Pond; the Cambridge City Home property on the north side of the pond named as one possible area of site survival; [verified] Wikipedia Fresh Pond center (42.383,-71.150) confirms pond location; north-shore offset expected.</description><styleUrl>#medium</styleUrl><Point><coordinates>-71.148800,42.388500,0</coordinates></Point></Placemark>
<Placemark><name>MHC recon: Stage Harbor Contact locale</name><description>Chatham, MA
Accurate to ±900 m — medium confidence
MHC Reconnaissance Survey Town Report: Chatham (1984)

Report: Champlain spent about three weeks in the Stage Harbor area; shellfish beds of Stage Harbor exploited; placed on Stage Harbor</description><styleUrl>#medium</styleUrl><Point><coordinates>-69.965000,41.668000,0</coordinates></Point></Placemark>
<Placemark><name>MHC recon: Robbins Hill site and cornfields</name><description>Chelmsford, MA
Accurate to ±600 m — medium confidence — source-checked
MHC Reconnaissance Survey Town Report: Chelmsford (April 1980)

Report: probable Contact sites on Robbins Hill and native corn fields still reported there prior to 1660; placed at the mapped Robbins Hill summit; [verified] OK: HomeTownLocator/GeoView confirm Robbins Hill at 42.58509,-71.36506 (exact match).</description><styleUrl>#medium</styleUrl><Point><coordinates>-71.365060,42.585090,0</coordinates></Point></Placemark>
<Placemark><name>MHC recon: Powder Horn Hill burials</name><description>Chelsea, MA
Accurate to ±500 m — medium confidence — source-checked
MHC Reconnaissance Survey Town Report: Chelsea (November 1980)

Report: Contact period burials noted on Powderhorn Hill; placed at the mapped Powder Horn Hill summit; [verified] HomeTownLocator/topozone/peakbagger confirm Powder Horn Hill, Chelsea; fetch blocked by robots.txt.</description><styleUrl>#medium</styleUrl><Point><coordinates>-71.029919,42.401232,0</coordinates></Point></Placemark>
<Placemark><name>MHC recon: Winnisimmet Street burials</name><description>Chelsea, MA
Accurate to ±500 m — medium confidence — source-checked
MHC Reconnaissance Survey Town Report: Chelsea (November 1980)

Report: Contact period burials noted near Winnisimmet Street; placed on Winnisimmet St near Chelsea Square; [verified] Winnisimmet St address (42.38878,-71.03969) confirms street exists near Chelsea Square area.</description><styleUrl>#medium</styleUrl><Point><coordinates>-71.037000,42.394000,0</coordinates></Point></Placemark>
<Placemark><name>MHC recon: Chicopee Falls native settlement area</name><description>Chicopee, MA
Accurate to ±900 m — medium confidence
MHC Reconnaissance Survey Town Report: Chicopee (April 1982)

Report: the only specific reference to native settlement areas was in the vicinity of Chicopee Falls; placed at the falls on the Chicopee River</description><styleUrl>#medium</styleUrl><Point><coordinates>-72.574000,42.159000,0</coordinates></Point></Placemark>
<Placemark><name>MHC recon: Government Island occupation</name><description>Cohasset, MA
Accurate to ±250 m — medium confidence — source-checked
MHC Reconnaissance Survey Town Report: Cohasset (1979)

Probable Contact period occupation on Government Island; placed on the island in Cohasset Harbor.; [verified] Corrected to Wikipedia Government Island Historic District coordinates.</description><styleUrl>#medium</styleUrl><Point><coordinates>-70.789170,42.238060,0</coordinates></Point></Placemark>
<Placemark><name>MHC recon: 1635 native settlement at Sudbury/Assabet confluence</name><description>Concord, MA
Accurate to ±700 m — medium confidence — source-checked
MHC Reconnaissance Survey Town Report: Concord (1980)

A small native settlement reported on the east side of the Sudbury at its confluence with the Assabet in 1635.; [verified] Matches Egg Rock confluence, Concord River (Wikipedia), ~80m</description><styleUrl>#medium</styleUrl><Point><coordinates>-71.359000,42.465500,0</coordinates></Point></Placemark>
<Placemark><name>MHC recon: Nashawtuc Hill native village</name><description>Concord, MA
Accurate to ±600 m — medium confidence — source-checked
MHC Reconnaissance Survey Town Report: Concord (1980)

Trails conjectured to the documented native village sites at Nashawtuc Hill on the Concord River meadows; placed at the hill.; [verified] OK: Concord Land Trust confirms Nashawtuc Hill along Concord River; coord consistent.</description><styleUrl>#medium</styleUrl><Point><coordinates>-71.366500,42.457000,0</coordinates></Point></Placemark>
<Placemark><name>MHC recon: palisaded native fort, eastern bluffs</name><description>Deerfield, MA
Accurate to ±600 m — medium confidence — source-checked
MHC Reconnaissance Survey Town Report: Deerfield (1982)

A pallisaded native fort probably situated on a portion of the eastern bluffs east of Bement School; placed on the bluff above the village.; [verified] OK: Bement School confirmed at 42.5481,-72.6061; bluffs site just east, within margin.</description><styleUrl>#medium</styleUrl><Point><coordinates>-72.599000,42.545000,0</coordinates></Point></Placemark>
<Placemark><name>MHC recon: Nobscusset settlement and reservation</name><description>Dennis, MA
Accurate to ±900 m — medium confidence
MHC Reconnaissance Survey Town Report: Dennis (1984)

A Native settlement or reservation at Nobsquassit in the north of town, with a Native congregation and 121 Praying Indians at Sawtucket and Nobscusset in 1674.</description><styleUrl>#medium</styleUrl><Point><coordinates>-70.184000,41.746000,0</coordinates></Point></Placemark>
<Placemark><name>MHC recon: Cedar Swamp-Main Street settlement area</name><description>Dighton, MA
Accurate to ±1200 m — medium confidence
MHC Reconnaissance Survey Town Report: Dighton (1981)

Probably extensive Contact Period settlement between Cedar Swamp and Main St, a vast tract of abandoned native cornland in the 1670s; centroid W of the Council Oak</description><styleUrl>#medium</styleUrl><Point><coordinates>-71.143000,41.821000,0</coordinates></Point></Placemark>
<Placemark><name>MHC recon: Wallum Lake site area</name><description>Douglas, MA/RI
Accurate to ±900 m — medium confidence
MHC Reconnaissance Survey Town Report: Douglas (1984)

Probable seasonal sites on the shores of Wallum Pond; placed on the Massachusetts (Douglas) end of the lake</description><styleUrl>#medium</styleUrl><Point><coordinates>-71.768403,42.008709,0</coordinates></Point></Placemark>
<Placemark><name>MHC recon: Noanet Brook fish weirs</name><description>Dover, MA
Accurate to ±800 m — medium confidence
MHC Reconnaissance Survey Town Report: Dover (1980)

Native settlement along Noanet Brook with fishweirs at its confluence with the Charles; placed at the brook mouth on the Dover-Needham reach of the Charles</description><styleUrl>#medium</styleUrl><Point><coordinates>-71.248000,42.266000,0</coordinates></Point></Placemark>
<Placemark><name>MHC recon: Noanet Plain occupation area</name><description>Dover, MA
Accurate to ±1000 m — medium confidence
MHC Reconnaissance Survey Town Report: Dover (1980)

Noanct (Noanet) Plain cited as a native occupation area; placed in the Noanet Woodlands uplands SE of Dover centre</description><styleUrl>#medium</styleUrl><Point><coordinates>-71.252000,42.248000,0</coordinates></Point></Placemark>
<Placemark><name>MHC recon: Powissett Plain occupation area</name><description>Dover, MA
Accurate to ±1000 m — medium confidence
MHC Reconnaissance Survey Town Report: Dover (1980)

Powissett Plain cited as a native occupation area; placed on the Powisset Street plain at Powisset Farm</description><styleUrl>#medium</styleUrl><Point><coordinates>-71.286000,42.235000,0</coordinates></Point></Placemark>
<Placemark><name>MHC recon: Dudley Center Hill village site</name><description>Dudley, MA
Accurate to ±800 m — medium confidence
MHC Reconnaissance Survey Town Report: Dudley (1984)

Documented native village site at Dudley Center Hill; placed on Dudley Hill at the town centre</description><styleUrl>#medium</styleUrl><Point><coordinates>-71.926000,42.045000,0</coordinates></Point></Placemark>
<Placemark><name>MHC recon: Massapoag Pond site area</name><description>Dunstable, MA
Accurate to ±800 m — medium confidence
MHC Reconnaissance Survey Town Report: Dunstable (1980)

Town history notes many artifacts from the Massapoag Pond area, mostly Archaic; placed at the pond 1.5 mi SW of Dunstable centre</description><styleUrl>#medium</styleUrl><Point><coordinates>-71.497530,42.638690,0</coordinates></Point></Placemark>
<Placemark><name>MHC recon: Powder Point site area</name><description>Duxbury, MA
Accurate to ±800 m — medium confidence
MHC Reconnaissance Survey Town Report: Duxbury (1981)

Extensive evidence of Early-Late Woodland settlement on Powder Point with prehistoric shell middens reported throughout; placed on the point</description><styleUrl>#medium</styleUrl><Point><coordinates>-70.661000,42.045500,0</coordinates></Point></Placemark>
<Placemark><name>MHC recon: Robbins Pond north shore multi-component site</name><description>East Bridgewater, MA
Accurate to ±700 m — medium confidence — source-checked
MHC Reconnaissance Survey Town Report: East Bridgewater (1981)

Multi-component occupation with Woodland and Contact material on the northern shore of Robbins Pond (MHC File); [verified] ~500m from Robbins Pond center (Wikipedia), consistent with north shore</description><styleUrl>#medium</styleUrl><Point><coordinates>-70.905000,42.006000,0</coordinates></Point></Placemark>
<Placemark><name>MHC recon: Mulberry Brook site</name><description>Easton, MA
Accurate to ±600 m — medium confidence — source-checked
MHC Reconnaissance Survey Town Report: Easton (1981)

Reputed unidentified native site on both banks of Mulberry Brook south of Foundry Street.; [verified] Corrected: USGS gauge &#x27;Mulberry Meadow Brook near Easton Center&#x27; 42.018711,-71.125881.</description><styleUrl>#medium</styleUrl><Point><coordinates>-71.125881,42.018711,0</coordinates></Point></Placemark>
<Placemark><name>MHC recon: Chappaquiddick praying village</name><description>Edgartown, MA
Accurate to ±1500 m — medium confidence
MHC Reconnaissance Survey Town Report: Edgartown (1984)

Chappaquiddick established as one of the Vineyard&#x27;s praying towns ca. 1670; Praying Indians set apart there by 1690.</description><styleUrl>#medium</styleUrl><Point><coordinates>-70.450000,41.383000,0</coordinates></Point></Placemark>
<Placemark><name>MHC recon: French King Bridge lowland occupation</name><description>Erving, MA
Accurate to ±800 m — medium confidence
MHC Reconnaissance Survey Town Report: Erving (1982)

Evidence of Woodland period occupation exposed on Erving&#x27;s western lowlands near French King Bridge.</description><styleUrl>#medium</styleUrl><Point><coordinates>-72.453000,42.605000,0</coordinates></Point></Placemark>
<Placemark><name>MHC recon: Laurel Lake/Farley fishing encampment</name><description>Erving, MA
Accurate to ±900 m — medium confidence
MHC Reconnaissance Survey Town Report: Erving (1982)

Report flags Laurel Lake&#x27;s shore and the Farley village terrace as archaeologically sensitive native fishing/encampment ground.</description><styleUrl>#medium</styleUrl><Point><coordinates>-72.421000,42.601000,0</coordinates></Point></Placemark>
<Placemark><name>Sagamore John&#x27;s village (Beacham Point)</name><description>Everett, MA
Accurate to ±1000 m — medium confidence
MHC Reconnaissance Survey Town Report: Everett (1981)

Historical literature places Sagamore John&#x27;s village on Beacham Point along the Mystic tideflats.</description><styleUrl>#medium</styleUrl><Point><coordinates>-71.062000,42.404000,0</coordinates></Point></Placemark>
<Placemark><name>MHC recon: Sconticut Neck settlement area</name><description>Fairhaven, MA
Accurate to ±1200 m — medium confidence
MHC Reconnaissance Survey Town Report: Fairhaven (1981)

Southern two-thirds of Sconticut Neck flagged as highest-likelihood area for surviving native Contact period settlement.</description><styleUrl>#medium</styleUrl><Point><coordinates>-70.885000,41.619000,0</coordinates></Point></Placemark>
<Placemark><name>MHC recon: Cook Pond site</name><description>Fall River, MA
Accurate to ±700 m — medium confidence — source-checked
MHC Reconnaissance Survey Town Report: Fall River (1982)

An unidentified native site was situated on the western edge of Cook Pond.; [verified] Corrected to Cook Pond location per mass.gov (was ~4.5km off)</description><styleUrl>#medium</styleUrl><Point><coordinates>-71.171833,41.675056,0</coordinates></Point></Placemark>
<Placemark><name>MHC recon: Stafford Road Indian Reservation</name><description>Fall River, MA
Accurate to ±1500 m — medium confidence
MHC Reconnaissance Survey Town Report: Fall River (1982)

Ca. 1704 Indian Reservation land set aside along Stafford Road, east of North Watuppa Pond.</description><styleUrl>#medium</styleUrl><Point><coordinates>-71.114000,41.700000,0</coordinates></Point></Placemark>
<Placemark><name>MHC recon: Taunton/Assonet River confluence site</name><description>Fall River, MA
Accurate to ±800 m — medium confidence
MHC Reconnaissance Survey Town Report: Fall River (1982)

A second unidentified native site lay on the Taunton River&#x27;s eastern bank below its confluence with the Assonet River.</description><styleUrl>#medium</styleUrl><Point><coordinates>-71.101000,41.728000,0</coordinates></Point></Placemark>
<Placemark><name>Skeleton in Armor burial site</name><description>Fall River, MA
Accurate to ±1500 m — medium confidence — source-checked
MHC Reconnaissance Survey Town Report: Fall River (1982)

Contact period burial (Longfellow&#x27;s Skeleton in Armor) found in a gravel bank near the corner of Fifth and Hartwell Streets.; [verified] Sources give no confirmable find-site coordinates (AccessGenealogy)</description><styleUrl>#medium</styleUrl><Point><coordinates>-71.160000,41.708000,0</coordinates></Point></Placemark>
<Placemark><name>MHC recon: Chappaquoit village and burial place</name><description>Falmouth, MA
Accurate to ±800 m — medium confidence
MHC Reconnaissance Survey Town Report: Falmouth (1985)

Jenkins notes considerable Indian villages at Chappaquoit, also reported as the location of a native burial place.</description><styleUrl>#medium</styleUrl><Point><coordinates>-70.640000,41.607000,0</coordinates></Point></Placemark>
<Placemark><name>MHC recon: Waquoit Bay settlement focus</name><description>Falmouth, MA
Accurate to ±1200 m — medium confidence
MHC Reconnaissance Survey Town Report: Falmouth (1985)

Waquoit Bay is a documented Contact period native settlement focus per surface artifact collections.</description><styleUrl>#medium</styleUrl><Point><coordinates>-70.505000,41.577000,0</coordinates></Point></Placemark>
<Placemark><name>MHC recon: Lake Cochituate west side/outlet site cluster</name><description>Framingham, MA
Accurate to ±800 m — medium confidence
MHC Reconnaissance Survey Town Report: Framingham (1980)

Report cites site concentration at west side/outlet of Lake Cochituate; point on Framingham shore.</description><styleUrl>#medium</styleUrl><Point><coordinates>-71.365000,42.301000,0</coordinates></Point></Placemark>
<Placemark><name>MHC recon: Saxonville Falls site</name><description>Framingham, MA
Accurate to ±500 m — medium confidence — source-checked
MHC Reconnaissance Survey Town Report: Framingham (1980)

Site concentration reported around the falls at Saxonville on the Sudbury River.; [verified] Wikipedia: Saxonville falls at 42.3264,-71.3994 - within margin of existing point.</description><styleUrl>#medium</styleUrl><Point><coordinates>-71.401110,42.324720,0</coordinates></Point></Placemark>
<Placemark><name>Hassanamesit Praying Town</name><description>Grafton, MA
Accurate to ±1500 m — medium confidence — source-checked
MHC Reconnaissance Survey Town Report: Grafton (1984)

Third praying town est. 1654 by Eliot, 12 families/pop.60; Hassanamisco Reservation, Brigham Hill, Grafton; coordinate corrected in review pass; [verified] Searched; no coordinate found for Hassanamisco Reservation in sources checked</description><styleUrl>#medium</styleUrl><Point><coordinates>-71.689300,42.207900,0</coordinates></Point></Placemark>
<Placemark><name>MHC recon: Bummet Brook Woodland village site</name><description>Grafton, MA
Accurate to ±700 m — medium confidence — source-checked
MHC Reconnaissance Survey Town Report: Grafton (1984)

Report: Woodland-period &#x27;village&#x27; reported on terrace above Bummet Brook, north of North Grafton.; [verified] ~75m from Big Bummet Brook monitoring site (MassDEP), within margin</description><styleUrl>#medium</styleUrl><Point><coordinates>-71.705018,42.235914,0</coordinates></Point></Placemark>
<Placemark><name>MHC recon: Canada Hill Woodland site</name><description>Greenfield, MA
Accurate to ±900 m — medium confidence
MHC Reconnaissance Survey Town Report: Greenfield (1982)

Report: large Woodland-component site in vicinity of Canada Hill, overlooking the Connecticut River.</description><styleUrl>#medium</styleUrl><Point><coordinates>-72.575000,42.601000,0</coordinates></Point></Placemark>
<Placemark><name>MHC recon: Cheapside bluffs Woodland site</name><description>Greenfield, MA
Accurate to ±700 m — medium confidence — source-checked
MHC Reconnaissance Survey Town Report: Greenfield (1982)

Report: second Woodland occupation noted on bluffs overlooking the Connecticut, west of Cheapside.; [verified] Corrected to Cheapside coords per Topozone GPS waypoint (was ~1.4km off)</description><styleUrl>#medium</styleUrl><Point><coordinates>-72.585645,42.572308,0</coordinates></Point></Placemark>
<Placemark><name>MHC recon: Smead and Rawson Islands seasonal sites</name><description>Greenfield, MA
Accurate to ±900 m — medium confidence
MHC Reconnaissance Survey Town Report: Greenfield (1982)

Report: smaller sites probably established on Smead and Rawson Islands in the Connecticut River.</description><styleUrl>#medium</styleUrl><Point><coordinates>-72.581000,42.585000,0</coordinates></Point></Placemark>
<Placemark><name>MHC recon: Russellville Brook mouth site</name><description>Hadley, MA
Accurate to ±700 m — medium confidence — source-checked
MHC Reconnaissance Survey Town Report: Hadley (1982)

Report: Woodland Period occupation reported near the mouth of Russellville Brook, North Hadley.; [verified] HomeTownLocator: Russellville locale, Hadley coords used as brook-mouth proxy</description><styleUrl>#medium</styleUrl><Point><coordinates>-72.565000,42.410000,0</coordinates></Point></Placemark>
<Placemark><name>MHC recon: Burrage Pond site cluster</name><description>Halifax, MA
Accurate to ±900 m — medium confidence
MHC Reconnaissance Survey Town Report: Halifax (1981)

Report: high probability of native sites, particularly vicinity of Burrage Pond.</description><styleUrl>#medium</styleUrl><Point><coordinates>-70.876000,42.021000,0</coordinates></Point></Placemark>
<Placemark><name>MHC recon: Indian Crossway (Great Cedar Swamp)</name><description>Hanson, MA
Accurate to ±900 m — medium confidence
MHC Reconnaissance Survey Town Report: Hanson (1981)

Primary route (Main St/Rte 14) from Indian Head Pond with a supposed &#x27;Indian Crossway&#x27; through Great Cedar Swamp.</description><styleUrl>#medium</styleUrl><Point><coordinates>-70.845000,42.045000,0</coordinates></Point></Placemark>
<Placemark><name>MHC recon: Hardwick Pond native site area</name><description>Hardwick, MA
Accurate to ±700 m — medium confidence — source-checked
MHC Reconnaissance Survey Town Report: Hardwick (1984)

Historic overview cites reported native sites at Hardwick Pond in the south of town.; [verified] Mass.gov Hardwick Pond coords (42.3104,-72.2417) match existing point</description><styleUrl>#medium</styleUrl><Point><coordinates>-72.241700,42.310400,0</coordinates></Point></Placemark>
<Placemark><name>Indian Planting Field</name><description>Harvard, MA
Accurate to ±600 m — medium confidence — source-checked
MHC Reconnaissance Survey Town Report: Harvard (1983)

Report states the area north of Bare Hill Pond is known as &#x27;Indian Planting Field.&#x27;; [verified] Corrected: Bare Hill Pond confirmed 42.4942,-71.5893 (Mass.gov); site north of pond.</description><styleUrl>#medium</styleUrl><Point><coordinates>-71.589000,42.500000,0</coordinates></Point></Placemark>
<Placemark><name>MHC recon: Nohorns Neck settlement and cleared fields</name><description>Harwich, MA
Accurate to ±700 m — medium confidence — source-checked
MHC Reconnaissance Survey Town Report: Harwich (1984)

Natives reportedly living on Nohants/Nohorns Neck at Allens Harbor when settlers arrived; cleared native fields reported on harbor&#x27;s east side.; [verified] Allen Harbor coords (marinas.com); Nohorns Neck reportedly on harbor&#x27;s east side.</description><styleUrl>#medium</styleUrl><Point><coordinates>-70.089200,41.656100,0</coordinates></Point></Placemark>
<Placemark><name>MHC recon: terrace site, Mill/Connecticut River confluence</name><description>Hatfield, MA
Accurate to ±600 m — medium confidence — source-checked
MHC Reconnaissance Survey Town Report: Hatfield (1982)

Two undated native sites and a Woodland site situated on the terrace overlooking the Mill/Connecticut River confluence.; [verified] OK: USGS Mill River at Hatfield gauge near confluence 42.366478,-72.604811 (~640m).</description><styleUrl>#medium</styleUrl><Point><coordinates>-72.600000,42.362000,0</coordinates></Point></Placemark>
<Placemark><name>MHC recon: Pawtucket principal village, Little River mouth</name><description>Haverhill, MA
Accurate to ±600 m — medium confidence — source-checked
MHC Reconnaissance Survey Town Report: Haverhill (1985)

Mouth of the Little River suggested as the location for the principal village of the Pawtucket Indians.; [verified] OK: Wikipedia Little River mouth exact match at 42.7725,-71.08278.</description><styleUrl>#medium</styleUrl><Point><coordinates>-71.082800,42.772500,0</coordinates></Point></Placemark>
<Placemark><name>MHC recon: quarries, Hawley State Forest</name><description>Hawley, MA
Accurate to ±900 m — medium confidence
MHC Reconnaissance Survey Town Report: Hawley (1982)

Historic overview notes quarries conjectured in Hawley State Forest.</description><styleUrl>#medium</styleUrl><Point><coordinates>-72.780000,42.560000,0</coordinates></Point></Placemark>
<Placemark><name>MHC recon: West Branch quarries, North Heath</name><description>Heath, MA
Accurate to ±900 m — medium confidence
MHC Reconnaissance Survey Town Report: Heath (1982)

Historic overview notes native sites possible along the West Branch in North Heath, with conjectured quarries.</description><styleUrl>#medium</styleUrl><Point><coordinates>-72.688000,42.712000,0</coordinates></Point></Placemark>
<Placemark><name>MHC recon: Accord Pond Woodland site cluster</name><description>Hingham/Norwell, MA
Accurate to ±700 m — medium confidence — source-checked
MHC Reconnaissance Survey Town Report: Hingham (1979)

Report notes documented Woodland sites in the interior river valley around Accord Pond.; [verified] Wikipedia Accord Pond coords match existing point exactly</description><styleUrl>#medium</styleUrl><Point><coordinates>-70.890000,42.173330,0</coordinates></Point></Placemark>
<Placemark><name>MHC recon: Holland Pond Woodland campsite</name><description>Holland, MA
Accurate to ±600 m — medium confidence — source-checked
MHC Reconnaissance Survey Town Report: Holland (1983)

A large Woodland-period campsite lay on valley bottomland along the southern shore of Holland Pond.; [verified] Corrected: Wikipedia Holland Pond at 42.094889,-72.170556; site on its southern shore.</description><styleUrl>#medium</styleUrl><Point><coordinates>-72.169500,42.091000,0</coordinates></Point></Placemark>
<Placemark><name>MHC recon: Great Falls spring fishing site</name><description>Holyoke, MA
Accurate to ±600 m — medium confidence — source-checked
MHC Reconnaissance Survey Town Report: Holyoke (1982)

Report notes considerable influx of natives to Holyoke during the annual spring fish runs at the Great Falls.; [verified] Corrected: Wikipedia Holyoke Dam/Great Falls at 42.21361,-72.60167 on Connecticut River.</description><styleUrl>#medium</styleUrl><Point><coordinates>-72.601670,42.213610,0</coordinates></Point></Placemark>
<Placemark><name>MHC recon: North Pond (Maspenock) site</name><description>Hopkinton, MA
Accurate to ±700 m — medium confidence — source-checked
MHC Reconnaissance Survey Town Report: Hopkinton (1980)

Unspecified period sites reported along North Pond (&#x27;Waspenook&#x27;/Maspenock).; [verified] Mass.gov access points (42.2054/-71.5587, 42.1977/-71.5541) bracket existing point</description><styleUrl>#medium</styleUrl><Point><coordinates>-71.550000,42.208000,0</coordinates></Point></Placemark>
<Placemark><name>MHC recon: Hopkinton Reservoir site</name><description>Hopkinton/Ashland, MA
Accurate to ±700 m — medium confidence — source-checked
MHC Reconnaissance Survey Town Report: Hopkinton (1980)

Unspecified period sites reported along Hopkinton Reservoir.; [verified] Mass.gov Hopkinton Reservoir coords (Hopkinton/Ashland line, off Rte 85)</description><styleUrl>#medium</styleUrl><Point><coordinates>-71.520806,42.258056,0</coordinates></Point></Placemark>
<Placemark><name>MHC recon: Castle Neck River mouth midden/burial area</name><description>Ipswich, MA
Accurate to ±1000 m — medium confidence
MHC Reconnaissance Survey Town Report: Ipswich (1985)

Shell middens/burials probable near mouth of Castle Neck River per Contact Period settlement pattern.</description><styleUrl>#medium</styleUrl><Point><coordinates>-70.766000,42.688000,0</coordinates></Point></Placemark>
<Placemark><name>Patuxet House Site (Christian Indian burial)</name><description>Kingston, MA
Accurate to ±1500 m — medium confidence — source-checked
MHC Reconnaissance Survey Town Report: Kingston (1981)

Surveyed Christian Indian burial w/ grave goods at former Patuxet House, corner Green &amp; Summer Sts (Willoughby 1935).; [verified] No confirmable coords for Green/Summer St corner; searched, nothing matched</description><styleUrl>#medium</styleUrl><Point><coordinates>-70.726000,41.987000,0</coordinates></Point></Placemark>
<Placemark><name>Betty&#x27;s Neck Native Settlement</name><description>Lakeville, MA
Accurate to ±700 m — medium confidence
MHC Reconnaissance Survey Town Report: Middleborough (1981)

Tispaquin&#x27;s people moved here from Nemasket mid-1600s; last native community in the area by the late 1700s</description><styleUrl>#medium</styleUrl><Point><coordinates>-70.930000,41.826000,0</coordinates></Point></Placemark>
<Placemark><name>MHC recon: Nashaway camp at Nashua River forks</name><description>Lancaster, MA
Accurate to ±700 m — medium confidence — source-checked
MHC Reconnaissance Survey Town Report: Lancaster (1984)

Nashaway group repeated/long-term camp at confluence and wading place of Nashua River branches, S. Lancaster.; [verified] Wikipedia South Nashua River coords used for river forks, S. Lancaster</description><styleUrl>#medium</styleUrl><Point><coordinates>-71.669500,42.447300,0</coordinates></Point></Placemark>
<Placemark><name>MHC recon: native site along Elm Brook</name><description>Lincoln, MA
Accurate to ±700 m — medium confidence — source-checked
MHC Reconnaissance Survey Town Report: Lincoln (1980)

Report: unspecified Contact-period sites reported on Elm Brook; placed at Elm Brook/Route 2A crossing.; [verified] USGS gauge Elm Brook at Rte 2A, Lincoln matches existing point exactly</description><styleUrl>#medium</styleUrl><Point><coordinates>-71.304306,42.452833,0</coordinates></Point></Placemark>
<Placemark><name>MHC recon: native sites near Beaver Pond</name><description>Lincoln, MA
Accurate to ±700 m — medium confidence — source-checked
MHC Reconnaissance Survey Town Report: Lincoln (1980)

Report: sites also likely near Beaver Pond (fresh water fishing).; [verified] Wikipedia Beaver Pond (Lincoln, MA) coords match existing point exactly</description><styleUrl>#medium</styleUrl><Point><coordinates>-71.304850,42.415520,0</coordinates></Point></Placemark>
<Placemark><name>Fort Hill Native Fortification and Burial Site</name><description>Lowell, MA
Accurate to ±300 m — medium confidence — source-checked
MHC Reconnaissance Survey Town Report: Lowell (1980)

Report: probable native period sites and burials on/around Fort Hill; native fortification built there after Iroquois raids, 1669.; [verified] Rogers Fort Hill Park Historic District (Wikipedia); 1669 Pawtucket fort site.</description><styleUrl>#medium</styleUrl><Point><coordinates>-71.296390,42.635000,0</coordinates></Point></Placemark>
<Placemark><name>MHC recon: Concord River/Merrimack River confluence fishing site</name><description>Lowell, MA
Accurate to ±700 m — medium confidence — source-checked
MHC Reconnaissance Survey Town Report: Lowell (1980)

Report: confluence of Concord and Merrimack Rivers cited as a major native fishing/settlement area.; [verified] USGS gauge just above Concord River confluence, Lowell, used for site</description><styleUrl>#medium</styleUrl><Point><coordinates>-71.330061,42.649258,0</coordinates></Point></Placemark>
<Placemark><name>Wamesit Praying Town</name><description>Lowell, MA
Accurate to ±800 m — medium confidence
MHC Reconnaissance Survey Town Report: Lowell (1980)

Report: Wamesit Praying Town (1652) near Merrimack Falls, presumed village site in downtown Lowell; boundary ditch remains at Lowell General Hospital.</description><styleUrl>#medium</styleUrl><Point><coordinates>-71.310000,42.641000,0</coordinates></Point></Placemark>
<Placemark><name>MHC recon: Chicopee River fishing site near North Street bridge</name><description>Ludlow, MA
Accurate to ±400 m — medium confidence — source-checked
MHC Reconnaissance Survey Town Report: Ludlow (1982)

Report: prime fishing location at Chicopee River falls just below the North St. bridge.; [verified] Ludlow Village Historic Dist./Wallamanumps Falls area per Wikipedia</description><styleUrl>#medium</styleUrl><Point><coordinates>-72.442220,42.165280,0</coordinates></Point></Placemark>
<Placemark><name>MHC recon: Bell Rock Park trail loop</name><description>Malden, MA
Accurate to ±400 m — medium confidence — source-checked
MHC Reconnaissance Survey Town Report: Malden (1980)

Primary N/S trail along Main St with a former loop around Bell Rock Park, now Madison St.; [verified] Bell Rock Memorial Park coordinates per Wikipedia</description><styleUrl>#medium</styleUrl><Point><coordinates>-71.067780,42.420280,0</coordinates></Point></Placemark>
<Placemark><name>MHC recon: Waites Mount trail node</name><description>Malden, MA
Accurate to ±400 m — medium confidence — source-checked
MHC Reconnaissance Survey Town Report: Malden (1980)

Alternate E/W trail through highlands followed axis around Waites Mount (Cory-Ricker 1939).; [verified] Wikipedia: Waitt&#x27;s Mountain summit, Malden MA</description><styleUrl>#medium</styleUrl><Point><coordinates>-71.065607,42.433430,0</coordinates></Point></Placemark>
<Placemark><name>MHC recon: Mansfield Municipal Airport Woodland site</name><description>Mansfield, MA
Accurate to ±500 m — medium confidence — source-checked
MHC Reconnaissance Survey Town Report: Mansfield (1981)

A large Woodland Period native site was situated on the northernmost portion of Mansfield Municipal Airport.; [verified] Airport ctr (Wikipedia, 42.000,-71.197) within margin of existing pt</description><styleUrl>#medium</styleUrl><Point><coordinates>-71.195800,41.996500,0</coordinates></Point></Placemark>
<Placemark><name>MHC recon: campsite north of Norton Reservoir</name><description>Mansfield, MA
Accurate to ±600 m — medium confidence — source-checked
MHC Reconnaissance Survey Town Report: Mansfield (1981)

A small campsite with a Woodland Period component was located a short distance north of Norton Reservoir.; [verified] Corrected: Wikipedia Norton Reservoir 41.98333,-71.18944; site placed north in Mansfield.</description><styleUrl>#medium</styleUrl><Point><coordinates>-71.188000,41.991000,0</coordinates></Point></Placemark>
<Placemark><name>MHC recon: Devereux Beach Contact-period burial</name><description>Marblehead, MA
Accurate to ±300 m — medium confidence — source-checked
MHC Reconnaissance Survey Town Report: Marblehead (1985)

Child&#x27;s burial with glass beads excavated 1862 in the Devereux Beach area, probable Contact period.; [verified] Apple Maps coord for Devereux Beach (42.4908,-70.8563) matches existing</description><styleUrl>#medium</styleUrl><Point><coordinates>-70.856300,42.490800,0</coordinates></Point></Placemark>
<Placemark><name>MHC recon: Planting Island causeway trail node</name><description>Marion, MA
Accurate to ±400 m — medium confidence — source-checked
MHC Reconnaissance Survey Town Report: Marion (1981)

Trail to Sippican Neck and Great Hill followed point roads to the Planting Island causeway at low tide.; [verified] Planting Island location per Sandee/HomeTownLocator, Marion MA</description><styleUrl>#medium</styleUrl><Point><coordinates>-70.734352,41.689816,0</coordinates></Point></Placemark>
<Placemark><name>MHC recon: Connecticut Path, Williams Lake loop</name><description>Marlborough, MA
Accurate to ±600 m — medium confidence — source-checked
MHC Reconnaissance Survey Town Report: Marlborough (1980)

Connecticut Path (now Boston Post Rd/Rte 20) through Marlborough Center with former loops at Williams Lake.; [verified] Williams Lake per Natural Atlas map data; ~1.5km SW of prior point, Marlborough</description><styleUrl>#medium</styleUrl><Point><coordinates>-71.568274,42.339408,0</coordinates></Point></Placemark>
<Placemark><name>MHC recon: Fort Meadow Reservoir site</name><description>Marlborough, MA
Accurate to ±500 m — medium confidence — source-checked
MHC Reconnaissance Survey Town Report: Marlborough (1980)

Unspecified native site reported adjacent to Fort Meadow reservoir.; [verified] Reservoir center per Wikipedia infobox (42.36778,-71.55194)</description><styleUrl>#medium</styleUrl><Point><coordinates>-71.551940,42.367780,0</coordinates></Point></Placemark>
<Placemark><name>MHC recon: Indian Ferry crossing, North River</name><description>Marshfield, MA
Accurate to ±300 m — medium confidence — source-checked
MHC Reconnaissance Survey Town Report: Marshfield (1981)

Reported use of &#x27;Indian Ferry&#x27; across North River to Scituate, at the Route 3A bridge site (Hurd 1884).; [verified] Route 3A bridge over North River (NSRWA) within margin of existing</description><styleUrl>#medium</styleUrl><Point><coordinates>-70.744000,42.163000,0</coordinates></Point></Placemark>
<Placemark><name>MHC recon: Mashpee Plantation/reservation (1660)</name><description>Mashpee, MA
Accurate to ±1500 m — medium confidence
MHC Reconnaissance Survey Town Report: Mashpee (1984)

Plantation period native villages were consolidated as reservation lands set off in 1660.</description><styleUrl>#medium</styleUrl><Point><coordinates>-70.489000,41.632000,0</coordinates></Point></Placemark>
<Placemark><name>MHC recon: native church site, Santuit Pond</name><description>Mashpee, MA
Accurate to ±750 m — medium confidence — source-checked
MHC Reconnaissance Survey Town Report: Mashpee (1984)

Native church established 1670 northeast of Santuit Pond.; [verified] Santuit Pond location per USGS gauge stations (avg of two)</description><styleUrl>#medium</styleUrl><Point><coordinates>-70.461389,41.655417,0</coordinates></Point></Placemark>
<Placemark><name>MHC recon: Hammondtown Cemetery contact burial</name><description>Mattapoisett, MA
Accurate to ±300 m — medium confidence — source-checked
MHC Reconnaissance Survey Town Report: Mattapoisett (1981)

Contact period native burial ground adjacent to Hammondtown cemetery, near an Archaic-Woodland site.; [verified] Hammond Cemetery, Mattapoisett (Find A Grave 41.66383,-70.83515)</description><styleUrl>#medium</styleUrl><Point><coordinates>-70.835150,41.663830,0</coordinates></Point></Placemark>
<Placemark><name>MHC recon: Tinkham Hill native site</name><description>Mattapoisett, MA
Accurate to ±500 m — medium confidence — source-checked
MHC Reconnaissance Survey Town Report: Mattapoisett (1981)

Tinkham Hill and an unidentified native site immediately northwest of the hill, likely Contact period.; [verified] 60 Tinkham Hill Rd transfer station address (RecycleSmartMA)</description><styleUrl>#medium</styleUrl><Point><coordinates>-70.819403,41.692422,0</coordinates></Point></Placemark>
<Placemark><name>MHC recon: Old Marlborough Road trail node</name><description>Maynard, MA
Accurate to ±600 m — medium confidence — source-checked
MHC Reconnaissance Survey Town Report: Maynard (1980)

Trail system follows the Assabet to Concord, conjectured on the east side as Old Marlborough Road.; [verified] Wikipedia confirms road runs through Maynard; no precise coord, point retained</description><styleUrl>#medium</styleUrl><Point><coordinates>-71.449000,42.431000,0</coordinates></Point></Placemark>
<Placemark><name>MHC recon: Summer Hill native site</name><description>Maynard, MA
Accurate to ±400 m — medium confidence — source-checked
MHC Reconnaissance Survey Town Report: Maynard (1980)

Trail system conjectured on Summer-Concord Streets around Summer Hill, identified in report as a native site.; [verified] Wikipedia: Summer Hill high point, Maynard MA</description><styleUrl>#medium</styleUrl><Point><coordinates>-71.470280,42.433330,0</coordinates></Point></Placemark>
<Placemark><name>MHC recon: West Medford burial site (19-MD-259)</name><description>Medford, MA
Accurate to ±400 m — medium confidence — source-checked
MHC Reconnaissance Survey Town Report: Medford (1980)

Only documented Contact-period site in Medford: a group of burials (19-MD-259) east of the Mystic in West Medford; [verified] Wikipedia confirms West Medford neighborhood extent, MA</description><styleUrl>#medium</styleUrl><Point><coordinates>-71.122500,42.426500,0</coordinates></Point></Placemark>
<Placemark><name>MHC recon: Mount Hood quarry and workshop site</name><description>Melrose, MA
Accurate to ±500 m — medium confidence — source-checked
MHC Reconnaissance Survey Town Report: Melrose (1981)

Important lithic quarry and workshop sites reported in the Mount Hood Memorial Park area; [verified] Mount Hood Golf Club/Park coords (Living New Deal)</description><styleUrl>#medium</styleUrl><Point><coordinates>-71.037800,42.451009,0</coordinates></Point></Placemark>
<Placemark><name>Old Will&#x27;s Planting Ground</name><description>Methuen, MA
Accurate to ±700 m — medium confidence — source-checked
MHC Reconnaissance Survey Town Report: Methuen (1986)

1662 General Court record of Old Will&#x27;s planting ground on the east side of the Spicket River; [verified] USGS Spicket River at Methuen gauge coords confirm existing point</description><styleUrl>#medium</styleUrl><Point><coordinates>-71.185000,42.726000,0</coordinates></Point></Placemark>
<Placemark><name>MHC recon: Middleton Pond Indian Plantation (1639)</name><description>Middleton, MA
Accurate to ±700 m — medium confidence — source-checked
MHC Reconnaissance Survey Town Report: Middleton (1986)

1639 Bellingham grant notes an Indian Plantation, probably a village, in the Middleton Pond area; [verified] USGS site ID 423536071011501 decodes to 42.5933,-71.0208, near existing</description><styleUrl>#medium</styleUrl><Point><coordinates>-71.024500,42.591500,0</coordinates></Point></Placemark>
<Placemark><name>MHC recon: Mattapan ford (Blue Hill Avenue)</name><description>Milton, MA
Accurate to ±400 m — medium confidence — source-checked
MHC Reconnaissance Survey Town Report: Milton (1981)

Contact Period: documented ford site at &#x27;Mattapan (Blue Hill Ave)&#x27; crossing the Neponset River.; [verified] Wikipedia: Mattapan station, at Neponset River/Blue Hill Ave</description><styleUrl>#medium</styleUrl><Point><coordinates>-71.092420,42.267580,0</coordinates></Point></Placemark>
<Placemark><name>MHC recon: Pauls Bridge ford</name><description>Milton, MA
Accurate to ±400 m — medium confidence — source-checked
MHC Reconnaissance Survey Town Report: Milton (1981)

Contact Period: documented ford site at &#x27;Pauls Bridge (Neponset Valley Pkwy).&#x27;; [verified] Wikipedia: Paul&#x27;s Bridge, Neponset River, Milton MA</description><styleUrl>#medium</styleUrl><Point><coordinates>-71.122500,42.234440,0</coordinates></Point></Placemark>
<Placemark><name>MHC recon: Unquitynessit Falls fishing site &amp; ford (Lower Mills)</name><description>Milton, MA
Accurate to ±400 m — medium confidence — source-checked
MHC Reconnaissance Survey Town Report: Milton (1981)

Contact Period: documented ford at Lower Mills (Adams St); historic overview notes &#x27;important native fishing site at Unquitynessit Falls (Lower Mills).&#x27;; [verified] Wikipedia: Dorchester-Milton Lower Mills Industrial District</description><styleUrl>#medium</styleUrl><Point><coordinates>-71.068890,42.271110,0</coordinates></Point></Placemark>
<Placemark><name>MHC recon: burial near Chicopee River/Chicopee Brook junction (northern Monson)</name><description>Monson, MA
Accurate to ±800 m — medium confidence
MHC Reconnaissance Survey Town Report: Monson (1982)

Plantation Period: &#x27;Plantation or Colonial Period burial located in northern Monson near the junction of the Chicopee River and Chicopee Brook.&#x27;</description><styleUrl>#medium</styleUrl><Point><coordinates>-72.305000,42.140000,0</coordinates></Point></Placemark>
<Placemark><name>Carroheagan (Montague City)</name><description>Montague, MA
Accurate to ±600 m — medium confidence — source-checked
MHC Reconnaissance Survey Town Report: Montague (1982)

Report: Pocumtuck village &#x27;Carroheagan (Montague City)&#x27; destroyed in Mohawk attack c.1664; occupied by allied forces during King Philip&#x27;s War.; [verified] Montague City coordinates per Mapcarta</description><styleUrl>#medium</styleUrl><Point><coordinates>-72.574898,42.587357,0</coordinates></Point></Placemark>
<Placemark><name>Miacomet (native village, meetinghouse &amp; burial ground)</name><description>Nantucket, MA
Accurate to ±500 m — medium confidence — source-checked
MHC Reconnaissance Survey Town Report: Nantucket (1984)

Native meetinghouse (1732) and burial ground near Miacomet, in use through the 1763 plague.; [verified] Find A Grave: Miacomet Indian Burial Ground 41.26194,-70.09996</description><styleUrl>#medium</styleUrl><Point><coordinates>-70.104200,41.259700,0</coordinates></Point></Placemark>
<Placemark><name>Oggawam (Siasconset native village)</name><description>Nantucket, MA
Accurate to ±500 m — medium confidence — source-checked
MHC Reconnaissance Survey Town Report: Nantucket (1984)

Report locates the native village of Oggawam at Siasconset, on the SE end of the island.; [verified] Siasconset village center per Wikipedia infobox</description><styleUrl>#medium</styleUrl><Point><coordinates>-69.966110,41.262500,0</coordinates></Point></Placemark>
<Placemark><name>MHC recon: Lake Cochituate neck ford/trail</name><description>Natick, MA
Accurate to ±750 m — medium confidence — source-checked
MHC Reconnaissance Survey Town Report: Natick (1980)

Native trail (Bacon/Hartford Sts) reportedly crossed at a ford at the neck of Lake Cochituate.; [verified] Lake Cochituate USGS gauge coords used as lake-neck proxy</description><styleUrl>#medium</styleUrl><Point><coordinates>-71.366940,42.290280,0</coordinates></Point></Placemark>
<Placemark><name>MHC recon: High Rock native site</name><description>Needham, MA
Accurate to ±600 m — medium confidence — source-checked
MHC Reconnaissance Survey Town Report: Needham (1980)

Report names High Rock (near High Rock St) as a known native site on the path to the Charles marshes.; [verified] High Rock St listings confirm street in Needham; wiki High Rock is in Lynn, unrelated</description><styleUrl>#medium</styleUrl><Point><coordinates>-71.213000,42.275000,0</coordinates></Point></Placemark>
<Placemark><name>MHC recon: Fish Island (Saconnet captives holding area)</name><description>New Bedford, MA
Accurate to ±400 m — medium confidence — source-checked
MHC Reconnaissance Survey Town Report: New Bedford (1981)

Fish Island reputedly used to hold Saconnet Indians captured by Benjamin Church in King Philip&#x27;s War.; [verified] Wikipedia: Fish Island, New Bedford MA</description><styleUrl>#medium</styleUrl><Point><coordinates>-70.919389,41.638778,0</coordinates></Point></Placemark>
<Placemark><name>MHC recon: Sassaquin Pond site area</name><description>New Bedford, MA
Accurate to ±800 m — medium confidence
MHC Reconnaissance Survey Town Report: New Bedford (1981)

Interior movement to the Sassaquin Pond area cited as likely site of remaining Contact-period settlement.</description><styleUrl>#medium</styleUrl><Point><coordinates>-70.943000,41.683000,0</coordinates></Point></Placemark>
<Placemark><name>MHC recon: Winimusset Brook King Philip&#x27;s War battle site</name><description>New Braintree, MA
Accurate to ±1000 m — medium confidence
MHC Reconnaissance Survey Town Report: New Braintree (1984)

Site of a major native/European battle (1675, King Philip&#x27;s War) on Winimusset Brook.</description><styleUrl>#medium</styleUrl><Point><coordinates>-72.148000,42.320000,0</coordinates></Point></Placemark>
<Placemark><name>Bear&#x27;s Den (King Philip&#x27;s War meeting site)</name><description>New Salem, MA
Accurate to ±750 m — medium confidence — source-checked
MHC Reconnaissance Survey Town Report: New Salem (1982)

Report identifies Bear&#x27;s Den as a native camp where King Philip met with area native leaders.; [verified] Trustees of Reservations: 18 Neilson Rd, New Salem (approx)</description><styleUrl>#medium</styleUrl><Point><coordinates>-72.325900,42.540300,0</coordinates></Point></Placemark>
<Placemark><name>MHC recon: Indian &amp; Artichoke Rivers mouth site</name><description>Newbury, MA
Accurate to ±800 m — medium confidence
MHC Reconnaissance Survey Town Report: Newbury (1985)

Mouth of the Indian and Artichoke Rivers at the Merrimack cited as a likely native site location.</description><styleUrl>#medium</styleUrl><Point><coordinates>-70.917000,42.809000,0</coordinates></Point></Placemark>
<Placemark><name>Market Street burial (Newburyport)</name><description>Newburyport, MA
Accurate to ±300 m — medium confidence — source-checked
MHC Reconnaissance Survey Town Report: Newburyport (1985)

1822 burial found in the Market Street area with a tomahawk, pipe and whetstones.; [verified] Market Square Historic District, Newburyport (Wikipedia)</description><styleUrl>#medium</styleUrl><Point><coordinates>-70.870280,42.811110,0</coordinates></Point></Placemark>
<Placemark><name>MHC recon: Boyd Park burial</name><description>Newton, MA
Accurate to ±300 m — medium confidence — source-checked
MHC Reconnaissance Survey Town Report: Newton (1981)

19th-century burial with European trade goods found in the Boyd Park area.; [verified] Boyd Park, 20 Jackson Rd, Nonantum/Newton (City of Newton site)</description><styleUrl>#medium</styleUrl><Point><coordinates>-71.211045,42.337435,0</coordinates></Point></Placemark>
<Placemark><name>MHC recon: Charles River eel weir, Upper Falls</name><description>Newton, MA
Accurate to ±300 m — medium confidence — source-checked
MHC Reconnaissance Survey Town Report: Newton (1981)

Eel weir reported in the Charles River near Newton Upper Falls.; [verified] Near Echo Bridge/Hemlock Gorge falls, Newton Upper Falls (Wikipedia)</description><styleUrl>#medium</styleUrl><Point><coordinates>-71.207000,42.301000,0</coordinates></Point></Placemark>
<Placemark><name>MHC recon: Nonantum-Waban Hill native settlement</name><description>Newton, MA
Accurate to ±700 m — medium confidence — source-checked
MHC Reconnaissance Survey Town Report: Newton (1981)

Native population remained intact through the mid-17th century around Nonantum-Waban Hill.; [verified] Wikipedia Nonantum coords (42.3625,-71.2022) within stated margin</description><styleUrl>#medium</styleUrl><Point><coordinates>-71.203300,42.356500,0</coordinates></Point></Placemark>
<Placemark><name>MHC recon: Watertown Square fish weir</name><description>Newton/Watertown, MA
Accurate to ±200 m — medium confidence — source-checked
MHC Reconnaissance Survey Town Report: Newton (1981)

Fish weir on the Charles River at Watertown Square, on the Newton town line.; [verified] Wikipedia pins Watertown Square 42.3652,-71.1844; weir moved south of square per basis.</description><styleUrl>#medium</styleUrl><Point><coordinates>-71.184000,42.363000,0</coordinates></Point></Placemark>
<Placemark><name>MHC recon: Mt. Hope Street felsite quarry</name><description>North Attleborough, MA
Accurate to ±600 m — medium confidence — source-checked
MHC Reconnaissance Survey Town Report: North Attleborough (1981)

Possible native quarrying in red felsite outcrops along Mt. Hope St between Smith and Fisher Sts; [verified] Mount Hope St confirmed real street, North Attleborough; quarry spot unconfirmed</description><styleUrl>#medium</styleUrl><Point><coordinates>-71.312000,41.951000,0</coordinates></Point></Placemark>
<Placemark><name>MHC recon: Mumford Falls site</name><description>Northbridge, MA
Accurate to ±500 m — medium confidence — source-checked
MHC Reconnaissance Survey Town Report: Northbridge (1984)

Possible native site at Mumford Falls on the Mumford River; [verified] MHC Northbridge report: Mumford Falls = Whitinsville village; matches point</description><styleUrl>#medium</styleUrl><Point><coordinates>-71.663000,42.117000,0</coordinates></Point></Placemark>
<Placemark><name>MHC recon: Four Mile Brook falls fishing site</name><description>Northfield, MA
Accurate to ±600 m — medium confidence — source-checked
MHC Reconnaissance Survey Town Report: Northfield (1982)

Native fishing focal point at falls on Four Mile Brook near its confluence with the Connecticut River; [verified] USGS gauge for brook is ~5km off; not the falls/confluence site, point retained</description><styleUrl>#medium</styleUrl><Point><coordinates>-72.443000,42.668000,0</coordinates></Point></Placemark>
<Placemark><name>Natanis Village &amp; burials (Bennett Meadow)</name><description>Northfield, MA
Accurate to ±600 m — medium confidence — source-checked
MHC Reconnaissance Survey Town Report: Northfield (1982)

Native village of Natanis on bluffs overlooking Bennett Meadow, W side of CT River; nearby undated burials; [verified] Bennett Meadows, Northfield coordinate per xeno-canto/HomeTownLocator</description><styleUrl>#medium</styleUrl><Point><coordinates>-72.474000,42.675000,0</coordinates></Point></Placemark>
<Placemark><name>MHC recon: Simon Hill winter camp</name><description>Norwell, MA
Accurate to ±700 m — medium confidence — source-checked
MHC Reconnaissance Survey Town Report: Norwell (1981)

Possible interior winter site N of Simon Hill on both sides of Bowker St; native vestiges there into 18th c.; [verified] NSRWA: Simon Hill/Bowker St Conservation Area, Norwell (~42.1627,-70.8327)</description><styleUrl>#medium</styleUrl><Point><coordinates>-70.832700,42.162700,0</coordinates></Point></Placemark>
<Placemark><name>MHC recon: Sengekontacket Pond trail</name><description>Oak Bluffs, MA
Accurate to ±900 m — medium confidence — source-checked
MHC Reconnaissance Survey Town Report: Oak Bluffs (1984)

Major Contact-period trail probably ran along coast east around Sengekontacket Pond toward Chappaquiddick.; [verified] Google-sourced Sengekontacket Pond coordinate; ~1.2km N of prior point along shoreline.</description><styleUrl>#medium</styleUrl><Point><coordinates>-70.554754,41.418949,0</coordinates></Point></Placemark>
<Placemark><name>MHC recon: Millers River floodplain near Orange Center ford</name><description>Orange, MA
Accurate to ±700 m — medium confidence
MHC Reconnaissance Survey Town Report: Orange (1982)

Native occupation probably on Millers River lowlands near Orange Center village and fordway.</description><styleUrl>#medium</styleUrl><Point><coordinates>-72.311000,42.583000,0</coordinates></Point></Placemark>
<Placemark><name>MHC recon: Potanumaquit Reservation</name><description>Orleans, MA
Accurate to ±900 m — medium confidence
MHC Reconnaissance Survey Town Report: Orleans (1984)

Reservation land set aside in Potanumaquit (Portanimicut) area, South Orleans, for remaining natives by end of Plantation period.</description><styleUrl>#medium</styleUrl><Point><coordinates>-69.973000,41.732000,0</coordinates></Point></Placemark>
<Placemark><name>MHC recon: Bay Path ford near Fort Hill</name><description>Oxford, MA
Accurate to ±600 m — medium confidence — source-checked
MHC Reconnaissance Survey Town Report: Oxford (1983)

Bay Path regional trail passed near Fort Hill (Sutton Ave/Fort Hill Rd) en route to a French River ford.; [verified] Fort Hill Rd confirmed real street in Oxford (LoopNet); no ford coord found</description><styleUrl>#medium</styleUrl><Point><coordinates>-71.869000,42.109000,0</coordinates></Point></Placemark>
<Placemark><name>MHC recon: North Oxford native settlement</name><description>Oxford, MA
Accurate to ±900 m — medium confidence
MHC Reconnaissance Survey Town Report: Oxford (1983)

Natives (40 families, with Woodstock) still resident in North Oxford; site abandoned during King Philip&#x27;s War.</description><styleUrl>#medium</styleUrl><Point><coordinates>-71.867000,42.150000,0</coordinates></Point></Placemark>
<Placemark><name>MHC recon: Hobomoc Street cremation burial</name><description>Pembroke, MA
Accurate to ±600 m — medium confidence — source-checked
MHC Reconnaissance Survey Town Report: Pembroke (1981)

One cremation burial among eight reported aboriginal sites, located near Hobomoc Street/Pond, Pembroke.; [verified] Hobomock/Hobomok Pond confirmed near North Pembroke; precise coord unavailable</description><styleUrl>#medium</styleUrl><Point><coordinates>-70.818000,42.061000,0</coordinates></Point></Placemark>
<Placemark><name>MHC recon: Billington Sea habitation/planting grounds</name><description>Plymouth, MA
Accurate to ±1000 m — medium confidence — source-checked
MHC Reconnaissance Survey Town Report: Plymouth (1981)

Billington Sea noted among habitation/planting grounds visited by early 17th-century explorers, Plymouth.; [verified] Billington Sea coordinate per Wikipedia infobox; large lake, ~3.2km from old point</description><styleUrl>#medium</styleUrl><Point><coordinates>-70.676700,41.941700,0</coordinates></Point></Placemark>
<Placemark><name>MHC recon: Squantum Neck shell midden cluster</name><description>Quincy, MA
Accurate to ±900 m — medium confidence
MHC Reconnaissance Survey Town Report: Quincy (1981)

Extensive shell middens w/ late Woodland components at 5+ locations on Squantum Neck</description><styleUrl>#medium</styleUrl><Point><coordinates>-71.017500,42.289500,0</coordinates></Point></Placemark>
<Placemark><name>Squantum Neck Contact Period Burials</name><description>Quincy, MA
Accurate to ±750 m — medium confidence — source-checked
MHC Reconnaissance Survey Town Report: Quincy (1981)

3 contact-period burials w/ European trade artifacts found on Squantum Neck, exposed by erosion/construction; [verified] Wikipedia: Squantum Point Park at neck&#x27;s tip (42.300,-71.039) confirms peninsula location.</description><styleUrl>#medium</styleUrl><Point><coordinates>-71.019000,42.291000,0</coordinates></Point></Placemark>
<Placemark><name>MHC recon: Snipatuit Brook/North Ave site</name><description>Rochester, MA
Accurate to ±600 m — medium confidence — source-checked
MHC Reconnaissance Survey Town Report: Rochester (1981)

Small native site w/ Woodland component south of Snipatuit Brook and North Avenue junction; [verified] Snipatuit Pond (Wikipedia 41.7767,-70.8633) + North Ave listing (~41.7823,-70.8837) fix brook/road area</description><styleUrl>#medium</styleUrl><Point><coordinates>-70.868000,41.779000,0</coordinates></Point></Placemark>
<Placemark><name>MHC recon: Towsers Neck settlement</name><description>Rochester, MA
Accurate to ±800 m — medium confidence — source-checked
MHC Reconnaissance Survey Town Report: Rochester (1981)

Native settlement at Towsers Neck reported to have continued into the early 19th century; [verified] Haskell Swamp WMA page confirms Towsers Neck ridge; access via 200 Dexter Ln (41.7249,-70.8151)</description><styleUrl>#medium</styleUrl><Point><coordinates>-70.823000,41.723500,0</coordinates></Point></Placemark>
<Placemark><name>MHC recon: Beal Cemetery/Liberty-Market St site</name><description>Rockland, MA
Accurate to ±600 m — medium confidence — source-checked
MHC Reconnaissance Survey Town Report: Rockland (1981)

Two unidentified native sites reported adjacent to Beal Cemetery and Liberty/Market St junction; [verified] Find a Grave Beal Cemetery coord ~520m away, within margin</description><styleUrl>#medium</styleUrl><Point><coordinates>-70.905000,42.132000,0</coordinates></Point></Placemark>
<Placemark><name>MHC recon: Rockland center unidentified sites</name><description>Rockland, MA
Accurate to ±400 m — medium confidence — source-checked
MHC Reconnaissance Survey Town Report: Rockland (1981)

Two unidentified native sites discovered in the present center of Rockland; [verified] Wikipedia Rockland, MA coordinates (42.1306,-70.9167) match existing within margin.</description><styleUrl>#medium</styleUrl><Point><coordinates>-70.916100,42.130600,0</coordinates></Point></Placemark>
<Placemark><name>MHC recon: Salmon Falls native burials</name><description>Russell, MA
Accurate to ±800 m — medium confidence
MHC Reconnaissance Survey Town Report: Russell (1982)

Report: four unidentified native burials discovered along west branch of Westfield River near Salmon Falls</description><styleUrl>#medium</styleUrl><Point><coordinates>-72.838000,42.123000,0</coordinates></Point></Placemark>
<Placemark><name>MHC recon: Woronoco Park burial site</name><description>Russell, MA
Accurate to ±600 m — medium confidence — source-checked
MHC Reconnaissance Survey Town Report: Russell (1982)

Report: unidentified burial and artifacts exposed at Woronoco Park near Bunn&#x27;s Pond and Little River; [verified] Wikipedia confirms Woronoco village in E Russell on Westfield River, no coord given</description><styleUrl>#medium</styleUrl><Point><coordinates>-72.828000,42.133000,0</coordinates></Point></Placemark>
<Placemark><name>MHC recon: Scusset settlement</name><description>Sandwich, MA
Accurate to ±600 m — medium confidence — source-checked
MHC Reconnaissance Survey Town Report: Sandwich (1984)

Report: lists &quot;Scusset (Scusset Beach area)&quot; among Wampanoag Contact period settlements; [verified] Wikipedia gives Scusset Beach State Reservation at 41.7812,-70.5036; old point ~1.8km off</description><styleUrl>#medium</styleUrl><Point><coordinates>-70.503639,41.781217,0</coordinates></Point></Placemark>
<Placemark><name>MHC recon: Neal Gate Street/Country Way site</name><description>Scituate, MA
Accurate to ±1500 m — medium confidence — source-checked
MHC Reconnaissance Survey Town Report: Scituate (1981)

Report: archaeological site with late Woodland component at the junction of Neal Gate Street and Country Way; [verified] No source pinpoints this junction; only unrelated real-estate listings for Neal Gate St found.</description><styleUrl>#medium</styleUrl><Point><coordinates>-70.755000,42.205000,0</coordinates></Point></Placemark>
<Placemark><name>MHC recon: site west of Mushquashcut Pond</name><description>Scituate, MA
Accurate to ±500 m — medium confidence — source-checked
MHC Reconnaissance Survey Town Report: Scituate (1981)

Report: second native Contact period site &quot;located immediately west of Mushquashcut Pond&quot; (Deane, 1831); [verified] Two geocoders place Musquashcut Pond at 42.2277,-70.7581 (N.Scituate); moved point to its west.</description><styleUrl>#medium</styleUrl><Point><coordinates>-70.763000,42.227700,0</coordinates></Point></Placemark>
<Placemark><name>MHC recon: Massapoag Pond fishing site</name><description>Sharon, MA
Accurate to ±600 m — medium confidence — source-checked
MHC Reconnaissance Survey Town Report: Sharon (1979)

Report cites Massapoag outlet as seasonal fishing/alewife spawning site tied to winter refuge settlement.; [verified] Lake Massapoag coordinates per Wikipedia</description><styleUrl>#medium</styleUrl><Point><coordinates>-71.176940,42.101110,0</coordinates></Point></Placemark>
<Placemark><name>Ploughed Hill (Convent Hill) planting field</name><description>Somerville, MA
Accurate to ±200 m — medium confidence — source-checked
MHC Reconnaissance Survey Town Report: Somerville (1980)

Report: Ploughed Hill, now Convent Hill in East Somerville, was probably a native planting field.; [verified] HMDB &#x27;Ploughed Hill&#x27; marker, Broadway/Illinois Ave, East Somerville</description><styleUrl>#medium</styleUrl><Point><coordinates>-71.083350,42.387783,0</coordinates></Point></Placemark>
<Placemark><name>MHC recon: Congamond Lakes site cluster</name><description>Southwick, MA
Accurate to ±1200 m — medium confidence
MHC Reconnaissance Survey Town Report: Southwick (1982)

Native settlement probably focused around Congamond Lakes; substantial cultural material recovered from vicinity over years</description><styleUrl>#medium</styleUrl><Point><coordinates>-72.760000,42.055000,0</coordinates></Point></Placemark>
<Placemark><name>Vincentian Fathers village site and burial ground</name><description>Springfield, MA
Accurate to ±1500 m — medium confidence — source-checked
MHC Reconnaissance Survey Town Report: Springfield (1982)

Contact-period village on a bluff over the Connecticut R.; associated burial ground (13 flexed burials) excavated 1895/1897; [verified] WebSearch exhausted before this row could be researched; landmark unconfirmed.</description><styleUrl>#medium</styleUrl><Point><coordinates>-72.570000,42.083000,0</coordinates></Point></Placemark>
<Placemark><name>MHC recon: artifact finds, north end of Boons Pond</name><description>Stow, MA
Accurate to ±600 m — medium confidence — source-checked
MHC Reconnaissance Survey Town Report: Stow (1980)

Artifacts reported from the north end of Boons Pond; [verified] Corrected via Wikipedia Lake Boon (Boons Pond) description; existing lon was ~2km off real lake.</description><styleUrl>#medium</styleUrl><Point><coordinates>-71.505000,42.408000,0</coordinates></Point></Placemark>
<Placemark><name>MHC recon: Black Will&#x27;s Cliff wigwam settlement (1629)</name><description>Swampscott, MA
Accurate to ±300 m — medium confidence — source-checked
MHC Reconnaissance Survey Town Report: Swampscott (1985)

Thompson (1885) reports settler Ingalls found wigwams extending from Black Will&#x27;s Cliff along the entire north shore in 1629.; [verified] Corrected via OSM/Mapcarta coordinates for Black Wills Cliff itself; existing point was ~1.5km off.</description><styleUrl>#medium</styleUrl><Point><coordinates>-70.916990,42.467600,0</coordinates></Point></Placemark>
<Placemark><name>Nobnocket (West Chop / Holmes Hole Neck)</name><description>Tisbury, MA
Accurate to ±700 m — medium confidence — source-checked
MHC Reconnaissance Survey Town Report: Tisbury (1984)

Tribal/village area Nobnocket on the neck east of Vineyard Haven Harbor (West Chop); Holmes Hole Neck sold by natives to whites in 1663-64.; [verified] Corrected via Wikipedia West Chop coordinates (41.480,-70.6028), the named landmark on this neck.</description><styleUrl>#medium</styleUrl><Point><coordinates>-70.602780,41.480000,0</coordinates></Point></Placemark>
<Placemark><name>MHC recon: Lake Quannapowitt planting fields</name><description>Wakefield, MA
Accurate to ±900 m — medium confidence
MHC Reconnaissance Survey Town Report: Wakefield (1980)

Report: documentary sources indicate native settlement and planting fields on south shore of Lake Quannapowitt. WebSearch quota exhausted; geocoded from geographic knowledge, error margin widened.</description><styleUrl>#medium</styleUrl><Point><coordinates>-71.078000,42.503000,0</coordinates></Point></Placemark>
<Placemark><name>MHC recon: Lake George native site and burial ground</name><description>Wales, MA
Accurate to ±700 m — medium confidence — source-checked
MHC Reconnaissance Survey Town Report: Wales (1982)

Report: native settlement focus at Lake George; town&#x27;s first burial ground on N edge of lake may reuse Contact-period burial site. WebSearch quota exhausted; geocoded from geographic knowledge, error margin widened.; [verified] Lake-Link: Lake George at 42.058</description><styleUrl>#medium</styleUrl><Point><coordinates>-72.222880,42.058400,0</coordinates></Point></Placemark>
<Placemark><name>Neponset (Punkapoag) Reservation at Bird Pond</name><description>Walpole, MA
Accurate to ±900 m — medium confidence — source-checked
MHC Reconnaissance Survey Town Report: Walpole (1980)

Report: reservation for Neponset/Punkapoag natives briefly established 1685 along Bird Pond section of Neponset River to Washington St. WebSearch quota exhausted; geocoded from geographic knowledge, error margin widened.; [verified] Mapcarta: Bird Pond Dam 42.</description><styleUrl>#medium</styleUrl><Point><coordinates>-71.217830,42.163430,0</coordinates></Point></Placemark>
<Placemark><name>MHC recon: &quot;Indian Hollow&quot; (Calvary Cemetery)</name><description>Waltham, MA
Accurate to ±500 m — medium confidence — source-checked
MHC Reconnaissance Survey Town Report: Waltham (1980)

Report: reputed &quot;Indian Hollow&quot; south of the Charles River in Calvary Cemetery. WebSearch quota exhausted; geocoded from geographic knowledge, error margin widened.; [verified] FindAGrave: Calvary Cemetery 42.36467,-71.22683 (~1.5km from existing); corrected.</description><styleUrl>#medium</styleUrl><Point><coordinates>-71.226830,42.364670,0</coordinates></Point></Placemark>
<Placemark><name>MHC recon: Richards Ledges encampment (Quabbin Reservoir)</name><description>Ware, MA
Accurate to ±2000 m — medium confidence
MHC Reconnaissance Survey Town Report: Ware (1982)

Late Archaic upland encampment at &#x27;Richards Ledges&#x27;, Quabbin&#x27;s E shore; WebSearch exhausted, wide margin</description><styleUrl>#medium</styleUrl><Point><coordinates>-72.315000,42.310000,0</coordinates></Point></Placemark>
<Placemark><name>MHC recon: Perkins Institute bluffs site</name><description>Watertown, MA
Accurate to ±400 m — medium confidence — source-checked
MHC Reconnaissance Survey Town Report: Watertown (1980)

Documented period sites on bluffs on N side of Charles River around Perkins Institute; [verified] Wikipedia Perkins School for the Blind (42.3620,-71.1755) consistent with siting near Perkins.</description><styleUrl>#medium</styleUrl><Point><coordinates>-71.173900,42.365400,0</coordinates></Point></Placemark>
<Placemark><name>MHC recon: Watertown Square fish weir</name><description>Watertown, MA
Accurate to ±200 m — medium confidence — source-checked
MHC Reconnaissance Survey Town Report: Watertown (1980)

Documented Native fish weir just south of Watertown Square on the Charles River; [verified] Wikipedia pins Watertown Square 42.3652,-71.1844; weir moved south of square per basis.</description><styleUrl>#medium</styleUrl><Point><coordinates>-71.184000,42.363000,0</coordinates></Point></Placemark>
<Placemark><name>Wickaboag (Wekabaug) village site</name><description>West Brookfield, MA
Accurate to ±600 m — medium confidence — source-checked
MHC Reconnaissance Survey Town Report: West Brookfield (1984)

Report: reputed major native village at south end of Wickaboag Pond, between pond and river; base for Quaboag group fishing. (WebSearch quota exhausted; geocoded from geographic knowledge, margin widened); [verified] Lake Wickaboag ctr 42.2425,-72.1553 (lakewi</description><styleUrl>#medium</styleUrl><Point><coordinates>-72.155000,42.236000,0</coordinates></Point></Placemark>
<Placemark><name>MHC recon: Artichoke River mouth site</name><description>West Newbury, MA
Accurate to ±400 m — medium confidence — source-checked
MHC Reconnaissance Survey Town Report: West Newbury (1985)

Report: mouth of the Artichoke River at the Merrimack noted as area of likely native activity. (WebSearch quota exhausted; geocoded from geographic knowledge, margin widened); [verified] Wikipedia Artichoke River gives mouth coord 42.82000N 70.93861W at Merrim</description><styleUrl>#medium</styleUrl><Point><coordinates>-70.938610,42.820000,0</coordinates></Point></Placemark>
<Placemark><name>MHC recon: Indian River mouth site</name><description>West Newbury, MA
Accurate to ±800 m — medium confidence
MHC Reconnaissance Survey Town Report: West Newbury (1985)

Report: mouth of the Indian River at the Merrimack may have been a good site location for habitation/village. (WebSearch quota exhausted; geocoded from geographic knowledge, margin widened)</description><styleUrl>#medium</styleUrl><Point><coordinates>-70.960000,42.812000,0</coordinates></Point></Placemark>
<Placemark><name>MHC recon: Cat Rock Hill trail (Mohawk Trail branch)</name><description>Weston, MA
Accurate to ±400 m — medium confidence — source-checked
MHC Reconnaissance Survey Town Report: Weston (1980)

Report: Mohawk Trail branch followed Stony Brook/North Ave (Rt 117) around Cat Rock Hill; known Weston landmark; [verified] Mapcarta/topo gives Cat Rock Hill at 42.3876,-71.28367, Weston; ~2km from prior point</description><styleUrl>#medium</styleUrl><Point><coordinates>-71.283670,42.387600,0</coordinates></Point></Placemark>
<Placemark><name>Gooseberry Neck (Gosnold-native contact site)</name><description>Westport, MA
Accurate to ±500 m — medium confidence — source-checked
MHC Reconnaissance Survey Town Report: Westport (1981)

Report: Gosnold reputedly landed at Gooseberry Neck to visit local natives, 1602 (Hurd 1883); [verified] Topozone gives Gooseberry Neck at 41.48634,-71.03749, Westport; ~700m from prior point</description><styleUrl>#medium</styleUrl><Point><coordinates>-71.037490,41.486340,0</coordinates></Point></Placemark>
<Placemark><name>MHC recon: native site north of Westport Point</name><description>Westport, MA
Accurate to ±800 m — medium confidence — source-checked
MHC Reconnaissance Survey Town Report: Westport (1981)

Report: unidentified native site discovered a short distance north of Westport Point; [verified] Westport Point district at 41.5233,-71.0747 (wiki); prior point was south of it, contra basis</description><styleUrl>#medium</styleUrl><Point><coordinates>-71.075000,41.530000,0</coordinates></Point></Placemark>
<Placemark><name>MHC recon: native site, East Branch mouth</name><description>Westport, MA
Accurate to ±800 m — medium confidence — source-checked
MHC Reconnaissance Survey Town Report: Westport (1981)

Report: unidentified native site on east bank of East Branch at the river&#x27;s mouth; [verified] Placed at East/West Branch confluence near Westport Point (41.5233,-71.0747), east bank</description><styleUrl>#medium</styleUrl><Point><coordinates>-71.072000,41.523000,0</coordinates></Point></Placemark>
<Placemark><name>MHC recon: Buckmaster Pond native occupation site</name><description>Westwood, MA
Accurate to ±400 m — medium confidence — source-checked
MHC Reconnaissance Survey Town Report: Westwood (1980)

Report: area around Buckmaster Pond noted for aboriginal occupation, probable period sites (Feuerty 1972); [verified] Wikipedia Buckmaster Pond coord 42.20833,-71.23139, Westwood; ~2.2km from prior point</description><styleUrl>#medium</styleUrl><Point><coordinates>-71.231390,42.208330,0</coordinates></Point></Placemark>
<Placemark><name>Indian Hill (reputed Pocumtuck village/stronghold)</name><description>Whatley, MA
Accurate to ±700 m — medium confidence — source-checked
MHC Reconnaissance Survey Town Report: Whatley (1982)

Report: Indian Hill, NE of Whately Glen, reputedly site of a 17th-c. Pocumtuck village and native stronghold; [verified] Whately Gazetteer: Indian Hill = Whately Glen/S.Deerfield Reservoir area (GNIS-derived topo coords).</description><styleUrl>#medium</styleUrl><Point><coordinates>-72.650645,42.464532,0</coordinates></Point></Placemark>
<Placemark><name>MHC recon: native site, Long Plain/Straits Roads junction</name><description>Whatley, MA
Accurate to ±300 m — medium confidence — source-checked
MHC Reconnaissance Survey Town Report: Whatley (1982)

Report: a native site reputedly lay on floodplain periphery south of Long Plain/Straits Roads intersection; [verified] US Census geocoder pinpointed actual Long Plain Rd/Straits Rd intersection in Whately.</description><styleUrl>#medium</styleUrl><Point><coordinates>-72.611193,42.417549,0</coordinates></Point></Placemark>
<Placemark><name>MHC recon: Satucket Path trail (Washington Street)</name><description>Whitman, MA
Accurate to ±400 m — medium confidence — source-checked
MHC Reconnaissance Survey Town Report: Whitman (1981)

Report: Satucket Path, a major native trail, passed through the center of Whitman along Washington Street; [verified] MHC survey (sec.state.ma.us) confirms text; geocoded to Washington St near Whitman town center.</description><styleUrl>#medium</styleUrl><Point><coordinates>-70.937621,42.081333,0</coordinates></Point></Placemark>
<Placemark><name>Wigwam Hill (native habitation site)</name><description>Wilbraham, MA
Accurate to ±500 m — medium confidence — source-checked
MHC Reconnaissance Survey Town Report: Wilbraham (1982)

Report: only known native period settlement was a single habitation on Wigwam Hill; exact hill unverified; [verified] hometownlocator.com (GNIS-derived) gives named Wigwam Hill summit coords in Wilbraham.</description><styleUrl>#medium</styleUrl><Point><coordinates>-72.412177,42.107103,0</coordinates></Point></Placemark>
<Placemark><name>MHC recon: Aberjona River ford near Winchester center</name><description>Winchester, MA
Accurate to ±700 m — medium confidence
MHC Reconnaissance Survey Town Report: Winchester (1981)

Report: Native ford site across Aberjona River near Winchester center on primary N/S trail; geocoded to town center, WebSearch exhausted</description><styleUrl>#medium</styleUrl><Point><coordinates>-71.137000,42.452600,0</coordinates></Point></Placemark>
<Placemark><name>MHC recon: Mystic Lakes narrows fishing sites</name><description>Winchester, MA
Accurate to ±900 m — medium confidence
MHC Reconnaissance Survey Town Report: Winchester (1981)

Report: important multi-component fishing sites along narrows of Mystic Lake on both shores; memory-based geocode, WebSearch exhausted</description><styleUrl>#medium</styleUrl><Point><coordinates>-71.148000,42.424000,0</coordinates></Point></Placemark>
<Placemark><name>Squaw Sachem Reservation (west shore, Upper Mystic Lake)</name><description>Winchester, MA
Accurate to ±700 m — medium confidence — source-checked
MHC Reconnaissance Survey Town Report: Winchester (1981)

Report: land set aside for Squaw Sachem &amp; tribe 1638-39, likely earliest MA reservation, W shore Upper Mystic Lake; memory geocode, margin widened; [verified] Winchester Cultural Council: Squaw Sachem&#x27;s residence near Winchester Country Club, west shore of lak</description><styleUrl>#medium</styleUrl><Point><coordinates>-71.135413,42.440271,0</coordinates></Point></Placemark>
<Placemark><name>MHC recon: Pauline Street burial site</name><description>Winthrop, MA
Accurate to ±650 m — medium confidence — source-checked
MHC Reconnaissance Survey Town Report: Winthrop (1981)

Report: additional period burials uncovered further south near Pauline St; geocoded from geographic memory, WebSearch quota exhausted; [verified] ~590m from 154 Pauline St (Redfin geocode), inside stated margin</description><styleUrl>#medium</styleUrl><Point><coordinates>-70.991000,42.370000,0</coordinates></Point></Placemark>
<Placemark><name>MHC recon: Tatnuck gathering-place village</name><description>Worcester, MA
Accurate to ±1200 m — medium confidence
MHC Reconnaissance Survey Town Report: Worcester (1984)

Report: conjectured village at Tatnuck operated as a gathering place per subsistence pattern section; memory-based geocode, margin widened</description><styleUrl>#medium</styleUrl><Point><coordinates>-71.850000,42.259000,0</coordinates></Point></Placemark>
<Placemark><name>MHC recon: Bradley Falls site (Little River)</name><description>Worthington, MA
Accurate to ±200 m — medium confidence — source-checked
MHC Reconnaissance Survey Town Report: Worthington (1982)

Report: Bradley Falls on Little River probable fish-run location; geocoded from geographic memory only, WebSearch quota exhausted; [verified] newenglandwaterfalls.com gives exact GPS for Bradley Falls, S. Worthington; ~8km from prior estimate.</description><styleUrl>#medium</styleUrl><Point><coordinates>-72.888987,42.342959,0</coordinates></Point></Placemark>
<Placemark><name>MHC recon: Indian oven at Ringville</name><description>Worthington, MA
Accurate to ±700 m — medium confidence — source-checked
MHC Reconnaissance Survey Town Report: Worthington (1982)

Report: native sites reported on Middle Branch Westfield River and Indian oven at Ringville; memory geocode, margin widened; [verified] Wikipedia Ringville Cemetery coords used as hamlet-center proxy; ~3.3km from prior estimate.</description><styleUrl>#medium</styleUrl><Point><coordinates>-72.915560,42.370280,0</coordinates></Point></Placemark>
<Placemark><name>MHC recon: West Worthington Falls site</name><description>Worthington, MA
Accurate to ±1000 m — medium confidence
MHC Reconnaissance Survey Town Report: Worthington (1982)

Report: West Worthington Falls likely location for annual fish runs, Middle Branch Westfield River; memory geocode, WebSearch exhausted</description><styleUrl>#medium</styleUrl><Point><coordinates>-72.958000,42.410000,0</coordinates></Point></Placemark>
<Placemark><name>MHC recon: Lake Archer/Lake Pearl trail junction</name><description>Wrentham, MA
Accurate to ±1300 m — medium confidence
MHC Reconnaissance Survey Town Report: Wrentham (1980)

Report: important junction of regional trails around Lakes Archer &amp; Pearl, noted explicitly as a native site; memory geocode, WebSearch exhausted</description><styleUrl>#medium</styleUrl><Point><coordinates>-71.340000,42.061000,0</coordinates></Point></Placemark>
<Placemark><name>MHC recon: Lake Pearl outlet occupation site</name><description>Wrentham, MA
Accurate to ±700 m — medium confidence — source-checked
MHC Reconnaissance Survey Town Report: Wrentham (1980)

Report: one site with documented period occupation at Lake Pearl outlet; geocoded from geographic memory, WebSearch quota exhausted; [verified] Mass.gov states Lake Pearl coords directly; exact outlet point not separately confirmed.</description><styleUrl>#medium</styleUrl><Point><coordinates>-71.354833,42.069360,0</coordinates></Point></Placemark>
<Placemark><name>MHC recon: Bass River site concentration</name><description>Yarmouth, MA
Accurate to ±1500 m — medium confidence
MHC Reconnaissance Survey Town Report: Yarmouth (1984)

Report: known Late Woodland/Contact-period Native sites concentrated along Bass River; memory-based geocode, WebSearch quota exhausted</description><styleUrl>#medium</styleUrl><Point><coordinates>-70.185000,41.685000,0</coordinates></Point></Placemark>
<Placemark><name>MHC recon: Mattacheese (Matakees) settlement</name><description>Yarmouth, MA
Accurate to ±1000 m — medium confidence
MHC Reconnaissance Survey Town Report: Yarmouth (1984)

Report: Native settlement/praying congregation at Mattacheese in N part of town; 70 Praying Indians reported 1674; memory geocode</description><styleUrl>#medium</styleUrl><Point><coordinates>-70.229000,41.706000,0</coordinates></Point></Placemark>
<Placemark><name>South Yarmouth Native Reservation (Indian Town)</name><description>Yarmouth, MA
Accurate to ±900 m — medium confidence
MHC Reconnaissance Survey Town Report: Yarmouth (1984)

Report: Native reservation created in South Yarmouth, later known as Indian Town; geocoded from memory, WebSearch quota exhausted</description><styleUrl>#medium</styleUrl><Point><coordinates>-70.204000,41.652000,0</coordinates></Point></Placemark>
</Folder>
<Folder><name>MHC town reports — weak (767)</name>
<Placemark><name>MHC recon: Nash Memorial Road native claypits</name><description>Abington, MA
Accurate to ±1500 m — weak confidence — source-checked
MHC Reconnaissance Survey Town Report: Abington (1981)

Report: native claypits reputedly present near John Henry Benner&#x27;s pottery kiln at the end of Nash Memorial Road; placed at the west end of that street.; [verified] Nash Memorial Rd exists in Abington but exact claypit/kiln site was not confirmed by any source found.</description><styleUrl>#weak</styleUrl><Point><coordinates>-70.948000,42.101500,0</coordinates></Point></Placemark>
<Placemark><name>MHC recon: Satucket Path ford, Shumatuscacant River at Adams Street</name><description>Abington, MA
Accurate to ±1800 m — weak confidence — source-checked
MHC Reconnaissance Survey Town Report: Abington (1981)

Report: native fording site (part of Satucket Path) immediately N of the Shumatuscacant River-Adams St junction at North Abington; placed on the river N of Island Grove.; [verified] MHC 1981 report confirms wording; no independent source pinned the Adams St/river junction coords.</description><styleUrl>#weak</styleUrl><Point><coordinates>-70.941000,42.122000,0</coordinates></Point></Placemark>
<Placemark><name>MHC recon: Shumatuscacant River bank site cluster</name><description>Abington, MA
Accurate to ±600 m — weak confidence — source-checked
MHC Reconnaissance Survey Town Report: Abington (1981)

Report: banks of the Shumatuscacant River listed as areas possibly used by the Contact period native population; placed mid-reach at Island Grove.; [verified] Island Grove Pond (on this river) is at 42.1111,-70.9400 per Natural Atlas; existing point ~200m off.</description><styleUrl>#weak</styleUrl><Point><coordinates>-70.938000,42.112000,0</coordinates></Point></Placemark>
<Placemark><name>MHC recon: Fort Pond Brook site cluster</name><description>Acton, MA
Accurate to ±700 m — weak confidence — source-checked
MHC Reconnaissance Survey Town Report: Acton (1980)

Report: unspecified native sites on Fort Pond Brook; placed on the South Acton reach of the brook.; [verified] USGS &#x27;Fort Pond Brook at River Rd near South Acton&#x27; gauge is at 42.4594,-71.4428, ~300m from point.</description><styleUrl>#weak</styleUrl><Point><coordinates>-71.444000,42.462000,0</coordinates></Point></Placemark>
<Placemark><name>MHC recon: Nashoba Brook site cluster</name><description>Acton, MA
Accurate to ±1700 m — weak confidence — source-checked
MHC Reconnaissance Survey Town Report: Acton (1980)

Report: unspecified native sites on Nashoba Brook; placed on the lower Acton reach of the brook above its Fort Pond Brook confluence.; [verified] Only a USGS gauge ~4km upstream was found; the brook&#x27;s confluence with Fort Pond Brook is unconfirmed.</description><styleUrl>#weak</styleUrl><Point><coordinates>-71.408000,42.478000,0</coordinates></Point></Placemark>
<Placemark><name>MHC recon: Nagog Pond shore site locations</name><description>Acton/Littleton, MA
Accurate to ±1200 m — weak confidence — source-checked
MHC Reconnaissance Survey Town Report: Acton (1980)

Report: likely site locations include terraces and knolls overlooking Nagog Pond, a spawning area; placed at the pond, which straddles the Acton-Littleton line.; [verified] Lake database (Lake-Link) gives Nagog Pond at 42.51505,-71.44037; original point was ~2.7km off.</description><styleUrl>#weak</styleUrl><Point><coordinates>-71.440370,42.515050,0</coordinates></Point></Placemark>
<Placemark><name>MHC recon: Acushnet Christian Indian village (c.1698)</name><description>Acushnet, MA
Accurate to ±1500 m — weak confidence — source-checked
MHC Reconnaissance Survey Town Report: Acushnet (1981)

Report: Acushnet held one of four small &#x27;Christian&#x27; native villages in Old Dartmouth c.1698, with 14 Christian native families; placed at Acushnet village.; [verified] Wikipedia Acushnet town-center coords 41.68056,-70.90833, ~615m away; within generous margin.</description><styleUrl>#weak</styleUrl><Point><coordinates>-70.907000,41.686000,0</coordinates></Point></Placemark>
<Placemark><name>MHC recon: Acushnet River native burials</name><description>Acushnet, MA
Accurate to ±1500 m — weak confidence — source-checked
MHC Reconnaissance Survey Town Report: Acushnet (1981)

Report: local histories report a number of native burials on both sides of the Acushnet River; placed on the river above Head of the River.; [verified] Placed ~1.2km upstream (N) of the confirmed Main St bridge ford, consistent with &#x27;above Head of the River.&#x27;</description><styleUrl>#weak</styleUrl><Point><coordinates>-70.910000,41.690000,0</coordinates></Point></Placemark>
<Placemark><name>MHC recon: Long Plain artifact locus</name><description>Acushnet, MA
Accurate to ±300 m — weak confidence — source-checked
MHC Reconnaissance Survey Town Report: Acushnet (1981)

Report: unidentified native artifacts recovered from Acushnet village, Long Plain and the interior woodlands; placed at Long Plain village on Main St.; [verified] Long Plain School, 1203 Main St, Acushnet: Wikipedia coords 41.73805,-70.89656, ~6m match.</description><styleUrl>#weak</styleUrl><Point><coordinates>-70.896500,41.738000,0</coordinates></Point></Placemark>
<Placemark><name>MHC recon: interior Agawam site cluster west and south of the river junction</name><description>Agawam, MA
Accurate to ±2000 m — weak confidence — source-checked
MHC Reconnaissance Survey Town Report: Agawam (1982)

Report: several unidentified and Woodland period native sites located a short distance W of the Connecticut and S of the Westfield rivers; placed in interior north-central Agawam.; [verified] No specific landmark named (&#x27;interior,&#x27; unidentified sites); nothing findable to confirm</description><styleUrl>#weak</styleUrl><Point><coordinates>-72.625000,42.078000,0</coordinates></Point></Placemark>
<Placemark><name>MHC recon: Mittineague Falls native fishing station</name><description>Agawam/West Springfield, MA
Accurate to ±1500 m — weak confidence — source-checked
MHC Reconnaissance Survey Town Report: Agawam (1982)

Report: Mittineague (Agawam) Falls reputed major native fishing site; English noted natives setting fish traps there c.1635; placed on the Westfield River at Mittineague.; [verified] Mittineague village confirmed on the Westfield River in West Springfield, but exact falls site no</description><styleUrl>#weak</styleUrl><Point><coordinates>-72.645000,42.104500,0</coordinates></Point></Placemark>
<Placemark><name>MHC recon: Merrimack River north bank site locations</name><description>Amesbury, MA
Accurate to ±2500 m — weak confidence — source-checked
MHC Reconnaissance Survey Town Report: Amesbury (1985)

Report: numerous locations along the Merrimack River were likely site locations, with trails on the north bank; no sites yet located; placed mid-river-frontage in Amesbury.; [verified] Generic &#x27;numerous locations&#x27; along river frontage, no named landmark; could not confirm a point</description><styleUrl>#weak</styleUrl><Point><coordinates>-70.950000,42.845000,0</coordinates></Point></Placemark>
<Placemark><name>MHC recon: Powwow River corridor site locations</name><description>Amesbury, MA
Accurate to ±900 m — weak confidence — source-checked
MHC Reconnaissance Survey Town Report: Amesbury (1985)

Report: Merrimack tributaries and inland wetlands listed as likely habitation, fishing, midden and burial locations; the Powwow is the main tributary, placed at Lake Gardner.; [verified] Lake Gardner (on the Powwow R.) at 42.8615,-70.9433 per aviation chart; existing point ~700m </description><styleUrl>#weak</styleUrl><Point><coordinates>-70.943000,42.855000,0</coordinates></Point></Placemark>
<Placemark><name>MHC recon: Bay Road trail along the base of the Holyoke Range</name><description>Amherst, MA
Accurate to ±2500 m — weak confidence — source-checked
MHC Reconnaissance Survey Town Report: Amherst (1982)

Report: east-west trail documented as Bay Road along the base of Mount Holyoke (Sylvester 1879); placed mid-route on Bay Road in South Amherst.; [verified] Confirmed via Mt Norwottuck (42.306,-72.510) &amp; S Amherst Common (42.341,-72.505), Wikipedia.</description><styleUrl>#weak</styleUrl><Point><coordinates>-72.515000,42.323000,0</coordinates></Point></Placemark>
<Placemark><name>MHC recon: East Village-Lawrence Swamp horticultural lowlands</name><description>Amherst, MA
Accurate to ±1800 m — weak confidence — source-checked
MHC Reconnaissance Survey Town Report: Amherst (1982)

Report: lowlands between East Village and Lawrence Swamp cited as agricultural land suitable for native horticulture; placed midway between the two.; [verified] East Village (42.3767,-72.5011,Wikipedia) &amp; Lawrence Swamp (42.3325,-72.4836,Pacer) midpt ~750m off.</description><styleUrl>#weak</styleUrl><Point><coordinates>-72.487000,42.360000,0</coordinates></Point></Placemark>
<Placemark><name>MHC recon: Mill Valley sites on the Fort River</name><description>Amherst, MA
Accurate to ±1500 m — weak confidence — source-checked
MHC Reconnaissance Survey Town Report: Amherst (1982)

Report: two undated native sites present near Mill Valley along the Fort River; placed at Mill Valley, South Amherst.; [verified] Mill Valley Gristmill referenced in archives but no coordinates found; Fort River source coords are elsewhere.</description><styleUrl>#weak</styleUrl><Point><coordinates>-72.527000,42.346000,0</coordinates></Point></Placemark>
<Placemark><name>MHC recon: North Amherst Mill River site</name><description>Amherst, MA
Accurate to ±1500 m — weak confidence — source-checked
MHC Reconnaissance Survey Town Report: Amherst (1982)

Report: one native site with probable Early/Middle Woodland components located in North Amherst adjacent to the Mill River; placed on the Mill River at North Amherst.; [verified] Mill River in North Amherst confirmed to exist; exact Early/Middle Woodland site location not found.</description><styleUrl>#weak</styleUrl><Point><coordinates>-72.522000,42.407000,0</coordinates></Point></Placemark>
<Placemark><name>MHC recon: Haggetts Pond area and trail</name><description>Andover, MA
Accurate to ±500 m — weak confidence — source-checked
MHC Reconnaissance Survey Town Report: Andover (1985)

Report: a trail along Haggett&#x27;s Pond Road or High Plains Road probably linked the Haggett Pond area with the Merrimack; pond peripheries cited as likely site locations.; [verified] Wikipedia gives Haggetts Pond at 42.648556,-71.199659 - exact match to queue coordinates.</description><styleUrl>#weak</styleUrl><Point><coordinates>-71.199659,42.648556,0</coordinates></Point></Placemark>
<Placemark><name>MHC recon: Skug River corridor</name><description>Andover, MA
Accurate to ±1500 m — weak confidence — source-checked
MHC Reconnaissance Survey Town Report: Andover (1985)

Report: native transportation emphasized water travel along the Merrimack, Shawsheen and Skug rivers; placed on the Andover reach of the Skug River near Harold Parker.; [verified] Wikipedia: Skug R. source at Harold Parker(42.635,-71.098), mouth(42.599,-71.124); midpt ~340m off.</description><styleUrl>#weak</styleUrl><Point><coordinates>-71.110000,42.620000,0</coordinates></Point></Placemark>
<Placemark><name>MHC recon: Menemsha Pond shore site locations</name><description>Aquinnah, MA
Accurate to ±1500 m — weak confidence — source-checked
MHC Reconnaissance Survey Town Report: Aquinnah (1984)

Report: Late Woodland sites and artifacts with Gay Head provenience show preference for necks, coves and coastal ponds, including the Menemsha Pond area; placed on the Aquinnah shore.; [verified] Wikipedia Menemsha Pond center 41.33889,-70.77361 is ~1.2km off; widened margin, poi</description><styleUrl>#weak</styleUrl><Point><coordinates>-70.766000,41.348000,0</coordinates></Point></Placemark>
<Placemark><name>MHC recon: Menotomy (Arlington Plain) native settlement core</name><description>Arlington, MA
Accurate to ±2000 m — weak confidence — source-checked
MHC Reconnaissance Survey Town Report: Arlington (1980)

Report: Arlington Plain (Mystic River-Alewife Brook-Spy Pond), known as Menotomy, an extremely concentrated area of native occupation with large villages and fishing stations.; [verified] Wikipedia/MHC report confirm Menotomy bounded by Mystic R/Alewife Brook/Spy Pond; point plau</description><styleUrl>#weak</styleUrl><Point><coordinates>-71.145000,42.408000,0</coordinates></Point></Placemark>
<Placemark><name>MHC recon: Watatic Pond site area</name><description>Ashby/Ashburnham, MA
Accurate to ±1600 m — weak confidence — source-checked
MHC Reconnaissance Survey Town Report: Ashby (1984)

Report: native sites possible at Watatic Pond, terminus of the conjectured east-west corridor; pond lies just over the Ashburnham line.; [verified] Could not confirm exact Watatic Pond coords; only Mt Watatic summit(42.697,-71.893) found nearby.</description><styleUrl>#weak</styleUrl><Point><coordinates>-71.873860,42.685880,0</coordinates></Point></Placemark>
<Placemark><name>MHC recon: Bear River valley at Baptist Corner</name><description>Ashfield, MA
Accurate to ±1000 m — weak confidence — source-checked
MHC Reconnaissance Survey Town Report: Ashfield (1982)

Report: suspected trail as Murray Rd along the Bear River at Baptist Corner, with scattered native evidence in the Bear River valley.; [verified] Baptist Corner Cemetery (Find a Grave) ~0.7km from pt, within margin</description><styleUrl>#weak</styleUrl><Point><coordinates>-72.756300,42.551700,0</coordinates></Point></Placemark>
<Placemark><name>MHC recon: Chapel Falls trail node (West Road)</name><description>Ashfield, MA
Accurate to ±1000 m — weak confidence — source-checked
MHC Reconnaissance Survey Town Report: Ashfield (1982)

Report: possible trail south to Mill River (Williamsburg) as West Road to Chapel Falls; node placed at Chapel Falls.; [verified] Chapel Falls at 42.4820,-72.7599 (hikingproject/waterfallhikes) ~0.9km, within margin</description><styleUrl>#weak</styleUrl><Point><coordinates>-72.770000,42.479000,0</coordinates></Point></Placemark>
<Placemark><name>MHC recon: South River valley site area</name><description>Ashfield, MA
Accurate to ±2500 m — weak confidence — source-checked
MHC Reconnaissance Survey Town Report: Ashfield (1982)

Report: associated sites may lie in the South River valley from the Emmets Road junction to the Ashfield/Conway line; midpoint of that reach.; [verified] Emmet Rd confirmed real (listing), but exact South River midpoint vs Conway line not confirmed</description><styleUrl>#weak</styleUrl><Point><coordinates>-72.744000,42.508000,0</coordinates></Point></Placemark>
<Placemark><name>MHC recon: Spruce Corner / Swift River uplands site area</name><description>Ashfield, MA
Accurate to ±1600 m — weak confidence — source-checked
MHC Reconnaissance Survey Town Report: Ashfield (1982)

Report: native sites probable in western Ashfield uplands near Spruce Corner, with horticulture on the Swift River floodplain.; [verified] Spruce Corner Cemetery (Find a Grave) 1.5km from pt, within margin</description><styleUrl>#weak</styleUrl><Point><coordinates>-72.839400,42.490200,0</coordinates></Point></Placemark>
<Placemark><name>MHC recon: Connecticut Path ford over Cold Spring Brook</name><description>Ashland, MA
Accurate to ±1600 m — weak confidence — source-checked
MHC Reconnaissance Survey Town Report: Ashland (1980)

Report: Connecticut Path on Fruit-Prospect-Chestnut Streets to a ford over Cold Spring Brook (marker site); placed at that brook crossing.; [verified] Path/brook pages found but no coordinate for the ford; search budget ran out before more tries</description><styleUrl>#weak</styleUrl><Point><coordinates>-71.472000,42.258500,0</coordinates></Point></Placemark>
<Placemark><name>MHC recon: Sudbury River terraces site area</name><description>Ashland, MA
Accurate to ±900 m — weak confidence — source-checked
MHC Reconnaissance Survey Town Report: Ashland (1980)

Report: sites possible on well-drained terraces and knolls overlooking the Sudbury River, especially at falls and confluences; placed at the Ashland falls.; [verified] USGS gauge &quot;Sudbury River at Ashland&quot; 42.25998,-71.45642 ~0.6km, within margin</description><styleUrl>#weak</styleUrl><Point><coordinates>-71.463000,42.258000,0</coordinates></Point></Placemark>
<Placemark><name>MHC recon: Washakum Pond trail loop (Cedar Street)</name><description>Ashland/Framingham, MA
Accurate to ±1200 m — weak confidence — source-checked
MHC Reconnaissance Survey Town Report: Ashland (1980)

Report: conjectured trail loop around Washakum Pond possibly as Cedar Street; placed at Waushakum Pond on the Ashland-Framingham line.; [verified] Waushakum Pond 42.2640,-71.4262 (topozone/maplogs) ~1.1km, just within margin</description><styleUrl>#weak</styleUrl><Point><coordinates>-71.433000,42.272500,0</coordinates></Point></Placemark>
<Placemark><name>MHC recon: Lake Ellis site area</name><description>Athol, MA
Accurate to ±1500 m — weak confidence — source-checked
MHC Reconnaissance Survey Town Report: Athol (1984)

Report: occupation sites might have been located near Lake Ellis in the south of town; placed at GNIS Lake Ellis.; [verified] Mass.gov confirms Lake Ellis is in Athol MA but page gives no coordinate</description><styleUrl>#weak</styleUrl><Point><coordinates>-72.206006,42.575472,0</coordinates></Point></Placemark>
<Placemark><name>MHC recon: Lake Rohunta site area</name><description>Athol, MA
Accurate to ±1000 m — weak confidence — source-checked
MHC Reconnaissance Survey Town Report: Athol (1984)

Report: occupation sites might have been located near Lake Rohunta; placed at the Athol portion of the lake.; [verified] Mass.gov Lake Rohunta access pt 42.5610,-72.2751 ~0.9km, within margin</description><styleUrl>#weak</styleUrl><Point><coordinates>-72.270940,42.568830,0</coordinates></Point></Placemark>
<Placemark><name>MHC recon: Millers River corridor occupation sites</name><description>Athol, MA
Accurate to ±2200 m — weak confidence — source-checked
MHC Reconnaissance Survey Town Report: Athol (1984)

Report: occupation sites might have been located near the Millers River; placed at the Millers River crossing at Athol centre on the conjectured Nichewaug trail.; [verified] WebSearch quota exhausted before a specific Millers River/Athol-centre coordinate was found</description><styleUrl>#weak</styleUrl><Point><coordinates>-72.226000,42.593000,0</coordinates></Point></Placemark>
<Placemark><name>MHC recon: South Athol Pond site area</name><description>Athol, MA
Accurate to ±1500 m — weak confidence — source-checked
MHC Reconnaissance Survey Town Report: Athol (1984)

Report: occupation sites might have been located near South Athol Pond; placed at GNIS South Athol Pond on Riceville Brook.; [verified] No mass.gov/GNIS page found for South Athol Pond before search quota ran out</description><styleUrl>#weak</styleUrl><Point><coordinates>-72.257861,42.536857,0</coordinates></Point></Placemark>
<Placemark><name>MHC recon: Whites Pond site area</name><description>Athol, MA
Accurate to ±1600 m — weak confidence — source-checked
MHC Reconnaissance Survey Town Report: Athol (1984)

Report: occupation sites might have been located near Whites Pond; placed at White Pond, southern Athol.; [verified] Mass.gov &quot;Whites Pond&quot; page found was for Plymouth, not Athol; correct pond unconfirmed</description><styleUrl>#weak</styleUrl><Point><coordinates>-72.258400,42.550400,0</coordinates></Point></Placemark>
<Placemark><name>MHC recon: Bungay River site area</name><description>Attleboro, MA
Accurate to ±1600 m — weak confidence — source-checked
MHC Reconnaissance Survey Town Report: Attleboro (1981)

Report: native fishing focused on the Tenmile and to a lesser degree the Bungay and Sevenmile rivers; placed on the Bungay River in northern Attleboro.; [verified] Wikipedia confirms Bungay River enters Ten Mile R. in Attleboro, no coordinate given</description><styleUrl>#weak</styleUrl><Point><coordinates>-71.300000,41.960000,0</coordinates></Point></Placemark>
<Placemark><name>MHC recon: Sevenmile River site area</name><description>Attleboro, MA
Accurate to ±2000 m — weak confidence — source-checked
MHC Reconnaissance Survey Town Report: Attleboro (1981)

Report: settlement along the Sevenmile River near County Street and native fishing on that river; placed on the Sevenmile River in western Attleboro.; [verified] Sevenmile River exists near Attleboro; no specific coordinate confirmed before quota ran out</description><styleUrl>#weak</styleUrl><Point><coordinates>-71.322000,41.930000,0</coordinates></Point></Placemark>
<Placemark><name>MHC recon: Tenmile River / downtown Attleboro site cluster</name><description>Attleboro, MA
Accurate to ±1800 m — weak confidence — source-checked
MHC Reconnaissance Survey Town Report: Attleboro (1981)

Report: thirteen Early-Late Woodland sites recorded, clustered about the trail-network centre and heaviest along the Tenmile River at downtown Attleboro.; [verified] Ten Mile River real and runs through Attleboro but no specific coordinate confirmed</description><styleUrl>#weak</styleUrl><Point><coordinates>-71.285600,41.944700,0</coordinates></Point></Placemark>
<Placemark><name>MHC recon: northeastern Attleboro Contact period site area</name><description>Attleboro, MA
Accurate to ±2800 m — weak confidence — source-checked
MHC Reconnaissance Survey Town Report: Attleboro (1981)

Report: likelihood of extant Contact period sites is greatest in northeastern Attleboro; placed at the centroid of that town quadrant.; [verified] Basis is a town-quadrant centroid, not a landmark; nothing specific to verify</description><styleUrl>#weak</styleUrl><Point><coordinates>-71.260000,41.960000,0</coordinates></Point></Placemark>
<Placemark><name>MHC recon: Auburn and Pondville ponds site area</name><description>Auburn, MA
Accurate to ±1200 m — weak confidence — source-checked
MHC Reconnaissance Survey Town Report: Auburn (1984)

Report: short-term occupations expected adjacent to Auburn and Pondville ponds in the east of town.; [verified] Pondville Pond confirmed via Fishbrain at 42.191,-71.814, ~450m from point, within margin.</description><styleUrl>#weak</styleUrl><Point><coordinates>-71.810000,42.188000,0</coordinates></Point></Placemark>
<Placemark><name>MHC recon: Dark Brook site area</name><description>Auburn, MA
Accurate to ±700 m — weak confidence — source-checked
MHC Reconnaissance Survey Town Report: Auburn (1984)

Report: Dark Brook in the centre of town among the water sources expected to yield short-term occupations; placed at Dark Brook Reservoir.; [verified] Dark Brook Reservoir Dam confirmed via Mapcarta at 42.198,-71.858; existing pt ~600m away, margin tightened.</description><styleUrl>#weak</styleUrl><Point><coordinates>-71.858000,42.193000,0</coordinates></Point></Placemark>
<Placemark><name>MHC recon: Eddy Pond site area</name><description>Auburn, MA
Accurate to ±900 m — weak confidence — source-checked
MHC Reconnaissance Survey Town Report: Auburn (1984)

Report: areas adjacent to Eddy Pond in the south should yield short-term occupations by small groups.; [verified] Mass.gov Eddy Pond 42.1789,-71.8414 (off South St) ~0.8km, within margin</description><styleUrl>#weak</styleUrl><Point><coordinates>-71.843000,42.172000,0</coordinates></Point></Placemark>
<Placemark><name>MHC recon: Leesville and Stoneville ponds site area</name><description>Auburn, MA
Accurate to ±1500 m — weak confidence — source-checked
MHC Reconnaissance Survey Town Report: Auburn (1984)

Report: short-term occupations expected adjacent to Leesville and Stoneville ponds in northern Auburn.; [verified] Leesville Pond (lake-link,~42.229,-71.829) &amp; Stoneville Res. (anyplaceamerica,42.208,-71.859) confirmed; in margin.</description><styleUrl>#weak</styleUrl><Point><coordinates>-71.837000,42.229000,0</coordinates></Point></Placemark>
<Placemark><name>MHC recon: Avon trail junction (East Main Street / High Street)</name><description>Avon, MA
Accurate to ±3750 m — weak confidence — source-checked
MHC Reconnaissance Survey Town Report: Avon (1979)

Report: Avon a regional junction of north-south routes, East Main St (Rt 28) Monatiquot-to-Bridgewater trail and High St Punkapoag-to-Great Bear Swamp trail; no sites reported.; [verified] No source pinpointed this specific junction; only town-level refs found. Margin widened.</description><styleUrl>#weak</styleUrl><Point><coordinates>-71.041500,42.127900,0</coordinates></Point></Placemark>
<Placemark><name>MHC recon: Long Pond site area</name><description>Ayer, MA
Accurate to ±1800 m — weak confidence — source-checked
MHC Reconnaissance Survey Town Report: Ayer (1980)

Report: sites possible at Long Pond, headwater of the Ayer pond chain; placed at Long Pond in southeastern Ayer.; [verified] Ayer.ma.us confirms Long Pond exists (~50 acres) but no coordinate source found; margin widened.</description><styleUrl>#weak</styleUrl><Point><coordinates>-71.556000,42.538000,0</coordinates></Point></Placemark>
<Placemark><name>MHC recon: Nonacoicus Brook / Nashua River confluence site area</name><description>Ayer, MA
Accurate to ±1800 m — weak confidence — source-checked
MHC Reconnaissance Survey Town Report: Ayer (1980)

Report: sites possible along the Nashua River and Nonacoicus Brook, the primary trail route; placed at the brook&#x27;s confluence with the Nashua.; [verified] USGS gauge near Ayer (42.562,-71.610) found but not the exact brook/river confluence; widened.</description><styleUrl>#weak</styleUrl><Point><coordinates>-71.603000,42.573000,0</coordinates></Point></Placemark>
<Placemark><name>MHC recon: Sandy Pond site area</name><description>Ayer, MA
Accurate to ±1000 m — weak confidence — source-checked
MHC Reconnaissance Survey Town Report: Ayer (1980)

Report: sites possible at Sandy Pond, on the conjectured Willow-Sandy Ponds Roads trail; placed at Sandy Pond off Snake Hill Road.; [verified] Mass.gov confirms Sandy Pond sits at Sandy Pond Rd/Snake Hill Rd junction, matching report exactly.</description><styleUrl>#weak</styleUrl><Point><coordinates>-71.570500,42.552500,0</coordinates></Point></Placemark>
<Placemark><name>MHC recon: Barnstable Harbor-Hyannis trail (Mary Dunn Road)</name><description>Barnstable, MA
Accurate to ±3000 m — weak confidence — source-checked
MHC Reconnaissance Survey Town Report: Barnstable (1984)

Report: major north-south trail went from Barnstable Harbor to Hyannis in the area of Mary Dunn Road; node placed on that road.; [verified] No coordinate source found for this trail node before WebSearch budget was exhausted; widened.</description><styleUrl>#weak</styleUrl><Point><coordinates>-70.294000,41.683000,0</coordinates></Point></Placemark>
<Placemark><name>MHC recon: Cotuit Bay site area</name><description>Barnstable, MA
Accurate to ±1800 m — weak confidence — source-checked
MHC Reconnaissance Survey Town Report: Barnstable (1984)

Report: Late Woodland site concentrations along Cotuit Bay; native place names Coatuit and Cotocheeset; Paupmunnuck sold the Cotuit lands 1648-1658.; [verified] No Wikipedia page or coordinate source found for Cotuit Bay before search budget ran out; widened.</description><styleUrl>#weak</styleUrl><Point><coordinates>-70.427000,41.620000,0</coordinates></Point></Placemark>
<Placemark><name>MHC recon: Cummaquid (Cormaquid) village</name><description>Barnstable, MA
Accurate to ±1500 m — weak confidence — source-checked
MHC Reconnaissance Survey Town Report: Barnstable (1984)

Report: Plymouth men met Native Americans at Cormaquid seeking lobsters and went with them to their village; placed at Cummaquid on Route 6A.; [verified] WebSearch budget exhausted before a coordinate source for Cummaquid village was found; widened.</description><styleUrl>#weak</styleUrl><Point><coordinates>-70.267000,41.704000,0</coordinates></Point></Placemark>
<Placemark><name>MHC recon: East Bay site area (Osterville)</name><description>Barnstable, MA
Accurate to ±1500 m — weak confidence — source-checked
MHC Reconnaissance Survey Town Report: Barnstable (1984)

Report: Late Woodland site concentrations along East Bay; Iyanno&#x27;s 1664 purchase covered Hyannis, Hyannisport and Craigville lands.; [verified] WebSearch budget exhausted before a coordinate source for East Bay was found; margin widened.</description><styleUrl>#weak</styleUrl><Point><coordinates>-70.385500,41.625500,0</coordinates></Point></Placemark>
<Placemark><name>MHC recon: Mattacheese (Mattakeeset) / Barnstable Harbor settlement area</name><description>Barnstable, MA
Accurate to ±2250 m — weak confidence — source-checked
MHC Reconnaissance Survey Town Report: Barnstable (1984)

Report: township name Mattacheese or Mattakeeset; Barnstable Harbor originally Chumquid Harbor; east-west trail skirted Great Marshes near Route 6A.; [verified] WebSearch budget exhausted before a coordinate source was found; margin widened, confidence dropped.</description><styleUrl>#weak</styleUrl><Point><coordinates>-70.299000,41.702000,0</coordinates></Point></Placemark>
<Placemark><name>MHC recon: Wequaquet Lake (Cheekwaquet) site area</name><description>Barnstable, MA
Accurate to ±700 m — weak confidence — source-checked
MHC Reconnaissance Survey Town Report: Barnstable (1984)

Report: Cheekwaquet among documented native place names giving clues to site locations; placed at Wequaquet Lake, Centerville.; [verified] Wequaquet Lake confirmed via Wikipedia infobox at 41.6714,-70.3389; ~650m away, margin tightened.</description><styleUrl>#weak</styleUrl><Point><coordinates>-70.333000,41.667500,0</coordinates></Point></Placemark>
<Placemark><name>MHC recon: Burnshirt River crossing site area</name><description>Barre, MA
Accurate to ±1800 m — weak confidence — source-checked
MHC Reconnaissance Survey Town Report: Barre (1984)

Report: occupations likely on the Burnshirt River, with a conjectured northeast trail branch (Williamsville Road) to the Burnshirt River crossing.; [verified] Wikipedia confirms Burnshirt R. flows via Williamsville to the Ware R. near Barre, matching report.</description><styleUrl>#weak</styleUrl><Point><coordinates>-72.070000,42.430000,0</coordinates></Point></Placemark>
<Placemark><name>MHC recon: Prince River site area</name><description>Barre, MA
Accurate to ±2700 m — weak confidence — source-checked
MHC Reconnaissance Survey Town Report: Barre (1984)

Report: occupations likely on the Prince River, which the conjectured north-south highland trail parallels; placed on the Prince River in central Barre.; [verified] No Wikipedia page or coordinate source found for Prince River before search budget ran out; widened.</description><styleUrl>#weak</styleUrl><Point><coordinates>-72.085000,42.410000,0</coordinates></Point></Placemark>
<Placemark><name>MHC recon: Concord River site cluster (Bedford)</name><description>Bedford, MA
Accurate to ±1800 m — weak confidence — source-checked
MHC Reconnaissance Survey Town Report: Bedford (1980)

Report: several unspecified sites known along the Concord; placed mid-reach of the Concord River on Bedford&#x27;s west edge.; [verified] Wikipedia confirms Concord R. runs north past Bedford&#x27;s edge between its Concord and Lowell coord points.</description><styleUrl>#weak</styleUrl><Point><coordinates>-71.323000,42.498000,0</coordinates></Point></Placemark>
<Placemark><name>MHC recon: Crosbys Hill site (Shawsheen River)</name><description>Bedford, MA
Accurate to ±1500 m — weak confidence — source-checked
MHC Reconnaissance Survey Town Report: Bedford (1980)

Report: unspecified native sites on the Shawsheen at Crosby Hill; placed at Crosbys Hill (aka Indian Hill), east Bedford.; [verified] No Wikipedia page or coordinate source found for Crosbys/Indian Hill before search budget ran out; widened.</description><styleUrl>#weak</styleUrl><Point><coordinates>-71.246389,42.512222,0</coordinates></Point></Placemark>
<Placemark><name>MHC recon: Fawn Lake trail node (Spring Road-Page Street route)</name><description>Bedford, MA
Accurate to ±2250 m — weak confidence — source-checked
MHC Reconnaissance Survey Town Report: Bedford (1980)

Report: conjectured trail Spring Road past Fawn Lake to Page Street; point set at Fawn Lake, the one named landmark.; [verified] No coordinate source found for Fawn Lake before WebSearch budget was exhausted; margin widened.</description><styleUrl>#weak</styleUrl><Point><coordinates>-71.273056,42.513611,0</coordinates></Point></Placemark>
<Placemark><name>MHC recon: Cold Spring site vicinity (Belchertown village hill)</name><description>Belchertown, MA
Accurate to ±2700 m — weak confidence — source-checked
MHC Reconnaissance Survey Town Report: Belchertown (1982)

Report: sites likely near Cold Spring on the Old Bay Path; village hill was site of native burns and hunting drives.; [verified] MHC report confirms Cold Spring near Swift River/SE uplands; exact spring location not found online.</description><styleUrl>#weak</styleUrl><Point><coordinates>-72.401400,42.276900,0</coordinates></Point></Placemark>
<Placemark><name>MHC recon: Franklin Street railroad-junction Woodland site</name><description>Belchertown, MA
Accurate to ±2500 m — weak confidence — source-checked
MHC Reconnaissance Survey Town Report: Belchertown (1982)

Report: Early/possibly Middle Woodland occupation near the junction of the Boston and Maine Railroad and Franklin Street.; [verified] MHC Belchertown report confirms text verbatim; no independent source pins exact RR/Franklin St junction.</description><styleUrl>#weak</styleUrl><Point><coordinates>-72.409000,42.274500,0</coordinates></Point></Placemark>
<Placemark><name>MHC recon: Swift River intervale site zone</name><description>Belchertown, MA
Accurate to ±4500 m — weak confidence — source-checked
MHC Reconnaissance Survey Town Report: Belchertown (1982)

Report: native horticulture and sites most likely on the Swift River intervale; placed mid-reach of the Swift in SE Belchertown.; [verified] MHC report confirms general SE Belchertown/Swift River siting; no specific point to verify.</description><styleUrl>#weak</styleUrl><Point><coordinates>-72.348000,42.262000,0</coordinates></Point></Placemark>
<Placemark><name>MHC recon: unidentified native site north of Belchertown village</name><description>Belchertown, MA
Accurate to ±4500 m — weak confidence — source-checked
MHC Reconnaissance Survey Town Report: Belchertown (1982)

Report: unidentified native site reputed north of Belchertown village, about six miles from the Franklin Street site.; [verified] MHC report confirms vague &#x27;6 mi north&#x27; site; no fixed landmark exists to verify placement.</description><styleUrl>#weak</styleUrl><Point><coordinates>-72.405000,42.335000,0</coordinates></Point></Placemark>
<Placemark><name>MHC recon: Charles River terrace sites (Hartford Avenue at Stall Brook)</name><description>Bellingham, MA
Accurate to ±3000 m — weak confidence — source-checked
MHC Reconnaissance Survey Town Report: Bellingham (1980)

Report: suspected sites along Charles River paths, trail conjectured as Hartford Avenue around Stall Brook.; [verified] MHC report confirms Hartford Ave/Stall Brook route conjecture; no precise terrace-site source found.</description><styleUrl>#weak</styleUrl><Point><coordinates>-71.462000,42.118000,0</coordinates></Point></Placemark>
<Placemark><name>MHC recon: South Bellingham trail-corridor sites (Peters River)</name><description>Bellingham, MA
Accurate to ±3500 m — weak confidence — source-checked
MHC Reconnaissance Survey Town Report: Bellingham (1980)

Report: native sites reported along main trails in South Bellingham, route following the Pulaski Boulevard axis by Peters River.; [verified] MHC report confirms Pulaski Blvd/Peters River trail route generally; no coordinate source found.</description><styleUrl>#weak</styleUrl><Point><coordinates>-71.478000,42.050000,0</coordinates></Point></Placemark>
<Placemark><name>MHC recon: Little Pond-Fresh Pond unspecified sites</name><description>Belmont, MA
Accurate to ±2700 m — weak confidence — source-checked
MHC Reconnaissance Survey Town Report: Belmont (1980)

Report: other prehistoric or unspecified sites south of Little Pond and west of Fresh Pond; placed between the two ponds.; [verified] Both ponds are real Belmont waterbodies; no source found to verify exact midpoint placement.</description><styleUrl>#weak</styleUrl><Point><coordinates>-71.155500,42.383200,0</coordinates></Point></Placemark>
<Placemark><name>MHC recon: Waverley Oaks-Beaver Brook occupation</name><description>Belmont, MA
Accurate to ±2000 m — weak confidence — source-checked
MHC Reconnaissance Survey Town Report: Belmont (1980)

Report: reputed native occupation along Beaver Brook at Waverley Oaks; placed at the Waverley Oaks reach of Beaver Brook.; [verified] Waverley Oaks confirmed real (Beaver Brook Reservation, Belmont/Waltham line); no precise in-town pin found.</description><styleUrl>#weak</styleUrl><Point><coordinates>-71.181500,42.386200,0</coordinates></Point></Placemark>
<Placemark><name>MHC recon: Assonet Neck cornhill fields</name><description>Berkley, MA
Accurate to ±4000 m — weak confidence — source-checked
MHC Reconnaissance Survey Town Report: Berkley (1981)

Report: Delabarre in 1939 reported as many as 80,000 Indian cornhills on Assonet Neck; placed at the centre of the neck.; [verified] MHC report confirms Delabarre&#x27;s 80,000-cornhill account; &#x27;centre of neck&#x27; has no fixed point to check.</description><styleUrl>#weak</styleUrl><Point><coordinates>-71.107778,41.801389,0</coordinates></Point></Placemark>
<Placemark><name>MHC recon: Bayview Avenue-Grinnell Street cornhills</name><description>Berkley, MA
Accurate to ±2200 m — weak confidence — source-checked
MHC Reconnaissance Survey Town Report: Berkley (1981)

Report: cornhills reported near the intersection of Bayview Avenue and Grinnell Street on Assonet Neck.; [verified] Both streets confirmed real in Berkley; no geocoded intersection source found to verify point.</description><styleUrl>#weak</styleUrl><Point><coordinates>-71.102000,41.799500,0</coordinates></Point></Placemark>
<Placemark><name>MHC recon: Elm Street-Point Street site (Woodland/Contact)</name><description>Berkley, MA
Accurate to ±2400 m — weak confidence — source-checked
MHC Reconnaissance Survey Town Report: Berkley (1981)

Report: extensive site with possible Woodland/Contact component between Elm and Point Streets; placed on the Taunton River shore there.; [verified] MHC report confirms Elm/Point St site near Taunton River; no geocoded intersection source found.</description><styleUrl>#weak</styleUrl><Point><coordinates>-71.104500,41.826500,0</coordinates></Point></Placemark>
<Placemark><name>MHC recon: Wheeler Hill site east of Hog Swamp</name><description>Berlin, MA
Accurate to ±2300 m — weak confidence — source-checked
MHC Reconnaissance Survey Town Report: Berlin (1983)

Report: rumored sites east of Hog Swamp on Wheeler Hill; placed at Wheeler Hill, Berlin.; [verified] MHC report confirms Wheeler Hill/Hog Swamp siting in Berlin; no coordinate source found for either.</description><styleUrl>#weak</styleUrl><Point><coordinates>-71.623056,42.395833,0</coordinates></Point></Placemark>
<Placemark><name>MHC recon: Clamshell Pond rumored sites</name><description>Berlin/Clinton, MA
Accurate to ±900 m — weak confidence — source-checked
MHC Reconnaissance Survey Town Report: Berlin (1983)

Report: rumored sites in the west near Clamshell Pond, Clinton; placed at Clamshell Pond on the Berlin-Clinton line.; [verified] Mapcarta/pond DB pins Clamshell Pond ~20m from point; report is rumor-only, no exact site.</description><styleUrl>#weak</styleUrl><Point><coordinates>-71.678333,42.399167,0</coordinates></Point></Placemark>
<Placemark><name>MHC recon: Fall River Valley occupation zone</name><description>Bernardston, MA
Accurate to ±2500 m — weak confidence — source-checked
MHC Reconnaissance Survey Town Report: Bernardston (1982)

Report: local natives probably congregated in the fertile Fall River Valley; placed mid-valley near Bernardston village.; [verified] MHC survey confirms broad Fall R. Valley probability zone incl. Bernardston lowlands; vague by design.</description><styleUrl>#weak</styleUrl><Point><coordinates>-72.548000,42.665000,0</coordinates></Point></Placemark>
<Placemark><name>MHC recon: Fall River bluffs at Bald Mountain Road</name><description>Bernardston, MA
Accurate to ±1200 m — weak confidence — source-checked
MHC Reconnaissance Survey Town Report: Bernardston (1982)

Report: prime site locations are bluffs on the east side of Fall River overlooking the Route 91 / Bald Mountain Road junction.; [verified] MHC 1982 Bernardston survey confirms bluffs at Rt91/Bald Mtn Rd jct verbatim; no coord given.</description><styleUrl>#weak</styleUrl><Point><coordinates>-72.552000,42.686000,0</coordinates></Point></Placemark>
<Placemark><name>MHC recon: Bass River mouth site area</name><description>Beverly, MA
Accurate to ±1500 m — weak confidence — source-checked
MHC Reconnaissance Survey Town Report: Beverly (1986)

Report: the area around the mouth of the Bass River may have been a good site location; placed at the river mouth.; [verified] Wikipedia: Bass R.(Beverly) empties to Danvers R.; exact mouth coord not found before search ran out.</description><styleUrl>#weak</styleUrl><Point><coordinates>-70.893889,42.544444,0</coordinates></Point></Placemark>
<Placemark><name>MHC recon: Bass River trail corridor (Woodbury Point to river head)</name><description>Beverly, MA
Accurate to ±2000 m — weak confidence — source-checked
MHC Reconnaissance Survey Town Report: Beverly (1986)

Report: Indian trails along the coast and Bass River upgraded to horsepaths; first road ran Woodbury Point to head of Bass River.; [verified] Wikipedia confirms Woodbury Point marks rural/urban Beverly line; trail corridor pt unconfirmed.</description><styleUrl>#weak</styleUrl><Point><coordinates>-70.891000,42.562000,0</coordinates></Point></Placemark>
<Placemark><name>MHC recon: Content Brook site cluster</name><description>Billerica, MA
Accurate to ±1000 m — weak confidence — source-checked
MHC Reconnaissance Survey Town Report: Billerica (1980)

Report: numerous unspecified native sites along the Concord, also on Content Brook; placed on Content Brook.; [verified] USGS gauge &#x27;Content Brook near Billerica&#x27; 42.5793,-71.2248, ~815m away; within stated margin.</description><styleUrl>#weak</styleUrl><Point><coordinates>-71.215000,42.578000,0</coordinates></Point></Placemark>
<Placemark><name>MHC recon: Blackstone River falls fishing site</name><description>Blackstone, MA
Accurate to ±1500 m — weak confidence — source-checked
MHC Reconnaissance Survey Town Report: Blackstone (1983)

Report: anadromous runs in the Blackstone of particular importance, with a conjectured trail branch to Blackstone River Falls.; [verified] No named &#x27;Blackstone River Falls&#x27; feature found in town sources before search budget was exhausted.</description><styleUrl>#weak</styleUrl><Point><coordinates>-71.551730,42.015376,0</coordinates></Point></Placemark>
<Placemark><name>MHC recon: Mill River valley site zone (Elm Street corridor)</name><description>Blackstone, MA
Accurate to ±1500 m — weak confidence — source-checked
MHC Reconnaissance Survey Town Report: Blackstone (1983)

Report: the Mill River in the east provided sites for fishing and agriculture; conjectured Mill River trail on Elm Street.; [verified] Search budget exhausted before Mill R./Elm St corridor in Blackstone could be verified.</description><styleUrl>#weak</styleUrl><Point><coordinates>-71.525000,42.027000,0</coordinates></Point></Placemark>
<Placemark><name>MHC recon: Blair Pond seasonal camps</name><description>Blandford, MA
Accurate to ±1500 m — weak confidence — source-checked
MHC Reconnaissance Survey Town Report: Blandford (1982)

Report: promising locations in vicinity of Blandford&#x27;s natural ponds incl. Long and Blair Ponds. Placed on Blair Pond, 2.5 mi W of Blandford centre.; [verified] Blandford Wikipedia page does not mention Blair Pond; search ran out before further lookup.</description><styleUrl>#weak</styleUrl><Point><coordinates>-72.977449,42.177777,0</coordinates></Point></Placemark>
<Placemark><name>MHC recon: Knox Trail / Bay Path corridor (Route 23)</name><description>Blandford, MA
Accurate to ±3000 m — weak confidence — source-checked
MHC Reconnaissance Survey Town Report: Blandford (1982)

Report: primary E-W route, continuation of Bay Path along Knox Trail, from Russell Pond as Birch Hill Rd along the axis of Route 23. Node at Blandford centre on Rt 23.; [verified] Route 23/Knox Trail corridor not independently verified; search budget exhausted first.</description><styleUrl>#weak</styleUrl><Point><coordinates>-72.959000,42.183000,0</coordinates></Point></Placemark>
<Placemark><name>MHC recon: Long Pond seasonal camps</name><description>Blandford, MA
Accurate to ±1500 m — weak confidence — source-checked
MHC Reconnaissance Survey Town Report: Blandford (1982)

Report: likelihood of extant native-period sites greatest near Long and Blair Ponds; small seasonal fishing/hunting camps. Placed on Long Pond, W Blandford.; [verified] Blandford Wikipedia page does not mention Long Pond; search ran out before further lookup.</description><styleUrl>#weak</styleUrl><Point><coordinates>-73.008059,42.202315,0</coordinates></Point></Placemark>
<Placemark><name>MHC recon: Nashua/Still River confluence camps</name><description>Bolton, MA
Accurate to ±1500 m — weak confidence — source-checked
MHC Reconnaissance Survey Town Report: Bolton (1983)

Report: small short-term camps east of the Nashua River; routes run east toward the Nashua confluence and N-S along Still River. Placed at Bolton Flats on the town&#x27;s west edge.; [verified] Wikipedia: Bolton Flats WMA sits at Nashua/Still R confluence, matching placement descripti</description><styleUrl>#weak</styleUrl><Point><coordinates>-71.645000,42.428000,0</coordinates></Point></Placemark>
<Placemark><name>MHC recon: Wattaquadock Hill trail route</name><description>Bolton, MA
Accurate to ±2000 m — weak confidence — source-checked
MHC Reconnaissance Survey Town Report: Bolton (1983)

Report: alternate E-W route over Wataquadock Hill toward the lower Nashua. Placed at the Wattaquadock Hill summit.; [verified] Wikipedia confirms real hill, Bolton&#x27;s highest pt, 1656 highway route; no summit coord found.</description><styleUrl>#weak</styleUrl><Point><coordinates>-71.634794,42.421302,0</coordinates></Point></Placemark>
<Placemark><name>MHC recon: Mill Pond (Causeway Street) Contact sites</name><description>Boston, MA
Accurate to ±1500 m — weak confidence — source-checked
MHC Reconnaissance Survey Town Report: Boston (1981)

Report: suspected Contact sites within the former Mill Pond area of Causeway Street. Placed at Causeway St over the filled Mill Pond.; [verified] Mill Pond (Boston) page unfetchable; search budget exhausted before verification could complete.</description><styleUrl>#weak</styleUrl><Point><coordinates>-71.060500,42.364000,0</coordinates></Point></Placemark>
<Placemark><name>MHC recon: Nonantum site near Gallagher Park</name><description>Boston, MA
Accurate to ±1500 m — weak confidence — source-checked
MHC Reconnaissance Survey Town Report: Boston (1981)

Report: probable period site known as Nonantum probably located in the vicinity of Gallagher Park. Placed at Gallagher Park on the Charles, Brighton.; [verified] Gallagher Park not found in sources checked; search budget exhausted before verification.</description><styleUrl>#weak</styleUrl><Point><coordinates>-71.148500,42.362800,0</coordinates></Point></Placemark>
<Placemark><name>MHC recon: Buzzards Bay shore shell middens</name><description>Bourne, MA
Accurate to ±4000 m — weak confidence — source-checked
MHC Reconnaissance Survey Town Report: Bourne (1984)

Report: numerous shell midden sites, possibly Woodland or Contact, present in coastal areas along Buzzards Bay near shellfish beds and estuaries. Placed mid-shore.; [verified] Generic multi-site coastal description; no single midden landmark exists to confirm.</description><styleUrl>#weak</styleUrl><Point><coordinates>-70.625000,41.695000,0</coordinates></Point></Placemark>
<Placemark><name>MHC recon: Kitteaumett settlement</name><description>Bourne, MA
Accurate to ±1500 m — weak confidence — source-checked
MHC Reconnaissance Survey Town Report: Bourne (1984)

Report names the Kitteaumett settlement among Bourne&#x27;s Contact settlements without a fixed location; placed at Cataumet, the surviving form of the name.; [verified] Cataumet/Post Office Sq station ~0.9km away, within margin; site itself has no fixed spot.</description><styleUrl>#weak</styleUrl><Point><coordinates>-70.620900,41.672000,0</coordinates></Point></Placemark>
<Placemark><name>MHC recon: Scusset-Herring-Monument River portage trail</name><description>Bourne, MA
Accurate to ±3500 m — weak confidence — source-checked
MHC Reconnaissance Survey Town Report: Bourne (1984)

Report: primary portage route between Cape Cod Bay and Buzzards Bay along the Scusset-Herring-Monument River corridor. Node at the Bournedale portage head.; [verified] No specific portage-head landmark confirmed; search budget ran out before deeper check.</description><styleUrl>#weak</styleUrl><Point><coordinates>-70.598000,41.757000,0</coordinates></Point></Placemark>
<Placemark><name>MHC recon: Beaver Brook esker sites</name><description>Boxborough, MA
Accurate to ±2500 m — weak confidence — source-checked
MHC Reconnaissance Survey Town Report: Boxborough (1980)

Report: sites possible on well drained terraces and knolls adjacent to major brooks, especially along the Beaver Brook esker. Placed on the esker in E Boxborough.; [verified] Search found only unrelated Beaver Brooks (Belmont etc.); no Boxborough esker landmark confirmed.</description><styleUrl>#weak</styleUrl><Point><coordinates>-71.508000,42.488000,0</coordinates></Point></Placemark>
<Placemark><name>MHC recon: Indian Meadows south of Boxborough Station</name><description>Boxborough, MA
Accurate to ±1200 m — weak confidence — source-checked
MHC Reconnaissance Survey Town Report: Boxborough (1980)

Report: may have been used as a resource area by Praying Town Indians - area south of Boxborough Station referred to as Indian Meadows. Placed S of Depot Rd station area.; [verified] Mass.gov confirms Boxborough Station WMA near Depot Rd, matching description; no exact pin found.</description><styleUrl>#weak</styleUrl><Point><coordinates>-71.527000,42.502000,0</coordinates></Point></Placemark>
<Placemark><name>MHC recon: Fish Brook sites, south Boxford</name><description>Boxford, MA
Accurate to ±1500 m — weak confidence — source-checked
MHC Reconnaissance Survey Town Report: Boxford (1985)

Report: Contact sites may be present along Fish Brook in the south of town. Placed on Fish Brook in S Boxford.; [verified] USGS gauge confirms Fish Brook is real but sits more central in town; south stretch not separately pinned.</description><styleUrl>#weak</styleUrl><Point><coordinates>-71.003000,42.638000,0</coordinates></Point></Placemark>
<Placemark><name>MHC recon: Ipswich Road / Main Street trail junction</name><description>Boxford, MA
Accurate to ±3000 m — weak confidence — source-checked
MHC Reconnaissance Survey Town Report: Boxford (1985)

Report: conjectured native trails along the routes of the Ipswich Road and Main Street. Node placed at their junction in Boxford centre.; [verified] Search budget exhausted before this junction could be checked; margin widened per spec.</description><styleUrl>#weak</styleUrl><Point><coordinates>-70.996700,42.661300,0</coordinates></Point></Placemark>
<Placemark><name>MHC recon: Parker River sites, north Boxford</name><description>Boxford, MA
Accurate to ±2500 m — weak confidence — source-checked
MHC Reconnaissance Survey Town Report: Boxford (1985)

Report: Contact sites may be present along the banks of the Parker River in the northern portion of town; travel combined water and land along the Parker. Placed on the river in N Boxford.; [verified] Only general Parker River/Boxford refs found, no coordinate for the north-Boxfo</description><styleUrl>#weak</styleUrl><Point><coordinates>-70.985000,42.687000,0</coordinates></Point></Placemark>
<Placemark><name>MHC recon: Nashua River ford at Central Street / Sears Hill</name><description>Boylston, MA
Accurate to ±2200 m — weak confidence — source-checked
MHC Reconnaissance Survey Town Report: Boylston (1983)

Report: E-W paths joining as Central-Sears Hill, which fords the former Nashua, now flooded by Wachusett Reservoir; terrace sites now submerged.; [verified] Search budget exhausted before this row could be checked; margin widened per spec.</description><styleUrl>#weak</styleUrl><Point><coordinates>-71.733000,42.379000,0</coordinates></Point></Placemark>
<Placemark><name>MHC recon: Rocky Pond cornfield site</name><description>Boylston, MA
Accurate to ±1800 m — weak confidence — source-checked
MHC Reconnaissance Survey Town Report: Boylston (1983)

Report: one probable agricultural site north of Rocky Pond, based on frequent early references to an Indian cornfield; Green St a path to Rocky Pond camps.; [verified] Search budget exhausted before this row could be checked; confidence downgraded per spec.</description><styleUrl>#weak</styleUrl><Point><coordinates>-71.692500,42.349000,0</coordinates></Point></Placemark>
<Placemark><name>MHC recon: Monatiquot River fall-line terraces</name><description>Braintree, MA
Accurate to ±1200 m — weak confidence — source-checked
MHC Reconnaissance Survey Town Report: Braintree (1979)

Report: likely site locations on terraces and knolls along both the Monatiquot estuary and fall lines. Placed at the Monatiquot falls in Braintree centre.; [verified] Monatiquot River confirmed real (Wikipedia); no separate falls coordinate found near centre.</description><styleUrl>#weak</styleUrl><Point><coordinates>-70.999000,42.215500,0</coordinates></Point></Placemark>
<Placemark><name>MHC recon: Way to Plimuth coastal trail at the Fore River</name><description>Braintree, MA
Accurate to ±2500 m — weak confidence — source-checked
MHC Reconnaissance Survey Town Report: Braintree (1979)

Report: the way to Plimuth on the 1633 Winthrop map, around the Monatiquot/Fore River via Commercial St, is the coastal trail from the Neponset to Cohasset-Plymouth.; [verified] Near Monatiquot/Fore River confluence (~0.4km), consistent with described trail route.</description><styleUrl>#weak</styleUrl><Point><coordinates>-70.968000,42.227500,0</coordinates></Point></Placemark>
<Placemark><name>MHC recon: Indian Fields east of the Sauguatuckett River</name><description>Brewster, MA
Accurate to ±2200 m — weak confidence — source-checked
MHC Reconnaissance Survey Town Report: Brewster (1984)

Report: all lands on the east side of the Sauguatuckett River were reportedly cleared at the time of settlement and known as Indian Fields.; [verified] Search budget exhausted before this row could be checked; margin widened per spec.</description><styleUrl>#weak</styleUrl><Point><coordinates>-70.099000,41.754000,0</coordinates></Point></Placemark>
<Placemark><name>MHC recon: Mill Pond praying Indian meetinghouse</name><description>Brewster, MA
Accurate to ±1500 m — weak confidence — source-checked
MHC Reconnaissance Survey Town Report: Brewster (1984)

Report: a meetinghouse was reportedly established in the Mill Pond area for Praying Indians by 1675. Placed at the Brewster Mill Ponds.; [verified] Couldn&#x27;t confirm exact Brewster Mill Ponds site; search budget ran out. Widened margin, downgraded.</description><styleUrl>#weak</styleUrl><Point><coordinates>-70.103000,41.745500,0</coordinates></Point></Placemark>
<Placemark><name>MHC recon: Stony Brook (Sauguatuckett) settlement centre, West Brewster</name><description>Brewster, MA
Accurate to ±2000 m — weak confidence — source-checked
MHC Reconnaissance Survey Town Report: Brewster (1984)

Report: known Late Woodland sites along the bay shore and in the Stony Brook area; local tradition centres the Sauguatucketts in West Brewster near the Mill Ponds.; [verified] Search budget exhausted before this row could be checked; confidence downgraded per spec.</description><styleUrl>#weak</styleUrl><Point><coordinates>-70.104500,41.750000,0</coordinates></Point></Placemark>
<Placemark><name>MHC recon: native meetinghouse west of Seymour&#x27;s Pond</name><description>Brewster, MA
Accurate to ±1000 m — weak confidence — source-checked
MHC Reconnaissance Survey Town Report: Brewster (1984)

Report: the last native American meetinghouse is noted on a path west of Seymour&#x27;s Pond. Placed just W of Seymour Pond on the Brewster side.; [verified] Seymour Pond confirmed (Mapcarta/GNIS) 41.724028,-70.092479, Harwich-Brewster line; corrected ~4.7km.</description><styleUrl>#weak</styleUrl><Point><coordinates>-70.096000,41.724000,0</coordinates></Point></Placemark>
<Placemark><name>MHC recon: Lake Nippenicket sites</name><description>Bridgewater, MA
Accurate to ±1200 m — weak confidence
MHC Reconnaissance Survey Town Report: Bridgewater (1981)

Unidentified native sites near Lake Nippenicket</description><styleUrl>#weak</styleUrl><Point><coordinates>-71.019000,41.967000,0</coordinates></Point></Placemark>
<Placemark><name>MHC recon: Taunton River sites above Woodward Bridge</name><description>Bridgewater, MA
Accurate to ±1500 m — weak confidence
MHC Reconnaissance Survey Town Report: Bridgewater (1981)

Unidentified native sites on the Taunton River above Woodward (Summer St) Bridge</description><styleUrl>#weak</styleUrl><Point><coordinates>-70.928000,41.956000,0</coordinates></Point></Placemark>
<Placemark><name>MHC recon: Town River sites</name><description>Bridgewater, MA
Accurate to ±2500 m — weak confidence
MHC Reconnaissance Survey Town Report: Bridgewater (1981)

Unidentified native sites on the Town River</description><styleUrl>#weak</styleUrl><Point><coordinates>-70.970000,41.990000,0</coordinates></Point></Placemark>
<Placemark><name>MHC recon: Tower Hill sensitive area</name><description>Brimfield, MA
Accurate to ±1500 m — weak confidence — source-checked
MHC Reconnaissance Survey Town Report: Brimfield (1982)

Report flags the Sherman Pond, Marsh Hill and Tower Hill area as archaeologically sensitive; placed on Tower Hill NW of Brimfield centre; [verified] No source pinpointed Tower Hill in Brimfield; search budget exhausted before further lookup.</description><styleUrl>#weak</styleUrl><Point><coordinates>-72.208000,42.142000,0</coordinates></Point></Placemark>
<Placemark><name>Quabaug Old Fort (Indian Hill)</name><description>Brimfield, MA
Accurate to ±1500 m — weak confidence — source-checked
MHC Reconnaissance Survey Town Report: Brimfield (1982)

Indian Hill reputedly the site of Quabaug Old Fort, a Contact/Plantation period stronghold where King Philip is said to have taken refuge; placed on Marsh/Indian Hill above Sherman Pond; [verified] Indian Hill marker exists near Brimfield center per Waymarking but exact coords un</description><styleUrl>#weak</styleUrl><Point><coordinates>-72.190000,42.142500,0</coordinates></Point></Placemark>
<Placemark><name>MHC recon: Salisbury Plain River ford (Crescent-Grove Sts)</name><description>Brockton, MA
Accurate to ±1500 m — weak confidence — source-checked
MHC Reconnaissance Survey Town Report: Brockton (1981)

Documented N/S trail on Main St with presumed ford over the Salisbury (Plain) River at Crescent-Grove Streets; placed at the river crossing N of Brockton centre; [verified] Could not confirm Crescent-Grove St intersection coordinates; search budget exhausted.</description><styleUrl>#weak</styleUrl><Point><coordinates>-71.023500,42.088000,0</coordinates></Point></Placemark>
<Placemark><name>Stone House Hill cave (rock shelter)</name><description>Brockton/Easton, MA
Accurate to ±1500 m — weak confidence — source-checked
MHC Reconnaissance Survey Town Report: Brockton (1981)

Stone House Hill cave adjacent to the Brockton-Easton line near the old road to Easton (Stonehill St) reputedly used by natives for shelter; placed at that line near Stonehill College; [verified] No source found for Stone House Hill cave distinct from Stonehill College; search bu</description><styleUrl>#weak</styleUrl><Point><coordinates>-71.080000,42.063000,0</coordinates></Point></Placemark>
<Placemark><name>MHC recon: Quaboag River collecting area (W of Quaboag Pond)</name><description>Brookfield, MA
Accurate to ±2000 m — weak confidence — source-checked
MHC Reconnaissance Survey Town Report: Brookfield (1984)

Area W of Quaboag Pond and along the Quaboag River described as one of central Massachusetts&#x27; richest collecting areas, Middle Archaic through Late Woodland; placed on the river reach by Brookfield centre; [verified] Quaboag Pond confirmed (Wikipedia) 42.1872,-72.0681, ~4.5km awa</description><styleUrl>#weak</styleUrl><Point><coordinates>-72.107000,42.215500,0</coordinates></Point></Placemark>
<Placemark><name>MHC recon: Quacumquasit Pond site cluster</name><description>Brookfield, MA
Accurate to ±700 m — weak confidence — source-checked
MHC Reconnaissance Survey Town Report: Brookfield (1984)

Many native sites likely at Quaboag and Quacumquasit Ponds; placed on Quacumquasit (South) Pond, with a trail between the two ponds on Cross Rd; [verified] Quacumquasit Pond confirmed (onWater/GNIS) 42.172214,-72.072992; corrected ~1.8km from prior placement.</description><styleUrl>#weak</styleUrl><Point><coordinates>-72.072992,42.172214,0</coordinates></Point></Placemark>
<Placemark><name>MHC recon: Heath School site</name><description>Brookline, MA
Accurate to ±700 m — weak confidence — source-checked
MHC Reconnaissance Survey Town Report: Brookline (1980)

Unidentified native site reported near the Heath School; placed at the school on Eliot St; [verified] School confirmed at 100 Eliot St (now Roland Hayes School), matches basis; exact coords unavailable.</description><styleUrl>#weak</styleUrl><Point><coordinates>-71.155500,42.318500,0</coordinates></Point></Placemark>
<Placemark><name>MHC recon: Muddy River ford (Brookline Village)</name><description>Brookline, MA
Accurate to ±500 m — weak confidence — source-checked
MHC Reconnaissance Survey Town Report: Brookline (1980)

Junction of trails around the Charles River highlands and Back Bay with a critical ford over the Muddy River at Boylston-Washington Streets, Brookline Village; [verified] Brookline Village center confirmed (Wikipedia) 42.3333,-71.1211, ~230m away; within margin.</description><styleUrl>#weak</styleUrl><Point><coordinates>-71.119000,42.332000,0</coordinates></Point></Placemark>
<Placemark><name>MHC recon: site W of Walnut Hill (Baker School)</name><description>Brookline, MA
Accurate to ±800 m — weak confidence — source-checked
MHC Reconnaissance Survey Town Report: Brookline (1980)

Unidentified native site reported west of Walnut Hill near the Baker School; placed at the Baker School on Beverly Rd; [verified] Baker School confirmed at 205 Beverly Rd, Brookline, matches basis; exact coords unavailable.</description><styleUrl>#weak</styleUrl><Point><coordinates>-71.160000,42.310000,0</coordinates></Point></Placemark>
<Placemark><name>MHC recon: Clesson Brook floodplain sites</name><description>Buckland, MA
Accurate to ±600 m — weak confidence — source-checked
MHC Reconnaissance Survey Town Report: Buckland (1982)

Secondary sources suggest native occupation on the Clesson Brook floodplain; placed on the brook near Buckland Four Corners; [verified] Clesson Brook at Buckland Four Corners confirmed (USGS gauge) 42.5834,-72.8362, ~20m away; tightened.</description><styleUrl>#weak</styleUrl><Point><coordinates>-72.836000,42.583500,0</coordinates></Point></Placemark>
<Placemark><name>MHC recon: Deerfield River floodplain sites</name><description>Buckland, MA
Accurate to ±3000 m — weak confidence — source-checked
MHC Reconnaissance Survey Town Report: Buckland (1982)

Native occupation and horticulture indicated on the Deerfield River floodplain; report says evidence is most likely to survive there; placed on the Buckland bank downstream of Shelburne Falls; [verified] Deerfield River near Buckland confirmed only generally (Wikipedia); no speci</description><styleUrl>#weak</styleUrl><Point><coordinates>-72.768000,42.611000,0</coordinates></Point></Placemark>
<Placemark><name>MHC recon: Long Meadow Brook terraces</name><description>Burlington, MA
Accurate to ±1500 m — weak confidence — source-checked
MHC Reconnaissance Survey Town Report: Burlington (1980)

Well drained, south facing areas along Sandy and Long Meadow Brooks named as likely site locations; placed at Long Meadow Brook&#x27;s confluence with Vine Brook; [verified] Could not confirm Long Meadow Brook/Vine Brook confluence coordinates; search budget exhausted.</description><styleUrl>#weak</styleUrl><Point><coordinates>-71.210000,42.493000,0</coordinates></Point></Placemark>
<Placemark><name>MHC recon: Sandy Brook site</name><description>Burlington, MA
Accurate to ±1500 m — weak confidence — source-checked
MHC Reconnaissance Survey Town Report: Burlington (1980)

Site reported on Sandy Brook; primary N/S trail presumed as Cambridge St across Sandy Brook, so placed at that crossing; [verified] Could not confirm Sandy Brook/Cambridge St crossing coordinates; search budget exhausted.</description><styleUrl>#weak</styleUrl><Point><coordinates>-71.203000,42.506000,0</coordinates></Point></Placemark>
<Placemark><name>MHC recon: Vine Brook / Great Meadow site area</name><description>Burlington, MA
Accurate to ±1500 m — weak confidence — source-checked
MHC Reconnaissance Survey Town Report: Burlington (1980)

Sites possible along Vine Brook, especially in the Great Meadows area; placed on Vine Brook in the Great Meadows wetland by the Lexington line; [verified] Vine Brook confirmed through Burlington/Lexington (Wikipedia); exact Great Meadows stretch unpinned.</description><styleUrl>#weak</styleUrl><Point><coordinates>-71.203000,42.487000,0</coordinates></Point></Placemark>
<Placemark><name>MHC recon: Alewife Brook fish weir and ford</name><description>Cambridge, MA
Accurate to ±1500 m — weak confidence — source-checked
MHC Reconnaissance Survey Town Report: Cambridge (1980)

Primary N/S trail to Menotomy conjectured as Massachusetts Ave to a presumed ford at the Alewife Brook fish weir; placed where Mass Ave crosses Alewife Brook; [verified] Found Alewife Brook Reservation pt ~1.8km off, not the Mass Ave crossing</description><styleUrl>#weak</styleUrl><Point><coordinates>-71.129000,42.398200,0</coordinates></Point></Placemark>
<Placemark><name>MHC recon: Charles River Oyster Banks (Cambridgeport)</name><description>Cambridge, MA
Accurate to ±1200 m — weak confidence
MHC Reconnaissance Survey Town Report: Cambridge (1980)

Extensive oyster beds known along the Cambridgeport section of the Charles; branching trails ran to the tidal Oyster Banks fishing grounds in the MIT area</description><styleUrl>#weak</styleUrl><Point><coordinates>-71.096000,42.358000,0</coordinates></Point></Placemark>
<Placemark><name>MHC recon: Charles riverbank, Captains Island to Mount Auburn</name><description>Cambridge, MA
Accurate to ±1200 m — weak confidence
MHC Reconnaissance Survey Town Report: Cambridge (1980)

Prehistoric sites documented along the Charles river bank between Captains Island and Mount Auburn; placed on that reach of the Cambridge shore</description><styleUrl>#weak</styleUrl><Point><coordinates>-71.140000,42.369000,0</coordinates></Point></Placemark>
<Placemark><name>MHC recon: Harvard Square trail junction and Charles ford</name><description>Cambridge, MA
Accurate to ±200 m — weak confidence — source-checked
MHC Reconnaissance Survey Town Report: Cambridge (1980)

Important junction of trails from the coastal fishing grounds to the Mystic Valley around Harvard Square with a low tide ford across the Charles at the Larz Anderson bridge; [verified] Wikipedia Harvard Square infobox coordinates</description><styleUrl>#weak</styleUrl><Point><coordinates>-71.118890,42.373610,0</coordinates></Point></Placemark>
<Placemark><name>MHC recon: Blue Hills felsite and slate quarries</name><description>Canton, MA
Accurate to ±2000 m — weak confidence
MHC Reconnaissance Survey Town Report: Canton (1979)

Major quarry sites in the Blue Hills area named as the source of felsite and slate for implements; placed on the Canton side of the Blue Hills</description><styleUrl>#weak</styleUrl><Point><coordinates>-71.121000,42.213000,0</coordinates></Point></Placemark>
<Placemark><name>MHC recon: Taunton Path node (Green-Green Lodge Sts)</name><description>Canton, MA
Accurate to ±2000 m — weak confidence
MHC Reconnaissance Survey Town Report: Canton (1979)

Documented Path to Taunton around the Neponset marshes, Blue Hills and Punkapoag Pond running as Green-Green Lodge Sts; placed at that route by the Fowl Meadow</description><styleUrl>#weak</styleUrl><Point><coordinates>-71.140000,42.207000,0</coordinates></Point></Placemark>
<Placemark><name>MHC recon: York Street native residences</name><description>Canton, MA
Accurate to ±1500 m — weak confidence — source-checked
MHC Reconnaissance Survey Town Report: Canton (1979)

Last elements of the Indian Plantation population recorded on York St in the Early Industrial period; placed on York St in eastern Canton; [verified] Unfound: York St segment in Canton not geolocatable via Waze/OSM; coords unchanged.</description><styleUrl>#weak</styleUrl><Point><coordinates>-71.093900,42.173900,0</coordinates></Point></Placemark>
<Placemark><name>Ponkapoag Indian Plantation</name><description>Canton, MA
Accurate to ±2500 m — weak confidence
MHC Reconnaissance Survey Town Report: Canton (1979)

Indian Plantation at Punkapoag established 1657, about 6000 acres, with a small fort built to protect it in 1675; centred on Ponkapoag village and pond</description><styleUrl>#weak</styleUrl><Point><coordinates>-71.120000,42.187000,0</coordinates></Point></Placemark>
<Placemark><name>MHC recon: Concord River sites</name><description>Carlisle, MA
Accurate to ±2000 m — weak confidence
MHC Reconnaissance Survey Town Report: Carlisle (1980)

A few unspecified sites reported along the Concord with additional sites likely; conjectured trails follow the valley as Maple St and River Rd; placed on the Carlisle bank</description><styleUrl>#weak</styleUrl><Point><coordinates>-71.312000,42.534000,0</coordinates></Point></Placemark>
<Placemark><name>MHC recon: Great Brook terrace sites</name><description>Carlisle, MA
Accurate to ±1500 m — weak confidence
MHC Reconnaissance Survey Town Report: Carlisle (1980)

Unspecified sites reported on terraces overlooking Great Brook; placed on the brook at Great Brook Farm in northern Carlisle</description><styleUrl>#weak</styleUrl><Point><coordinates>-71.348000,42.549000,0</coordinates></Point></Placemark>
<Placemark><name>MHC recon: Pages Brook terrace sites</name><description>Carlisle, MA
Accurate to ±1500 m — weak confidence
MHC Reconnaissance Survey Town Report: Carlisle (1980)

Unspecified sites reported on terraces overlooking Pages Brook; placed on the brook in northeastern Carlisle near Page Brook Rd</description><styleUrl>#weak</styleUrl><Point><coordinates>-71.320000,42.543000,0</coordinates></Point></Placemark>
<Placemark><name>MHC recon: Spencer Brook terrace sites</name><description>Carlisle, MA
Accurate to ±1500 m — weak confidence
MHC Reconnaissance Survey Town Report: Carlisle (1980)

Unspecified sites reported on terraces overlooking Spencer Brook; placed on the brook in southwestern Carlisle</description><styleUrl>#weak</styleUrl><Point><coordinates>-71.365000,42.515000,0</coordinates></Point></Placemark>
<Placemark><name>MHC recon: East Head Pond shore site</name><description>Carver, MA
Accurate to ±1200 m — weak confidence
MHC Reconnaissance Survey Town Report: Carver (1981)

Unidentified native site on the shore of East Head Pond</description><styleUrl>#weak</styleUrl><Point><coordinates>-70.709000,41.845000,0</coordinates></Point></Placemark>
<Placemark><name>MHC recon: Federal Pond shore site</name><description>Carver, MA
Accurate to ±1200 m — weak confidence
MHC Reconnaissance Survey Town Report: Carver (1981)

Unidentified native site on the shore of Federal Pond</description><styleUrl>#weak</styleUrl><Point><coordinates>-70.709000,41.851000,0</coordinates></Point></Placemark>
<Placemark><name>MHC recon: Ricketts Pond shore site</name><description>Carver, MA
Accurate to ±1200 m — weak confidence
MHC Reconnaissance Survey Town Report: Carver (1981)

Unidentified native site on the shore of Ricketts Pond</description><styleUrl>#weak</styleUrl><Point><coordinates>-70.725000,41.895000,0</coordinates></Point></Placemark>
<Placemark><name>MHC recon: Sampson Pond east shore site</name><description>Carver, MA
Accurate to ±800 m — weak confidence
MHC Reconnaissance Survey Town Report: Carver (1981)

Site on E shore of Sampson Pond; small native population lived here through the 18th century</description><styleUrl>#weak</styleUrl><Point><coordinates>-70.745000,41.856000,0</coordinates></Point></Placemark>
<Placemark><name>MHC recon: Spring Street spring (Carver/Plympton line)</name><description>Carver, MA
Accurate to ±1200 m — weak confidence
MHC Reconnaissance Survey Town Report: Carver (1981)

Large (200 ft) spring by the junction of Spring St at the Carver/Plympton line noted as a native resource area - geocode that junction for a better pin</description><styleUrl>#weak</styleUrl><Point><coordinates>-70.786000,41.935000,0</coordinates></Point></Placemark>
<Placemark><name>MHC recon: Wenham Pond site cluster</name><description>Carver, MA
Accurate to ±1000 m — weak confidence
MHC Reconnaissance Survey Town Report: Carver (1981)

Cluster of native sites (two with Woodland components) immediately S of Wenham Pond; likely on the Nemasket Path (Wenham Rd/Purchase St)</description><styleUrl>#weak</styleUrl><Point><coordinates>-70.796000,41.912000,0</coordinates></Point></Placemark>
<Placemark><name>Sonnett Indian Lands (S of Sampson Pond)</name><description>Carver, MA
Accurate to ±900 m — weak confidence
MHC Reconnaissance Survey Town Report: Carver (1981)

200 acres S of Sampson Pond granted by Plymouth in 1702 to Samuel Sonnett and wife; native-occupied until the late 1700s</description><styleUrl>#weak</styleUrl><Point><coordinates>-70.750000,41.846000,0</coordinates></Point></Placemark>
<Placemark><name>MHC recon: Deerfield River-Cold River confluence site cluster</name><description>Charlemont, MA
Accurate to ±1200 m — weak confidence
MHC Reconnaissance Survey Town Report: Charlemont (1982)

Report: several undated native sites on the Deerfield River floodplain near the river&#x27;s confluence with the Cold River; placed at that confluence by Mohawk Trail State Forest</description><styleUrl>#weak</styleUrl><Point><coordinates>-72.942000,42.638600,0</coordinates></Point></Placemark>
<Placemark><name>MHC recon: Deerfield floodplain, Hartwell Brook to East Charlemont</name><description>Charlemont, MA
Accurate to ±2000 m — weak confidence
MHC Reconnaissance Survey Town Report: Charlemont (1982)

Report: likely Contact sites between the Deerfield-Hartwell Brook confluence and East Charlemont village; placed midway along that reach</description><styleUrl>#weak</styleUrl><Point><coordinates>-72.842000,42.622000,0</coordinates></Point></Placemark>
<Placemark><name>MHC recon: Deerfield floodplain, Zoar to Charlemont village</name><description>Charlemont, MA
Accurate to ±2500 m — weak confidence
MHC Reconnaissance Survey Town Report: Charlemont (1982)

Report: greatest likelihood of Contact sites on Deerfield floodplain between the villages of Zoar and Charlemont; midpoint of that reach</description><styleUrl>#weak</styleUrl><Point><coordinates>-72.895000,42.638000,0</coordinates></Point></Placemark>
<Placemark><name>MHC recon: Todd Mountain native lookout</name><description>Charlemont, MA
Accurate to ±1500 m — weak confidence — source-checked
MHC Reconnaissance Survey Town Report: Charlemont (1982)

Report: eastern summit of Todd Mountain reputed to have been used as a native lookout; placed just E of the mapped Todd Mountain summit; [verified] HikingProject coordinate ~7km off and inconsistent; nothing confirmable</description><styleUrl>#weak</styleUrl><Point><coordinates>-72.938000,42.646500,0</coordinates></Point></Placemark>
<Placemark><name>Indian Hill Burial Place</name><description>Charlton, MA
Accurate to ±2500 m — weak confidence
MHC Reconnaissance Survey Town Report: Charlton (1984)

Report: documented native burial site on Indian Hill in the northeast of town; hill not separately mapped, placed in NE Charlton quadrant</description><styleUrl>#weak</styleUrl><Point><coordinates>-71.945000,42.165000,0</coordinates></Point></Placemark>
<Placemark><name>MHC recon: Glen Echo Lake shore camps</name><description>Charlton, MA
Accurate to ±700 m — weak confidence
MHC Reconnaissance Survey Town Report: Charlton (1984)

Report: banks of Glenecho pond probably locations for short-term Contact occupations; placed on Glen Echo Lake</description><styleUrl>#weak</styleUrl><Point><coordinates>-71.991148,42.163568,0</coordinates></Point></Placemark>
<Placemark><name>MHC recon: Prindle Lake shore camps</name><description>Charlton, MA
Accurate to ±700 m — weak confidence
MHC Reconnaissance Survey Town Report: Charlton (1984)

Report: banks of Prindle pond in the southwest probably short-term occupation locations; placed on Prindle Lake off Prindle Hill Rd</description><styleUrl>#weak</styleUrl><Point><coordinates>-71.995639,42.113056,0</coordinates></Point></Placemark>
<Placemark><name>MHC recon: Cotchpinicut Neck</name><description>Chatham, MA
Accurate to ±800 m — weak confidence
MHC Reconnaissance Survey Town Report: Chatham (1984)

Report: Cotchpinicut Neck cited among native place names indicating settlement; placed at Cotchpinicut Rd/Landing, North Chatham</description><styleUrl>#weak</styleUrl><Point><coordinates>-69.944000,41.712000,0</coordinates></Point></Placemark>
<Placemark><name>MHC recon: Monomesset Neck (Nickerson&#x27;s Neck)</name><description>Chatham, MA
Accurate to ±900 m — weak confidence
MHC Reconnaissance Survey Town Report: Chatham (1984)

Report: native place name Monomesset Neck (Nickersons Neck) cited as evidence of Contact settlement; placed on Nickerson&#x27;s Neck, Pleasant Bay</description><styleUrl>#weak</styleUrl><Point><coordinates>-69.938000,41.699000,0</coordinates></Point></Placemark>
<Placemark><name>MHC recon: Monomoyick settlement (Monomoy)</name><description>Chatham, MA
Accurate to ±3000 m — weak confidence
MHC Reconnaissance Survey Town Report: Chatham (1984)

Report: Monomoy Island still bears the name of the original settlement and native tribal area Monomoyick; placed on north Monomoy</description><styleUrl>#weak</styleUrl><Point><coordinates>-69.987000,41.640000,0</coordinates></Point></Placemark>
<Placemark><name>MHC recon: Monnamoiet River (Muddy Creek)</name><description>Chatham/Harwich, MA
Accurate to ±900 m — weak confidence
MHC Reconnaissance Survey Town Report: Chatham (1984)

Report: Monnamoiet River (Muddy Creek) cited as native place name indicating Contact settlement; placed on Muddy Creek at the Chatham-Harwich line</description><styleUrl>#weak</styleUrl><Point><coordinates>-70.017000,41.710000,0</coordinates></Point></Placemark>
<Placemark><name>MHC recon: Black Brook-River Meadow Brook terrace</name><description>Chelmsford, MA
Accurate to ±1200 m — weak confidence
MHC Reconnaissance Survey Town Report: Chelmsford (April 1980)

Report: probable Contact sites on the terrace between Black and River Meadow Brooks; placed near their junction toward Middlesex Village</description><styleUrl>#weak</styleUrl><Point><coordinates>-71.341000,42.618000,0</coordinates></Point></Placemark>
<Placemark><name>MHC recon: Heart Pond site cluster</name><description>Chelmsford, MA
Accurate to ±800 m — weak confidence
MHC Reconnaissance Survey Town Report: Chelmsford (April 1980)

Report: unspecified native sites reported around Heart Pond; placed on Heart Pond</description><styleUrl>#weak</styleUrl><Point><coordinates>-71.388186,42.565604,0</coordinates></Point></Placemark>
<Placemark><name>MHC recon: Westford Street site (NE of Route 3)</name><description>Chelmsford, MA
Accurate to ±900 m — weak confidence
MHC Reconnaissance Survey Town Report: Chelmsford (April 1980)

Report: unspecified native sites along Westford Street NE of the Route 3 intersection; placed just NE of that crossing</description><styleUrl>#weak</styleUrl><Point><coordinates>-71.377000,42.606000,0</coordinates></Point></Placemark>
<Placemark><name>MHC recon: Island End River sites (Navy Hospital land)</name><description>Chelsea, MA
Accurate to ±900 m — weak confidence
MHC Reconnaissance Survey Town Report: Chelsea (November 1980)

Report: sites likely along the Island End River, especially less disturbed areas of the Navy Hospital property; placed between the river and Admiral&#x27;s Hill</description><styleUrl>#weak</styleUrl><Point><coordinates>-71.052000,42.391000,0</coordinates></Point></Placemark>
<Placemark><name>MHC recon: Mill Creek sites</name><description>Chelsea, MA
Accurate to ±900 m — weak confidence
MHC Reconnaissance Survey Town Report: Chelsea (November 1980)

Report: sites likely along Mill Creek; placed on Mill Creek at the Chelsea-Everett line</description><styleUrl>#weak</styleUrl><Point><coordinates>-71.061000,42.397000,0</coordinates></Point></Placemark>
<Placemark><name>MHC recon: reputed last Pequot village, Westfield River</name><description>Chesterfield, MA
Accurate to ±1500 m — weak confidence
MHC Reconnaissance Survey Town Report: Chesterfield (October 1982)

Report: reputed site of the last Pequot village near the Westfield River and Partridge Road junction on the river&#x27;s southern floodplain; placed on the East Branch near the Gorge</description><styleUrl>#weak</styleUrl><Point><coordinates>-72.878000,42.383000,0</coordinates></Point></Placemark>
<Placemark><name>MHC recon: southeastern Chesterfield upland encampment (Kidd&#x27;s Lookout/Bofa Hill)</name><description>Chesterfield, MA
Accurate to ±2000 m — weak confidence
MHC Reconnaissance Survey Town Report: Chesterfield (October 1982)

Report: greatest possibility of extant Contact sites in SE Chesterfield, notably Bofa Hill and Kidd&#x27;s Lookout; Kidd&#x27;s Lookout is a high hill in eastern Chesterfield</description><styleUrl>#weak</styleUrl><Point><coordinates>-72.800000,42.378000,0</coordinates></Point></Placemark>
<Placemark><name>MHC recon: Indian Wading Place, Chicopee River</name><description>Chicopee, MA
Accurate to ±1500 m — weak confidence — source-checked
MHC Reconnaissance Survey Town Report: Chicopee (April 1982)

Report: primary north-south Connecticut valley trail crossed at the reported Indian Wading Place on the Chicopee River opposite Szot Park; placed at that crossing; [verified] Searched; no confirmable coordinate for Szot Park river crossing found</description><styleUrl>#weak</styleUrl><Point><coordinates>-72.608300,42.144700,0</coordinates></Point></Placemark>
<Placemark><name>MHC recon: Willimansett river bluff site</name><description>Chicopee, MA
Accurate to ±1500 m — weak confidence — source-checked
MHC Reconnaissance Survey Town Report: Chicopee (April 1982)

Report: native sites reported at the Willimansett river bluff, on bluffs overlooking the Connecticut River; placed on the bluff W of Chicopee St (Rt 116); [verified] Wikipedia Willimansett article gives no coordinates; bluff site location unconfirmed.</description><styleUrl>#weak</styleUrl><Point><coordinates>-72.608000,42.171000,0</coordinates></Point></Placemark>
<Placemark><name>MHC recon: Menemsha Pond site concentration</name><description>Chilmark, MA
Accurate to ±1200 m — weak confidence
MHC Reconnaissance Survey Town Report: Chilmark (1984)

Report: the Menemsha, Squibnocket Pond and Peares Point areas have known site concentrations; placed on Menemsha Pond</description><styleUrl>#weak</styleUrl><Point><coordinates>-70.762000,41.345000,0</coordinates></Point></Placemark>
<Placemark><name>MHC recon: Old South Road native trail, north of Chilmark Pond</name><description>Chilmark, MA
Accurate to ±2000 m — weak confidence
MHC Reconnaissance Survey Town Report: Chilmark (1984)

Report: a native trail ran E-W on the north side of Chilmark Pond in the area of Old South Road linking the Takemmy and Nashowakemmuck sachemships</description><styleUrl>#weak</styleUrl><Point><coordinates>-70.722000,41.342000,0</coordinates></Point></Placemark>
<Placemark><name>MHC recon: Clamshell Pond east shore sites</name><description>Clinton, MA
Accurate to ±600 m — weak confidence — source-checked
MHC Reconnaissance Survey Town Report: Clinton (1983)

Report: native sites on the east side of Clamshell Pond and fishing there from nearby base camps; placed on Clamshell Pond off Clamshell Rd; [verified] Mass.gov confirms Clamshell Pond, Clinton near Wachusett Reservoir; no coord listed</description><styleUrl>#weak</styleUrl><Point><coordinates>-71.678000,42.428500,0</coordinates></Point></Placemark>
<Placemark><name>MHC recon: Mossy Pond sites</name><description>Clinton, MA
Accurate to ±700 m — weak confidence
MHC Reconnaissance Survey Town Report: Clinton (1983)

Report: possible native sites at Mossy Pond and fishing along it; placed on Mossy Pond</description><styleUrl>#weak</styleUrl><Point><coordinates>-71.699014,42.418274,0</coordinates></Point></Placemark>
<Placemark><name>MHC recon: Nashua River falls sites</name><description>Clinton, MA
Accurate to ±900 m — weak confidence
MHC Reconnaissance Survey Town Report: Clinton (1983)

Report: native sites in the Nashua River valley corridor including riverine falls sites; placed at the Nashua River falls below Wachusett Dam</description><styleUrl>#weak</styleUrl><Point><coordinates>-71.688000,42.421000,0</coordinates></Point></Placemark>
<Placemark><name>MHC recon: South Meadow Pond sites</name><description>Clinton, MA
Accurate to ±800 m — weak confidence
MHC Reconnaissance Survey Town Report: Clinton (1983)

Report: area exploited for fishing along South Meadow Pond with possible horticulture on adjacent knolls; pond lies about 1.5 mi SW of Clinton centre</description><styleUrl>#weak</styleUrl><Point><coordinates>-71.703000,42.401000,0</coordinates></Point></Placemark>
<Placemark><name>MHC recon: Beechwood winter camp area</name><description>Cohasset, MA
Accurate to ±1000 m — weak confidence
MHC Reconnaissance Survey Town Report: Cohasset (1979)

Probable Contact period winter sites in the vicinity of Beechwood; placed at Beechwood village.</description><styleUrl>#weak</styleUrl><Point><coordinates>-70.833000,42.225500,0</coordinates></Point></Placemark>
<Placemark><name>MHC recon: Brass Kettle Brook burial locality</name><description>Cohasset, MA
Accurate to ±1000 m — weak confidence
MHC Reconnaissance Survey Town Report: Cohasset (1979)

Report notes place name Brass Kettle Brook as suggestive of Contact period burials; placed at Brass Kettle brook off King St.</description><styleUrl>#weak</styleUrl><Point><coordinates>-70.843000,42.233000,0</coordinates></Point></Placemark>
<Placemark><name>MHC recon: Cooper&#x27;s Island site (Little Harbor west side)</name><description>Cohasset, MA
Accurate to ±1500 m — weak confidence — source-checked
MHC Reconnaissance Survey Town Report: Cohasset (1979)

Listed site area at Cooper&#x27;s Island on the west side of Little Harbor; placed at the island in Little Harbor.; [verified] Cohasset history page confirms Cooper&#x27;s Island exists but gives no coordinates</description><styleUrl>#weak</styleUrl><Point><coordinates>-70.815000,42.244000,0</coordinates></Point></Placemark>
<Placemark><name>MHC recon: Lily Pond winter camp area</name><description>Cohasset, MA
Accurate to ±800 m — weak confidence
MHC Reconnaissance Survey Town Report: Cohasset (1979)

Probable Contact period winter sites in the vicinity of Lily Pond (Bigelow 1898); placed at the pond.</description><styleUrl>#weak</styleUrl><Point><coordinates>-70.818000,42.233000,0</coordinates></Point></Placemark>
<Placemark><name>MHC recon: Little Harbor entrance site (north side)</name><description>Cohasset, MA
Accurate to ±1500 m — weak confidence — source-checked
MHC Reconnaissance Survey Town Report: Cohasset (1979)

Listed site area at the entrance to Little Harbor, north side; placed at the harbour mouth.; [verified] Birdinghotspots page confirms Little Harbor, Cohasset but gives no coordinates.</description><styleUrl>#weak</styleUrl><Point><coordinates>-70.807000,42.247000,0</coordinates></Point></Placemark>
<Placemark><name>MHC recon: Straits Pond shore site area</name><description>Cohasset, MA
Accurate to ±800 m — weak confidence
MHC Reconnaissance Survey Town Report: Cohasset (1979)

Town history lists site areas incl. Late Woodland components on the shore of Straits Pond; placed on the Cohasset (south) shore.</description><styleUrl>#weak</styleUrl><Point><coordinates>-70.844000,42.252000,0</coordinates></Point></Placemark>
<Placemark><name>MHC recon: Colrain Center fordway</name><description>Colrain, MA
Accurate to ±700 m — weak confidence
MHC Reconnaissance Survey Town Report: Colrain (1983)

Trail from Pocumtuck up the North River east bank to a presumed fordway at Colrain Center; placed at the village centre crossing.</description><styleUrl>#weak</styleUrl><Point><coordinates>-72.697600,42.672300,0</coordinates></Point></Placemark>
<Placemark><name>MHC recon: Green River fishing and hunting camps</name><description>Colrain, MA
Accurate to ±2000 m — weak confidence
MHC Reconnaissance Survey Town Report: Colrain (1983)

Smaller fishing and hunting encampments probably adjacent to the Green River; placed on the Green River reach in east Colrain.</description><styleUrl>#weak</styleUrl><Point><coordinates>-72.643000,42.687000,0</coordinates></Point></Placemark>
<Placemark><name>MHC recon: McLeod Pond / Catamount Hill upland camps</name><description>Colrain, MA
Accurate to ±900 m — weak confidence
MHC Reconnaissance Survey Town Report: Colrain (1983)

Conjectured trail branches to McLeod Pond on Catamount Hill with scattered upland camps; placed at the pond.</description><styleUrl>#weak</styleUrl><Point><coordinates>-72.762000,42.663000,0</coordinates></Point></Placemark>
<Placemark><name>MHC recon: North River branch confluence camp area</name><description>Colrain, MA
Accurate to ±1200 m — weak confidence
MHC Reconnaissance Survey Town Report: Colrain (1983)

Report calls the area near the confluence of the two branches of the North River an especially inviting native location.</description><styleUrl>#weak</styleUrl><Point><coordinates>-72.706000,42.664000,0</coordinates></Point></Placemark>
<Placemark><name>MHC recon: North River floodplain site cluster (Lyonsville-Shattuckville)</name><description>Colrain, MA
Accurate to ±2500 m — weak confidence
MHC Reconnaissance Survey Town Report: Colrain (1983)

Native sites probably focused on the broader North River floodplain between Lyonsville and Shattuckville; midpoint of that reach.</description><styleUrl>#weak</styleUrl><Point><coordinates>-72.703000,42.662000,0</coordinates></Point></Placemark>
<Placemark><name>MHC recon: Annursnack Hill trail route</name><description>Concord, MA
Accurate to ±1500 m — weak confidence
MHC Reconnaissance Survey Town Report: Concord (1980)

Probable north-side route along Strawberry Hill Road around Annursnack Hill; node at the hill.</description><styleUrl>#weak</styleUrl><Point><coordinates>-71.382000,42.489000,0</coordinates></Point></Placemark>
<Placemark><name>MHC recon: Assabet north bank site cluster (Spencer to Dakins Brook)</name><description>Concord, MA
Accurate to ±1500 m — weak confidence
MHC Reconnaissance Survey Town Report: Concord (1980)

Several Woodland sites reported along the north side of the Assabet between Spencer and Dakins Brooks; centred on that reach.</description><styleUrl>#weak</styleUrl><Point><coordinates>-71.373000,42.479000,0</coordinates></Point></Placemark>
<Placemark><name>MHC recon: Fairhaven Hill / Walden Pond trail</name><description>Concord, MA
Accurate to ±2000 m — weak confidence
MHC Reconnaissance Survey Town Report: Concord (1980)

Trails conjectured from the south around Walden Pond and Fairhaven Hill to Lincoln with trail remnants near the railroad; node at Fairhaven Hill.</description><styleUrl>#weak</styleUrl><Point><coordinates>-71.366000,42.438000,0</coordinates></Point></Placemark>
<Placemark><name>MHC recon: Mill Brook fish weir</name><description>Concord, MA
Accurate to ±1000 m — weak confidence
MHC Reconnaissance Survey Town Report: Concord (1980)

A fish weir on Mill creek reported at first settlement; placed on Mill Brook near its outlet to the Concord River.</description><styleUrl>#weak</styleUrl><Point><coordinates>-71.352000,42.462500,0</coordinates></Point></Placemark>
<Placemark><name>MHC recon: Schneck Brook horticultural and fishing area</name><description>Conway, MA
Accurate to ±1500 m — weak confidence
MHC Reconnaissance Survey Town Report: Conway (1982)

Horticultural land on level ground south of Schneck Brook and a primary fishing site at its confluence with the Deerfield River.</description><styleUrl>#weak</styleUrl><Point><coordinates>-72.725000,42.540000,0</coordinates></Point></Placemark>
<Placemark><name>MHC recon: South River / Deerfield River confluence bluff</name><description>Conway, MA
Accurate to ±1200 m — weak confidence
MHC Reconnaissance Survey Town Report: Conway (1982)

Bluff immediately north of the South and Deerfield rivers named as a likely site area and primary fishing location.</description><styleUrl>#weak</styleUrl><Point><coordinates>-72.680000,42.548000,0</coordinates></Point></Placemark>
<Placemark><name>MHC recon: South River valley camp cluster (Conway village reach)</name><description>Conway, MA
Accurate to ±2500 m — weak confidence
MHC Reconnaissance Survey Town Report: Conway (1982)

Period sites most likely concentrated in the South River valley between Conway village and the river&#x27;s confluence with the Deerfield.</description><styleUrl>#weak</styleUrl><Point><coordinates>-72.693000,42.527000,0</coordinates></Point></Placemark>
<Placemark><name>MHC recon: Cummington village Westfield River floodplain</name><description>Cummington, MA
Accurate to ±1200 m — weak confidence
MHC Reconnaissance Survey Town Report: Cummington (1982)

Native occupation probably focused on the Westfield floodplain at Cummington village with cropland and fishing; placed at the village river reach.</description><styleUrl>#weak</styleUrl><Point><coordinates>-72.889000,42.457000,0</coordinates></Point></Placemark>
<Placemark><name>MHC recon: Dawes Cemetery whetstone quarry site</name><description>Cummington, MA
Accurate to ±700 m — weak confidence
MHC Reconnaissance Survey Town Report: Cummington (1982)

Native quarry site suggested south of Dawes cemetery at a 19th-century whetstone quarry; placed just south of the cemetery on Potash Hill Rd.</description><styleUrl>#weak</styleUrl><Point><coordinates>-72.914400,42.461000,0</coordinates></Point></Placemark>
<Placemark><name>MHC recon: West Cummington Westfield River floodplain</name><description>Cummington, MA
Accurate to ±1200 m — weak confidence
MHC Reconnaissance Survey Town Report: Cummington (1982)

Native occupation and horticulture also focused on the Westfield floodplain at West Cummington village.</description><styleUrl>#weak</styleUrl><Point><coordinates>-72.933000,42.476000,0</coordinates></Point></Placemark>
<Placemark><name>MHC recon: Westfield / Swift River confluence riverine site</name><description>Cummington, MA
Accurate to ±1000 m — weak confidence
MHC Reconnaissance Survey Town Report: Cummington (1982)

An additional riverine period site likely at the confluence of the Westfield and North Branch Swift Rivers, near Swift River village.</description><styleUrl>#weak</styleUrl><Point><coordinates>-72.857000,42.443000,0</coordinates></Point></Placemark>
<Placemark><name>MHC recon: Danversport river confluence site area</name><description>Danvers, MA
Accurate to ±1200 m — weak confidence
MHC Reconnaissance Survey Town Report: Danvers (1986)

Report says the confluence of the Waters, Crane and Porter Rivers at Danversport may have afforded good site locations incl. middens and burials.</description><styleUrl>#weak</styleUrl><Point><coordinates>-70.926500,42.559500,0</coordinates></Point></Placemark>
<Placemark><name>MHC recon: Route 62 / Route 35 trail corridor</name><description>Danvers, MA
Accurate to ±2500 m — weak confidence
MHC Reconnaissance Survey Town Report: Danvers (1986)

Major native trails likely existed in the areas of Routes 35 and 62; node placed where the two corridors meet near Danvers centre.</description><styleUrl>#weak</styleUrl><Point><coordinates>-70.939000,42.573000,0</coordinates></Point></Placemark>
<Placemark><name>MHC recon: Wahquameschock neck (Waters-Crane Rivers)</name><description>Danvers, MA
Accurate to ±1000 m — weak confidence
MHC Reconnaissance Survey Town Report: Danvers (1986)

Endicott&#x27;s Orchard Farm lay on a neck of land called by the Indians Wahquameschock between the Waters and Crane Rivers.</description><styleUrl>#weak</styleUrl><Point><coordinates>-70.935000,42.555000,0</coordinates></Point></Placemark>
<Placemark><name>MHC recon: Great Neck / west of Slocums River site group</name><description>Dartmouth, MA
Accurate to ±1500 m — weak confidence
MHC Reconnaissance Survey Town Report: Dartmouth (1981)

Three small unidentified native sites located west of Slocums River near Great Neck; placed on the west side of the river.</description><styleUrl>#weak</styleUrl><Point><coordinates>-71.002000,41.558000,0</coordinates></Point></Placemark>
<Placemark><name>MHC recon: Paskamanset / Destruction Brook interior settlement</name><description>Dartmouth, MA
Accurate to ±900 m — weak confidence
MHC Reconnaissance Survey Town Report: Dartmouth (1981)

Interior native settlement likely focused at the confluence of the Paskamanset River and Destruction Brook at Russells Mills.</description><styleUrl>#weak</styleUrl><Point><coordinates>-70.978500,41.586000,0</coordinates></Point></Placemark>
<Placemark><name>MHC recon: Reed Road / Noquochoke Lake ford</name><description>Dartmouth, MA
Accurate to ±800 m — weak confidence
MHC Reconnaissance Survey Town Report: Dartmouth (1981)

A native ford was probably situated at the junction of Reed Rd and Noquochoke Lake.</description><styleUrl>#weak</styleUrl><Point><coordinates>-71.040000,41.646000,0</coordinates></Point></Placemark>
<Placemark><name>MHC recon: Russells Mills Contact period burial</name><description>Dartmouth, MA
Accurate to ±700 m — weak confidence — source-checked
MHC Reconnaissance Survey Town Report: Dartmouth (1981)

A possible Contact period burial situated in Russells Mills on the north bank of the Paskamanset River.; [verified] Corrected to Russells Mills Historic District ctr (Wikipedia); orig ~2.7km off.</description><styleUrl>#weak</styleUrl><Point><coordinates>-71.005000,41.573060,0</coordinates></Point></Placemark>
<Placemark><name>MHC recon: Smith Mills settlement area</name><description>Dartmouth, MA
Accurate to ±1000 m — weak confidence
MHC Reconnaissance Survey Town Report: Dartmouth (1981)

Settlement near the junction of the Paskamanset River and two of its tributaries at Smith Mills, on a suspected east-west trail.</description><styleUrl>#weak</styleUrl><Point><coordinates>-70.990000,41.636000,0</coordinates></Point></Placemark>
<Placemark><name>MHC recon: South Dartmouth burial east of Apponagansett River</name><description>Dartmouth, MA
Accurate to ±800 m — weak confidence
MHC Reconnaissance Survey Town Report: Dartmouth (1981)

An unidentified native burial was exposed in South Dartmouth east of the Apponagansett River.</description><styleUrl>#weak</styleUrl><Point><coordinates>-70.938500,41.585500,0</coordinates></Point></Placemark>
<Placemark><name>MHC recon: Dedham Island / Motley Pond suspected sites</name><description>Dedham, MA
Accurate to ±1200 m — weak confidence
MHC Reconnaissance Survey Town Report: Dedham (1981)

Suspected native sites around Motley Pond at Dedham Island, with a branch trail across the Charles at Bridge St.</description><styleUrl>#weak</styleUrl><Point><coordinates>-71.190000,42.257000,0</coordinates></Point></Placemark>
<Placemark><name>MHC recon: Mother Brook terrace sites</name><description>Dedham, MA
Accurate to ±1200 m — weak confidence
MHC Reconnaissance Survey Town Report: Dedham (1981)

Period sites likely on well-drained terraces along Mother Brook between the Charles and Neponset; placed mid-brook.</description><styleUrl>#weak</styleUrl><Point><coordinates>-71.166000,42.248000,0</coordinates></Point></Placemark>
<Placemark><name>MHC recon: Weld Pond rockshelter and wintering area</name><description>Dedham, MA
Accurate to ±1200 m — weak confidence
MHC Reconnaissance Survey Town Report: Dedham (1981)

Rockshelters and wintering sites possible in the rockier western part of town, especially around Weld and Rodman Ponds.</description><styleUrl>#weak</styleUrl><Point><coordinates>-71.201800,42.249800,0</coordinates></Point></Placemark>
<Placemark><name>MHC recon: Wigwam Brook ford (Dwight&#x27;s Bridge)</name><description>Dedham, MA
Accurate to ±600 m — weak confidence — source-checked
MHC Reconnaissance Survey Town Report: Dedham (1981)

Critical native ford over Wigwam Brook at East St., later Dwight&#x27;s Bridge; placed at the East St. crossing.; [verified] Mapcarta Wigwam Pond coord ~490m away, within margin, Dedham</description><styleUrl>#weak</styleUrl><Point><coordinates>-71.170000,42.240000,0</coordinates></Point></Placemark>
<Placemark><name>MHC recon: Wigwam Pond reputed 17th century site</name><description>Dedham, MA
Accurate to ±700 m — weak confidence — source-checked
MHC Reconnaissance Survey Town Report: Dedham (1981)

A site with reputed 17th century occupation southeast of Wigwam Pond; placed just SE of the pond.; [verified] Matches SE of Wigwam Pond (Fishbrain coords), within margin.</description><styleUrl>#weak</styleUrl><Point><coordinates>-71.171000,42.235000,0</coordinates></Point></Placemark>
<Placemark><name>MHC recon: Deerfield River floodplain burials west of Old Albany cemetery</name><description>Deerfield, MA
Accurate to ±900 m — weak confidence
MHC Reconnaissance Survey Town Report: Deerfield (1982)

Several probable period burials exposed in the late 19th century on the Deerfield River floodplain west of the Old Albany cemetery.</description><styleUrl>#weak</styleUrl><Point><coordinates>-72.618000,42.542000,0</coordinates></Point></Placemark>
<Placemark><name>MHC recon: North Meadows shell middens</name><description>Deerfield, MA
Accurate to ±1000 m — weak confidence
MHC Reconnaissance Survey Town Report: Deerfield (1982)

Undated native shell middens in North Meadows near the Deerfield River indicate freshwater mollusc harvesting.</description><styleUrl>#weak</styleUrl><Point><coordinates>-72.612000,42.553000,0</coordinates></Point></Placemark>
<Placemark><name>MHC recon: Pine Island native sites</name><description>Deerfield, MA
Accurate to ±1000 m — weak confidence
MHC Reconnaissance Survey Town Report: Deerfield (1982)

Important native sites reported around the Deerfield valley meadows at Pine Island, by the fordway over the Deerfield River to Greenfield.</description><styleUrl>#weak</styleUrl><Point><coordinates>-72.610000,42.562000,0</coordinates></Point></Placemark>
<Placemark><name>MHC recon: The Bars native sites</name><description>Deerfield, MA
Accurate to ±1000 m — weak confidence
MHC Reconnaissance Survey Town Report: Deerfield (1982)

Important native sites reported at The Bars on the Deerfield valley meadows, on the Mill Village Road trail axis.</description><styleUrl>#weak</styleUrl><Point><coordinates>-72.615000,42.527000,0</coordinates></Point></Placemark>
<Placemark><name>MHC recon: upland burials southwest of Pocumtuck Rock</name><description>Deerfield, MA
Accurate to ±900 m — weak confidence
MHC Reconnaissance Survey Town Report: Deerfield (1982)

Upland burials found southwest of Pocumtuck Rock overlooking Wapping; placed on the ridge slope above Wapping.</description><styleUrl>#weak</styleUrl><Point><coordinates>-72.596000,42.542000,0</coordinates></Point></Placemark>
<Placemark><name>MHC recon: Petty&#x27;s Plain Contact period burial</name><description>Deerfield/Greenfield, MA
Accurate to ±1000 m — weak confidence
MHC Reconnaissance Survey Town Report: Deerfield (1982)

One possible Contact period burial exposed on Petty&#x27;s Plain in 1886; Petty&#x27;s Plain lies across the Deerfield River in Greenfield, formerly part of Deerfield.</description><styleUrl>#weak</styleUrl><Point><coordinates>-72.620000,42.578000,0</coordinates></Point></Placemark>
<Placemark><name>MHC recon: Nobscusset planting fields</name><description>Dennis, MA
Accurate to ±1200 m — weak confidence
MHC Reconnaissance Survey Town Report: Dennis (1984)

Nobscusset native planting fields in the northwest of the town; placed on the level ground west of Nobscusset.</description><styleUrl>#weak</styleUrl><Point><coordinates>-70.200000,41.748000,0</coordinates></Point></Placemark>
<Placemark><name>MHC recon: Quivett Neck settlement</name><description>Dennis, MA
Accurate to ±1000 m — weak confidence
MHC Reconnaissance Survey Town Report: Dennis (1984)

Native settlement probably focused along the north shore at Quivett Neck; placed on the neck at Quivett Creek.</description><styleUrl>#weak</styleUrl><Point><coordinates>-70.147000,41.749000,0</coordinates></Point></Placemark>
<Placemark><name>MHC recon: Sesuit Neck settlement</name><description>Dennis, MA
Accurate to ±1000 m — weak confidence
MHC Reconnaissance Survey Town Report: Dennis (1984)

Native settlement probably focused along the north shore at Sesuit Neck; placed on the neck at Sesuit Harbor.</description><styleUrl>#weak</styleUrl><Point><coordinates>-70.162000,41.752000,0</coordinates></Point></Placemark>
<Placemark><name>MHC recon: Elm and County Streets site cluster</name><description>Dighton, MA
Accurate to ±900 m — weak confidence
MHC Reconnaissance Survey Town Report: Dighton (1981)

Three unidentified native sites at the Elm St/County St junction and the Segreganset mouth; placed at the estimated Elm-County crossing N of Main St</description><styleUrl>#weak</styleUrl><Point><coordinates>-71.122500,41.822500,0</coordinates></Point></Placemark>
<Placemark><name>MHC recon: Hunters and Richmond Hills sites</name><description>Dighton, MA
Accurate to ±1500 m — weak confidence
MHC Reconnaissance Survey Town Report: Dighton (1981)

Report notes additional native sites may have been established on Hunters and Richmond Hills; anchored on the surveyed Richmond Hill summit</description><styleUrl>#weak</styleUrl><Point><coordinates>-71.128162,41.807517,0</coordinates></Point></Placemark>
<Placemark><name>MHC recon: Crystal Lake (Bad Luck Pond) site area</name><description>Douglas, MA
Accurate to ±1200 m — weak confidence
MHC Reconnaissance Survey Town Report: Douglas (1984)

Probable sites on Crystal Lake, formerly Bad Luck Pond; pond lies about 1.5 mi W of Douglas centre between Route 16 and SW Main St</description><styleUrl>#weak</styleUrl><Point><coordinates>-71.773000,42.047000,0</coordinates></Point></Placemark>
<Placemark><name>MHC recon: Douglas Woods rock shelter</name><description>Douglas, MA
Accurate to ±1500 m — weak confidence
MHC Reconnaissance Survey Town Report: Douglas (1984)

Report lists a rockshelter in the Douglas Woods in the west of town; placed in the western Douglas State Forest uplands</description><styleUrl>#weak</styleUrl><Point><coordinates>-71.790000,42.030000,0</coordinates></Point></Placemark>
<Placemark><name>MHC recon: Mumford River site area</name><description>Douglas, MA
Accurate to ±1500 m — weak confidence
MHC Reconnaissance Survey Town Report: Douglas (1984)

Probable sites along the Mumford River, whose corridor also carried the trail to Uxbridge; anchored on the river at East Douglas village</description><styleUrl>#weak</styleUrl><Point><coordinates>-71.720000,42.070000,0</coordinates></Point></Placemark>
<Placemark><name>MHC recon: Wallis Pond site area</name><description>Douglas, MA
Accurate to ±1500 m — weak confidence — source-checked
MHC Reconnaissance Survey Town Report: Douglas (1984)

Probable seasonal sites on the shores of Wallis Pond; placed at the pond in Douglas State Forest; [verified] Searched; no confirmable precise coordinate for Wallis Pond</description><styleUrl>#weak</styleUrl><Point><coordinates>-71.781460,42.069030,0</coordinates></Point></Placemark>
<Placemark><name>MHC recon: Beaver Brook village sites (New Boston and Navy Yard)</name><description>Dracut, MA
Accurate to ±2500 m — weak confidence
MHC Reconnaissance Survey Town Report: Dracut (1980)

Unspecified sites noted along Beaver Brook near New Boston Village and Navy Yard Village (Parker Ave); anchored mid-course on Beaver Brook in Dracut</description><styleUrl>#weak</styleUrl><Point><coordinates>-71.308000,42.678000,0</coordinates></Point></Placemark>
<Placemark><name>MHC recon: Long Pond southeast shore sites</name><description>Dracut, MA
Accurate to ±900 m — weak confidence
MHC Reconnaissance Survey Town Report: Dracut (1980)

Town history notes unspecified sites on the SE shore of Long Pond; pond lies on the NH line about 3.5 mi NW of Dracut centre</description><styleUrl>#weak</styleUrl><Point><coordinates>-71.344000,42.702000,0</coordinates></Point></Placemark>
<Placemark><name>MHC recon: Peters Pond site area</name><description>Dracut, MA
Accurate to ±900 m — weak confidence
MHC Reconnaissance Survey Town Report: Dracut (1980)

Sites likely adjacent to Peters Pond, also the conjectured Pelham St cross-link to New Hampshire; placed at the pond in NE Dracut</description><styleUrl>#weak</styleUrl><Point><coordinates>-71.267000,42.695000,0</coordinates></Point></Placemark>
<Placemark><name>MHC recon: Mascuppic Lake site area</name><description>Dracut/Tyngsborough, MA
Accurate to ±900 m — weak confidence
MHC Reconnaissance Survey Town Report: Dracut (1980)

Sites considered likely adjacent to Peters and Mascuppic as well as Long Pond; placed on the Dracut (eastern) side of Mascuppic Lake</description><styleUrl>#weak</styleUrl><Point><coordinates>-71.369000,42.679000,0</coordinates></Point></Placemark>
<Placemark><name>MHC recon: Quinebaug Valley village site</name><description>Dudley, MA
Accurate to ±1800 m — weak confidence
MHC Reconnaissance Survey Town Report: Dudley (1984)

Reputed native village site in the Quinebaug Valley; placed on the Quinebaug River in western Dudley near West Dudley</description><styleUrl>#weak</styleUrl><Point><coordinates>-71.965000,42.045000,0</coordinates></Point></Placemark>
<Placemark><name>MHC recon: Nashua River terrace sites</name><description>Dunstable, MA
Accurate to ±1500 m — weak confidence
MHC Reconnaissance Survey Town Report: Dunstable (1980)

Period sites possible on well drained terraces and knolls along the Nashua River; anchored on the river reach forming the east town line</description><styleUrl>#weak</styleUrl><Point><coordinates>-71.448000,42.660000,0</coordinates></Point></Placemark>
<Placemark><name>MHC recon: Salmon Brook valley sites</name><description>Dunstable, MA
Accurate to ±2000 m — weak confidence
MHC Reconnaissance Survey Town Report: Dunstable (1980)

Sites suspected along the local valley of Salmon Brook from Massapoag Pond; anchored on the brook at Dunstable centre</description><styleUrl>#weak</styleUrl><Point><coordinates>-71.482000,42.675000,0</coordinates></Point></Placemark>
<Placemark><name>MHC recon: western Dunstable slate quarry sites</name><description>Dunstable, MA
Accurate to ±2000 m — weak confidence
MHC Reconnaissance Survey Town Report: Dunstable (1980)

Report notes possible slate quarry sites in the western part of town; centroid of western Dunstable</description><styleUrl>#weak</styleUrl><Point><coordinates>-71.515000,42.670000,0</coordinates></Point></Placemark>
<Placemark><name>MHC recon: High Pines shell middens</name><description>Duxbury, MA
Accurate to ±900 m — weak confidence
MHC Reconnaissance Survey Town Report: Duxbury (1981)

Prehistoric shell middens reported throughout High Pines opposite Duxbury Beach; placed on the mainland shore at High Pines</description><styleUrl>#weak</styleUrl><Point><coordinates>-70.675000,42.029000,0</coordinates></Point></Placemark>
<Placemark><name>MHC recon: Millbrook area sites</name><description>Duxbury, MA
Accurate to ±1000 m — weak confidence
MHC Reconnaissance Survey Town Report: Duxbury (1981)

Unidentified native sites reported in the Millbrook area, one of three not on Kingston or Duxbury Bays; placed at Millbrook village</description><styleUrl>#weak</styleUrl><Point><coordinates>-70.700000,42.048000,0</coordinates></Point></Placemark>
<Placemark><name>MHC recon: native planting grounds south of the Nook</name><description>Duxbury, MA
Accurate to ±800 m — weak confidence
MHC Reconnaissance Survey Town Report: Duxbury (1981)

Reported native planting grounds immediately south of the Nook, on good agricultural land south of Duxbury Marsh</description><styleUrl>#weak</styleUrl><Point><coordinates>-70.676000,42.041000,0</coordinates></Point></Placemark>
<Placemark><name>Morton&#x27;s Hole fish weir (the Nook)</name><description>Duxbury, MA
Accurate to ±1500 m — weak confidence — source-checked
MHC Reconnaissance Survey Town Report: Duxbury (1981)

Fish weir placed in Morton&#x27;s Hole (Nook) in 1639; placed on the Nook shore of Duxbury Bay; [verified] Searched; topo source inaccessible, no coordinate confirmed for the Nook</description><styleUrl>#weak</styleUrl><Point><coordinates>-70.674000,42.045000,0</coordinates></Point></Placemark>
<Placemark><name>MHC recon: Robbins Pond north shore site 2</name><description>East Bridgewater, MA
Accurate to ±800 m — weak confidence
MHC Reconnaissance Survey Town Report: East Bridgewater (1981)

Unidentified native site east of the Robbins Pond multi-component site, possibly contemporaneous; placed east along the north shore</description><styleUrl>#weak</styleUrl><Point><coordinates>-70.898000,42.005000,0</coordinates></Point></Placemark>
<Placemark><name>Satucket River fish weir</name><description>East Bridgewater, MA
Accurate to ±1500 m — weak confidence — source-checked
MHC Reconnaissance Survey Town Report: East Bridgewater (1981)

Extant native fish weir several hundred yards NE of the Satucket River and Plymouth St (Rte 106) junction; present at first white settlement; [verified] Searched; USGS gage page blocked by robots, no coordinate confirmed</description><styleUrl>#weak</styleUrl><Point><coordinates>-70.947000,42.021500,0</coordinates></Point></Placemark>
<Placemark><name>MHC recon: Lake Lashaway site area</name><description>East Brookfield, MA
Accurate to ±900 m — weak confidence
MHC Reconnaissance Survey Town Report: East Brookfield (1984)

Evidence indicates sites on Quaboag Pond as well as Lake Lashaway; placed on the East Brookfield (southern) end of the lake</description><styleUrl>#weak</styleUrl><Point><coordinates>-72.045000,42.230000,0</coordinates></Point></Placemark>
<Placemark><name>MHC recon: Seven Mile River ford</name><description>East Brookfield, MA
Accurate to ±1200 m — weak confidence
MHC Reconnaissance Survey Town Report: East Brookfield (1984)

Conjectured east-west trail along the north side of the Seven Mile River corridor with a ford and south branch on Podunk St; placed at the river crossing by East Brookfield village</description><styleUrl>#weak</styleUrl><Point><coordinates>-72.050000,42.222000,0</coordinates></Point></Placemark>
<Placemark><name>MHC recon: Quaboag Pond southeast shore village site</name><description>East Brookfield/Brookfield, MA
Accurate to ±1000 m — weak confidence
MHC Reconnaissance Survey Town Report: East Brookfield (1984)

Reputed native village site on the southeast shore of Quaboag Pond, in the Nipmuck Quaboag subregion</description><styleUrl>#weak</styleUrl><Point><coordinates>-72.062000,42.183500,0</coordinates></Point></Placemark>
<Placemark><name>MHC recon: East Longmeadow centre settlement area</name><description>East Longmeadow, MA
Accurate to ±1500 m — weak confidence
MHC Reconnaissance Survey Town Report: East Longmeadow (1982)

No reported sites, but probable Contact Period settlement on land around the town centre bounded by Westwood and Mapleshade Aves and Chestnut St</description><styleUrl>#weak</styleUrl><Point><coordinates>-72.513000,42.062000,0</coordinates></Point></Placemark>
<Placemark><name>MHC recon: Nauset Marsh Late Woodland site cluster</name><description>Eastham, MA
Accurate to ±1200 m — weak confidence
MHC Reconnaissance Survey Town Report: Eastham (1984)

Report cites Late Woodland period sites in southern Eastham near Nauset Marsh and Town Cove; no precise coordinates given.</description><styleUrl>#weak</styleUrl><Point><coordinates>-69.962000,41.833000,0</coordinates></Point></Placemark>
<Placemark><name>MHC recon: Town Cove native corn ground and shellfishing area</name><description>Eastham, MA
Accurate to ±1200 m — weak confidence
MHC Reconnaissance Survey Town Report: Eastham (1984)

1644 Nauset land deed reserved native shellfishing rights at Town Cove; corn cultivation concentrated in the cove area.</description><styleUrl>#weak</styleUrl><Point><coordinates>-69.981000,41.800000,0</coordinates></Point></Placemark>
<Placemark><name>Fort Hill fortified site</name><description>Easthampton, MA
Accurate to ±1500 m — weak confidence — source-checked
MHC Reconnaissance Survey Town Report: Easthampton (1982)

Report notes a reported fortified native site on Fort Hill near the Oxbow of the Connecticut River.; [verified] No source found for Fort Hill near Oxbow in Easthampton; only Groton/Northampton hits.</description><styleUrl>#weak</styleUrl><Point><coordinates>-72.632000,42.322000,0</coordinates></Point></Placemark>
<Placemark><name>MHC recon: Manhan River Falls fishing site</name><description>Easthampton, MA
Accurate to ±1500 m — weak confidence — source-checked
MHC Reconnaissance Survey Town Report: Easthampton (1982)

Manhan River Falls near its junction with Route 10 cited as a primary native fishing focal point.; [verified] USGS gauge on Manhan River found but not confirmed to be falls near Route 10; unconfirmed.</description><styleUrl>#weak</styleUrl><Point><coordinates>-72.667000,42.266000,0</coordinates></Point></Placemark>
<Placemark><name>Pascommuck palisaded village site</name><description>Easthampton, MA
Accurate to ±1500 m — weak confidence — source-checked
MHC Reconnaissance Survey Town Report: Easthampton (1982)

Ca. 1664 native palisaded village claimed on a bluff over the Manhan River SW of the Route 10 junction, near later Pascommuck.; [verified] Pascommuck=orig. Easthampton village name (Wikipedia); no precise site coords found.</description><styleUrl>#weak</styleUrl><Point><coordinates>-72.678000,42.248000,0</coordinates></Point></Placemark>
<Placemark><name>MHC recon: Easton Green native village site</name><description>Easton, MA
Accurate to ±1500 m — weak confidence — source-checked
MHC Reconnaissance Survey Town Report: Easton (1981)

Local tradition places an unidentified native village immediately east of Easton Green; artifacts recovered nearby.; [verified] Easton Green is a real place (HomeTownLocator) but no coordinates published there.</description><styleUrl>#weak</styleUrl><Point><coordinates>-71.128000,42.026000,0</coordinates></Point></Placemark>
<Placemark><name>MHC recon: Edgartown Great Pond/Oyster Pond trail corridor</name><description>Edgartown, MA
Accurate to ±2000 m — weak confidence
MHC Reconnaissance Survey Town Report: Edgartown (1984)

Conjectured native trail skirted the northern shores of Edgartown Great Pond and Oyster Pond linking Chappaquiddick to interior sachemships.</description><styleUrl>#weak</styleUrl><Point><coordinates>-70.560000,41.371000,0</coordinates></Point></Placemark>
<Placemark><name>MHC recon: Sengekontacket Pond trail corridor</name><description>Edgartown, MA
Accurate to ±2000 m — weak confidence
MHC Reconnaissance Survey Town Report: Edgartown (1984)

Conjectured northern native trail ran around Sengekontacket Pond toward Vineyard Haven Harbor, Oak Bluffs and Tisbury.</description><styleUrl>#weak</styleUrl><Point><coordinates>-70.540000,41.420000,0</coordinates></Point></Placemark>
<Placemark><name>MHC recon: Jack&#x27;s Brook/Keyup Brook habitation area</name><description>Erving, MA
Accurate to ±1000 m — weak confidence
MHC Reconnaissance Survey Town Report: Erving (1982)

Natives Jack and Keyup reputedly had habitations by Jack&#x27;s Brook and Keyup Brook near their confluence with Millers River.</description><styleUrl>#weak</styleUrl><Point><coordinates>-72.406000,42.599000,0</coordinates></Point></Placemark>
<Placemark><name>MHC recon: Rattlesnake Mountain rockshelters</name><description>Erving, MA
Accurate to ±1200 m — weak confidence
MHC Reconnaissance Survey Town Report: Erving (1982)

Undated rockshelters reported in the uplands southeast of Rattlesnake Mountain.</description><styleUrl>#weak</styleUrl><Point><coordinates>-72.393000,42.585000,0</coordinates></Point></Placemark>
<Placemark><name>MHC recon: Castle Neck River mouth site area</name><description>Essex, MA
Accurate to ±1500 m — weak confidence
MHC Reconnaissance Survey Town Report: Essex (1985)

Mouths of the Castle Neck and Essex Rivers flagged as likely Contact period site locations with probable shell middens/burials.</description><styleUrl>#weak</styleUrl><Point><coordinates>-70.777000,42.647000,0</coordinates></Point></Placemark>
<Placemark><name>MHC recon: Sagamore Hill spring site</name><description>Everett, MA
Accurate to ±1200 m — weak confidence
MHC Reconnaissance Survey Town Report: Everett (1981)

Documented native spring near Mt. Washington (Sagamore Hill), on a trail branch along Ferry and Elm Streets.</description><styleUrl>#weak</styleUrl><Point><coordinates>-71.052000,42.408000,0</coordinates></Point></Placemark>
<Placemark><name>MHC recon: Long Island/West Island settlement area</name><description>Fairhaven, MA
Accurate to ±1500 m — weak confidence
MHC Reconnaissance Survey Town Report: Fairhaven (1981)

Additional native settlement likely occurred on the Acushnet River&#x27;s Long Island and the eastern half of West Island.</description><styleUrl>#weak</styleUrl><Point><coordinates>-70.879000,41.606000,0</coordinates></Point></Placemark>
<Placemark><name>MHC recon: Shepard&#x27;s Pond relic site</name><description>Foxborough, MA
Accurate to ±1600 m — weak confidence — source-checked
MHC Reconnaissance Survey Town Report: Foxborough (1979)

Area around Shepard&#x27;s Pond reported to have many Indian relics (Carpenter 1890); pond near Cedar St, approx.; [verified] No source found for Shepard&#x27;s Pond, Foxborough; same-named pond only found in Canton, MA.</description><styleUrl>#weak</styleUrl><Point><coordinates>-71.242000,42.053000,0</coordinates></Point></Placemark>
<Placemark><name>Indian Rock (King Philip&#x27;s War fight, Jordan St)</name><description>Franklin, MA
Accurate to ±1500 m — weak confidence
MHC Reconnaissance Survey Town Report: Franklin (1981)

King Philip&#x27;s War battle site at Indian Rock on Jordan Street - geocode Jordan St, Franklin for a better pin</description><styleUrl>#weak</styleUrl><Point><coordinates>-71.415000,42.060000,0</coordinates></Point></Placemark>
<Placemark><name>MHC recon: Shepard&#x27;s Brook sites</name><description>Franklin, MA
Accurate to ±1500 m — weak confidence
MHC Reconnaissance Survey Town Report: Franklin (1981)

Unspecified native sites along Shepard&#x27;s Brook</description><styleUrl>#weak</styleUrl><Point><coordinates>-71.396000,42.108000,0</coordinates></Point></Placemark>
<Placemark><name>MHC recon: Uncas Pond native settlement</name><description>Franklin, MA
Accurate to ±800 m — weak confidence
MHC Reconnaissance Survey Town Report: Franklin (1981)

Suspected Contact-period site and 17th-century native (possibly Wampanoag) settlement around Uncas Pond</description><styleUrl>#weak</styleUrl><Point><coordinates>-71.435000,42.099000,0</coordinates></Point></Placemark>
<Placemark><name>MHC recon: Populatic Pond sites</name><description>Franklin/Norfolk, MA
Accurate to ±1000 m — weak confidence
MHC Reconnaissance Survey Town Report: Franklin (1981)

Suspected native sites; Populatic Pond apparently a terminus of seasonal fish runs</description><styleUrl>#weak</styleUrl><Point><coordinates>-71.370000,42.133000,0</coordinates></Point></Placemark>
<Placemark><name>MHC recon: East Freetown Cemetery vicinity site</name><description>Freetown, MA
Accurate to ±700 m — weak confidence — source-checked
MHC Reconnaissance Survey Town Report: Freetown (1981)

Unidentified native site reported N of East Freetown cemetery; reputedly a native burial ground per tradition.; [verified] Matches East Freetown Cemetery (Find A Grave) exactly.</description><styleUrl>#weak</styleUrl><Point><coordinates>-70.988010,41.763960,0</coordinates></Point></Placemark>
<Placemark><name>MHC recon: Morton Cemetery vicinity site</name><description>Freetown, MA
Accurate to ±1600 m — weak confidence — source-checked
MHC Reconnaissance Survey Town Report: Freetown (1981)

Unidentified native site reported N of Morton Cemetery, East Freetown; [verified] FindAGrave &#x27;Morton Cemetery&#x27; (41.78,-70.93) falls outside Freetown; landmark unconfirmed.</description><styleUrl>#weak</styleUrl><Point><coordinates>-70.995000,41.765000,0</coordinates></Point></Placemark>
<Placemark><name>MHC recon: Old Quaker Cemetery vicinity site</name><description>Freetown, MA
Accurate to ±700 m — weak confidence — source-checked
MHC Reconnaissance Survey Town Report: Freetown (1981)

Native site w/ Woodland and possible Contact/Historic component reported E of Old Quaker Cemetery on Taunton River.; [verified] Matches Assonet Old Quaker Cemetery (Find A Grave) exactly.</description><styleUrl>#weak</styleUrl><Point><coordinates>-71.085640,41.779430,0</coordinates></Point></Placemark>
<Placemark><name>MHC recon: Long Pond site cluster</name><description>Freetown/Lakeville, MA
Accurate to ±1200 m — weak confidence
MHC Reconnaissance Survey Town Report: Freetown (1981)

Native Contact-period settlement probably concentrated near Taunton/Assonet Rivers and Long Pond.</description><styleUrl>#weak</styleUrl><Point><coordinates>-70.949440,41.800000,0</coordinates></Point></Placemark>
<Placemark><name>MHC recon: Crystal Lake site</name><description>Gardner, MA
Accurate to ±900 m — weak confidence
MHC Reconnaissance Survey Town Report: Gardner (1984)

Native sites likely at Crystal Lake; Crystal Pond attracted occupation per Contact-period section.</description><styleUrl>#weak</styleUrl><Point><coordinates>-71.965000,42.585000,0</coordinates></Point></Placemark>
<Placemark><name>MHC recon: Kendall Pond lithic site</name><description>Gardner, MA
Accurate to ±900 m — weak confidence
MHC Reconnaissance Survey Town Report: Gardner (1984)

Small task groups visited hill areas, possibly for lithic resources near Kendall Pond.</description><styleUrl>#weak</styleUrl><Point><coordinates>-72.019800,42.564400,0</coordinates></Point></Placemark>
<Placemark><name>MHC recon: Parker River/Wheeler Brook site zone</name><description>Georgetown, MA
Accurate to ±1800 m — weak confidence
MHC Reconnaissance Survey Town Report: Georgetown (1985)

Contact Period sites may be present along Parker River or Wheeler Brook in northern Georgetown.</description><styleUrl>#weak</styleUrl><Point><coordinates>-70.995000,42.740000,0</coordinates></Point></Placemark>
<Placemark><name>MHC recon: Penn Brook site zone (old Indian fields)</name><description>Georgetown, MA
Accurate to ±1500 m — weak confidence
MHC Reconnaissance Survey Town Report: Georgetown (1985)

Contact sites may lie along Penn Brook in the south; old pasture lands here possibly indicate old Indian fields.</description><styleUrl>#weak</styleUrl><Point><coordinates>-70.985000,42.723000,0</coordinates></Point></Placemark>
<Placemark><name>MHC recon: Rock Pond/Pentucket Pond site zone</name><description>Georgetown, MA
Accurate to ±1500 m — weak confidence
MHC Reconnaissance Survey Town Report: Georgetown (1985)

Contact Period sites may be located around Rock and Pentucket Ponds or other major wetlands.</description><styleUrl>#weak</styleUrl><Point><coordinates>-70.995889,42.735333,0</coordinates></Point></Placemark>
<Placemark><name>Fort Hill Palisade Site</name><description>Gill, MA
Accurate to ±1500 m — weak confidence — source-checked
MHC Reconnaissance Survey Town Report: Gill (1982)

Reputed site of a native defensive palisade on Fort Hill, adjacent to the Riverside native village.; [verified] Unfound: Gill wiki confirms Riverside/Great Falls area but no exact Fort Hill coord.</description><styleUrl>#weak</styleUrl><Point><coordinates>-72.546000,42.612000,0</coordinates></Point></Placemark>
<Placemark><name>MHC recon: Gill upland hills site cluster</name><description>Gill, MA
Accurate to ±2500 m — weak confidence
MHC Reconnaissance Survey Town Report: Gill (1982)

Likely upland period sites at Mount Hermon, Stump Hill, Barnard Hill and Grassy Hill, NE Gill.</description><styleUrl>#weak</styleUrl><Point><coordinates>-72.480000,42.655000,0</coordinates></Point></Placemark>
<Placemark><name>MHC recon: Turners Falls fishing station (Barton&#x27;s Cove)</name><description>Gill, MA
Accurate to ±1500 m — weak confidence — source-checked
MHC Reconnaissance Survey Town Report: Gill (1982)

Fishing focused at Turner&#x27;s Falls adjacent to Barton and Doctor&#x27;s Islands in Barton&#x27;s Cove.; [verified] Searched; Barton&#x27;s Cove sources lacked coordinates, none confirmed</description><styleUrl>#weak</styleUrl><Point><coordinates>-72.541200,42.602900,0</coordinates></Point></Placemark>
<Placemark><name>MHC recon: Mount Rood (Lithia) tool site</name><description>Goshen, MA
Accurate to ±900 m — weak confidence
MHC Reconnaissance Survey Town Report: Goshen (1982)

Reported native tool sites around Mount Rood in the Lithia section of western Goshen.</description><styleUrl>#weak</styleUrl><Point><coordinates>-72.839949,42.462512,0</coordinates></Point></Placemark>
<Placemark><name>MHC recon: Sears Meadow/Route 9 site zone</name><description>Goshen, MA
Accurate to ±2000 m — weak confidence
MHC Reconnaissance Survey Town Report: Goshen (1982)

Likelihood of surviving period sites judged greatest near Route 9 and Sears Meadow per report Observations.</description><styleUrl>#weak</styleUrl><Point><coordinates>-72.793000,42.499000,0</coordinates></Point></Placemark>
<Placemark><name>MHC recon: Naushon Island seasonal encampment</name><description>Gosnold, MA
Accurate to ±3000 m — weak confidence
MHC Reconnaissance Survey Town Report: Gosnold (1984)

Report: short-term seasonal encampments probable, particularly on Naushon Island, largest of Elizabeth Islands.</description><styleUrl>#weak</styleUrl><Point><coordinates>-70.707252,41.496498,0</coordinates></Point></Placemark>
<Placemark><name>MHC recon: Quinsigamond-Blackstone confluence site cluster</name><description>Grafton, MA
Accurate to ±1200 m — weak confidence
MHC Reconnaissance Survey Town Report: Grafton (1984)

Report: sites of unknown cultural affiliation near confluence of Quinsigamond and Blackstone rivers, South Grafton.</description><styleUrl>#weak</styleUrl><Point><coordinates>-71.698700,42.155300,0</coordinates></Point></Placemark>
<Placemark><name>MHC recon: Pitchawam Swamp hunting camp</name><description>Granby, MA
Accurate to ±1200 m — weak confidence
MHC Reconnaissance Survey Town Report: Granby (1982)

Report: short-term hunting camps near marshland of Pitchawam Swamp (native-derived name), east of town center.</description><styleUrl>#weak</styleUrl><Point><coordinates>-72.490000,42.260000,0</coordinates></Point></Placemark>
<Placemark><name>MHC recon: southwestern Granby site cluster</name><description>Granby, MA
Accurate to ±2500 m — weak confidence
MHC Reconnaissance Survey Town Report: Granby (1982)

Report: 5 undated native archaeological sites on lowland/upland locations in southwestern Granby.</description><styleUrl>#weak</styleUrl><Point><coordinates>-72.545000,42.245000,0</coordinates></Point></Placemark>
<Placemark><name>MHC recon: Granville Reservoir-Cooley Lake site potential</name><description>Granville, MA
Accurate to ±1500 m — weak confidence
MHC Reconnaissance Survey Town Report: Granville (1982)

Report: native sites suspected on upper Little River at Granville Reservoir and possibly Cooley Lake.</description><styleUrl>#weak</styleUrl><Point><coordinates>-72.851000,42.091000,0</coordinates></Point></Placemark>
<Placemark><name>MHC recon: Seymour Brook find spot</name><description>Granville, MA
Accurate to ±800 m — weak confidence
MHC Reconnaissance Survey Town Report: Granville (1982)

Report: one or two unidentified native projectile points recovered on banks of Seymour Brook, SE Granville.</description><styleUrl>#weak</styleUrl><Point><coordinates>-72.810000,42.055000,0</coordinates></Point></Placemark>
<Placemark><name>MHC recon: undated sites near Canada Hill and Cheapside</name><description>Greenfield, MA
Accurate to ±1200 m — weak confidence
MHC Reconnaissance Survey Town Report: Greenfield (1982)

Report: two undated sites located west of the Connecticut, NE of Canada Hill and north of Cheapside.</description><styleUrl>#weak</styleUrl><Point><coordinates>-72.575000,42.595000,0</coordinates></Point></Placemark>
<Placemark><name>MHC recon: Wrangling Brook village site</name><description>Groton, MA
Accurate to ±1200 m — weak confidence
MHC Reconnaissance Survey Town Report: Groton (1980)

Town history (Tercentenary p.45) mentions one village on west side of Nashua River near Wrangling Brook.</description><styleUrl>#weak</styleUrl><Point><coordinates>-71.612000,42.617000,0</coordinates></Point></Placemark>
<Placemark><name>MHC recon: Chmura Road site</name><description>Hadley, MA
Accurate to ±1500 m — weak confidence — source-checked
MHC Reconnaissance Survey Town Report: Hadley (1982)

Report: probable Contact-period site SW of the junction of Route 47 and Chmura (Chimura) Road.; [verified] Chmura Rd confirmed in Hadley but no Route 47 junction coordinate found</description><styleUrl>#weak</styleUrl><Point><coordinates>-72.575000,42.328000,0</coordinates></Point></Placemark>
<Placemark><name>MHC recon: Fort River-Connecticut confluence bluff site cluster</name><description>Hadley, MA
Accurate to ±1200 m — weak confidence
MHC Reconnaissance Survey Town Report: Hadley (1982)

Report: four probable Contact-period sites on bluffs at the confluence of the Connecticut and Fort rivers.</description><styleUrl>#weak</styleUrl><Point><coordinates>-72.578000,42.325000,0</coordinates></Point></Placemark>
<Placemark><name>School Meadow Fort</name><description>Hadley, MA
Accurate to ±1500 m — weak confidence — source-checked
MHC Reconnaissance Survey Town Report: Hadley (1982)

Pre-1675 palisaded native fort and village reputedly NW of North Hadley, surviving traces at School Meadow.; [verified] North Hadley Historic District confirmed nearby; School Meadow Fort not located precisely.</description><styleUrl>#weak</styleUrl><Point><coordinates>-72.580000,42.387500,0</coordinates></Point></Placemark>
<Placemark><name>MHC recon: Monponsett Pond site cluster</name><description>Halifax, MA
Accurate to ±1200 m — weak confidence
MHC Reconnaissance Survey Town Report: Halifax (1981)

Report: three of six unidentified native sites clustered about Monponsett Pond.</description><styleUrl>#weak</styleUrl><Point><coordinates>-70.855000,42.020000,0</coordinates></Point></Placemark>
<Placemark><name>MHC recon: Palmer Mill Brook site pair</name><description>Halifax, MA
Accurate to ±1000 m — weak confidence
MHC Reconnaissance Survey Town Report: Halifax (1981)

Report: two of six unidentified native sites in close proximity to Palmer Mill Brook.</description><styleUrl>#weak</styleUrl><Point><coordinates>-70.850000,41.965000,0</coordinates></Point></Placemark>
<Placemark><name>MHC recon: South St/Hayward St planting ground</name><description>Halifax, MA
Accurate to ±1500 m — weak confidence — source-checked
MHC Reconnaissance Survey Town Report: Halifax (1981)

Report: possible native planting grounds at the junction of South and Hayward Streets.; [verified] No source found for this Halifax street intersection or planting ground claim.</description><styleUrl>#weak</styleUrl><Point><coordinates>-70.840000,41.978000,0</coordinates></Point></Placemark>
<Placemark><name>MHC recon: Scantic River north bank site cluster</name><description>Hampden, MA
Accurate to ±900 m — weak confidence
MHC Reconnaissance Survey Town Report: Hampden (1982)

Report notes suspected native sites along the north bank of the Scantic River near the town center.</description><styleUrl>#weak</styleUrl><Point><coordinates>-72.408000,42.070000,0</coordinates></Point></Placemark>
<Placemark><name>MHC recon: Indian Head ford at Curtis Crossing</name><description>Hanover, MA
Accurate to ±1500 m — weak confidence — source-checked
MHC Reconnaissance Survey Town Report: Hanover (1981)

Trail from Elm St. south to a ford at Curtis Crossing on the Indian Head River; placed near south Hanover where the river forms the town line.; [verified] Indian Head River confirmed in Hanover; Curtis Crossing ford not documented online.</description><styleUrl>#weak</styleUrl><Point><coordinates>-70.831000,42.093000,0</coordinates></Point></Placemark>
<Placemark><name>MHC recon: Pine Island burial ground</name><description>Hanover, MA
Accurate to ±1500 m — weak confidence — source-checked
MHC Reconnaissance Survey Town Report: Hanover (1981)

A native burial ground was claimed to be situated at Pine Island (Dwelley and Simmons 1910); placed at Pine Island Swamp, south Hanover.; [verified] HomeTownLocator page blocked; no coordinate confirmed</description><styleUrl>#weak</styleUrl><Point><coordinates>-70.847000,42.098000,0</coordinates></Point></Placemark>
<Placemark><name>MHC recon: Rocky Swamp burial ground</name><description>Hanover, MA
Accurate to ±1000 m — weak confidence — source-checked
MHC Reconnaissance Survey Town Report: Hanover (1981)

A second native burial ground was claimed at &#x27;Rocky Swamp&#x27; (Dwelley and Simmons 1910); [verified] Pine Island Swamp (Natural Atlas), West Hanover; ~2.8km from prior point, swamp confirmed real.</description><styleUrl>#weak</styleUrl><Point><coordinates>-70.865989,42.123227,0</coordinates></Point></Placemark>
<Placemark><name>MHC recon: unidentified native site, East/Broadway Sts</name><description>Hanover, MA
Accurate to ±1500 m — weak confidence — source-checked
MHC Reconnaissance Survey Town Report: Hanover (1981)

One unidentified native site reported midway between East and Broadway Streets, close to the Hanover/Norwell line.; [verified] Searched; no confirmable landmark for this street-junction site.</description><styleUrl>#weak</styleUrl><Point><coordinates>-70.859000,42.130000,0</coordinates></Point></Placemark>
<Placemark><name>MHC recon: Benjamin Hanks farm burial, Main Street</name><description>Hanson, MA
Accurate to ±1500 m — weak confidence — source-checked
MHC Reconnaissance Survey Town Report: Hanson (1981)

Report cites one possible Contact period burial on Main Street at the Benjamin Hanks farm.; [verified] No source identifies Benjamin Hanks farm location in Hanson</description><styleUrl>#weak</styleUrl><Point><coordinates>-70.871200,42.089900,0</coordinates></Point></Placemark>
<Placemark><name>MHC recon: pond-cluster native site area (Wampatuck/Maquan/Indian Head/Monponsett)</name><description>Hanson, MA
Accurate to ±1500 m — weak confidence
MHC Reconnaissance Survey Town Report: Hanson (1981)

Report finds concentration of native population likely near Wampatuck, Maquan, Indian Head and Monponsett Ponds; place names suggestive of occupation.</description><styleUrl>#weak</styleUrl><Point><coordinates>-70.855000,42.058000,0</coordinates></Point></Placemark>
<Placemark><name>MHC recon: Moose Brook/Ware River confluence site</name><description>Hardwick, MA
Accurate to ±1300 m — weak confidence
MHC Reconnaissance Survey Town Report: Hardwick (1984)

Reported native sites on floodplain terraces at the Moose Brook/Ware River confluence, east of town center.</description><styleUrl>#weak</styleUrl><Point><coordinates>-72.180000,42.340000,0</coordinates></Point></Placemark>
<Placemark><name>MHC recon: Bare Hill Pond native camp area</name><description>Harvard, MA
Accurate to ±700 m — weak confidence — source-checked
MHC Reconnaissance Survey Town Report: Harvard (1983)

Small, short-term native camps reported adjacent to Bare Hill Pond.; [verified] Corrected near Bare Hill Pond access pt (harvard-ma.gov); orig ~1.4km off.</description><styleUrl>#weak</styleUrl><Point><coordinates>-71.589310,42.494190,0</coordinates></Point></Placemark>
<Placemark><name>MHC recon: Mirror Lake/Hell Pond native camp</name><description>Harvard, MA
Accurate to ±800 m — weak confidence
MHC Reconnaissance Survey Town Report: Harvard (1983)

Small, short-term native camps reported adjacent to Mirror/Hell Ponds near the Nashua River.</description><styleUrl>#weak</styleUrl><Point><coordinates>-71.585000,42.501000,0</coordinates></Point></Placemark>
<Placemark><name>MHC recon: Herring River vicinity Contact period sites</name><description>Harwich, MA
Accurate to ±1200 m — weak confidence
MHC Reconnaissance Survey Town Report: Harwich (1984)

Contact period sites expected for South Harwich near the Herring River, where native settlements were reported at time of settlement.</description><styleUrl>#weak</styleUrl><Point><coordinates>-70.104000,41.676000,0</coordinates></Point></Placemark>
<Placemark><name>MHC recon: Muddy Creek Contact period burials/midden</name><description>Harwich, MA
Accurate to ±1000 m — weak confidence
MHC Reconnaissance Survey Town Report: Harwich (1984)

Contact period burials and shell middens reported in East Harwich, particularly the Muddy Creek area.</description><styleUrl>#weak</styleUrl><Point><coordinates>-70.028000,41.694000,0</coordinates></Point></Placemark>
<Placemark><name>MHC recon: Capawonk fordway, Mill River</name><description>Hatfield, MA
Accurate to ±1500 m — weak confidence — source-checked
MHC Reconnaissance Survey Town Report: Hatfield (1982)

Main trail followed south from Great Pond to the Capawonk fordway at the Mill River.; [verified] MHC Hatfield survey confirms Capawonk fordway trail; no coordinates published.</description><styleUrl>#weak</styleUrl><Point><coordinates>-72.607000,42.357000,0</coordinates></Point></Placemark>
<Placemark><name>MHC recon: Great Pond area native sites</name><description>Hatfield, MA
Accurate to ±900 m — weak confidence
MHC Reconnaissance Survey Town Report: Hatfield (1982)

Additional native settlement probably occurred east of Great Pond in northeastern Hatfield; Woodland and undated sites noted.</description><styleUrl>#weak</styleUrl><Point><coordinates>-72.592000,42.410000,0</coordinates></Point></Placemark>
<Placemark><name>MHC recon: Halfway Brook fortified site (Elm Court)</name><description>Hatfield, MA
Accurate to ±1500 m — weak confidence — source-checked
MHC Reconnaissance Survey Town Report: Hatfield (1982)

Historic overview documents a Contact period fortified site apparently intact at Halfway Brook on the Northampton line (Elm Court).; [verified] MHC Hatfield survey confirms Halfway Brook/Elm Court site; no coordinates given.</description><styleUrl>#weak</styleUrl><Point><coordinates>-72.588000,42.345000,0</coordinates></Point></Placemark>
<Placemark><name>MHC recon: Merrimack River Contact period site cluster</name><description>Haverhill, MA
Accurate to ±1200 m — weak confidence
MHC Reconnaissance Survey Town Report: Haverhill (1985)

Three Contact period multi-component habitation sites documented near the Merrimack River by MHC/Haverhill Historical Society collections research.</description><styleUrl>#weak</styleUrl><Point><coordinates>-71.083000,42.774000,0</coordinates></Point></Placemark>
<Placemark><name>MHC recon: Chickley Brook native site area</name><description>Hawley, MA
Accurate to ±1200 m — weak confidence
MHC Reconnaissance Survey Town Report: Hawley (1982)

Overview notes possible native sites along Chickley Brook, near the Forge/Hallockville villages.</description><styleUrl>#weak</styleUrl><Point><coordinates>-72.795000,42.593000,0</coordinates></Point></Placemark>
<Placemark><name>MHC recon: native site area, village of Heath/Mill Brook</name><description>Heath, MA
Accurate to ±1000 m — weak confidence
MHC Reconnaissance Survey Town Report: Heath (1982)

Contact Period observations note period sites may survive adjacent to the village of Heath and the southern portion of Mill Brook.</description><styleUrl>#weak</styleUrl><Point><coordinates>-72.680000,42.678000,0</coordinates></Point></Placemark>
<Placemark><name>MHC recon: Downer Landing burial site</name><description>Hingham, MA
Accurate to ±1500 m — weak confidence — source-checked
MHC Reconnaissance Survey Town Report: Hingham (1979)

Town history notes period burials along the shore at Downer Landing on Hingham Harbor.; [verified] World&#x27;s End/Hingham Harbor sources inaccessible; Downer Landing coords unconfirmed.</description><styleUrl>#weak</styleUrl><Point><coordinates>-70.895500,42.246500,0</coordinates></Point></Placemark>
<Placemark><name>MHC recon: Fort Hill coastal trail node</name><description>Hingham, MA
Accurate to ±1500 m — weak confidence
MHC Reconnaissance Survey Town Report: Hingham (1979)

Coastal trail conjectured along Fort Hill-South-Main-Hull Sts around Hingham Harbor toward the Weir River at Hull.</description><styleUrl>#weak</styleUrl><Point><coordinates>-70.893000,42.244000,0</coordinates></Point></Placemark>
<Placemark><name>MHC recon: Planter&#x27;s Hill burial site</name><description>Hingham, MA
Accurate to ±1500 m — weak confidence — source-checked
MHC Reconnaissance Survey Town Report: Hingham (1979)

Town history notes period burials at Planter&#x27;s Hill within the World&#x27;s End peninsula.; [verified] World&#x27;s End (Hingham) source inaccessible; Planter&#x27;s Hill coords unconfirmed.</description><styleUrl>#weak</styleUrl><Point><coordinates>-70.883000,42.261000,0</coordinates></Point></Placemark>
<Placemark><name>MHC recon: Weir River outlet burial site</name><description>Hingham/Hull, MA
Accurate to ±900 m — weak confidence
MHC Reconnaissance Survey Town Report: Hingham (1979)

Town history notes period burials along the Weir River outlet near the Hull line.</description><styleUrl>#weak</styleUrl><Point><coordinates>-70.874000,42.263000,0</coordinates></Point></Placemark>
<Placemark><name>MHC recon: Indian Trail (Franklin Street corridor)</name><description>Holbrook, MA
Accurate to ±1500 m — weak confidence
MHC Reconnaissance Survey Town Report: Holbrook (1979)

Route 37 (N/S Franklin Sts.) locally cited as &#x27;Indian Trail&#x27; per Holbrook Centennial history.</description><styleUrl>#weak</styleUrl><Point><coordinates>-71.010000,42.155000,0</coordinates></Point></Placemark>
<Placemark><name>MHC recon: Pine-Pond Street trail to Great Pond</name><description>Holbrook, MA
Accurate to ±1500 m — weak confidence
MHC Reconnaissance Survey Town Report: Holbrook (1979)

Pine and Pond Sts. conjectured as a native trail linking Holbrook toward Great Pond in Weymouth.</description><styleUrl>#weak</styleUrl><Point><coordinates>-71.005000,42.178000,0</coordinates></Point></Placemark>
<Placemark><name>MHC recon: Chaffin Pond site</name><description>Holden, MA
Accurate to ±900 m — weak confidence
MHC Reconnaissance Survey Town Report: Holden (1984)

Report notes unknown-period sites reported for predictable areas adjacent to Chaffin Pond.</description><styleUrl>#weak</styleUrl><Point><coordinates>-71.897000,42.361000,0</coordinates></Point></Placemark>
<Placemark><name>MHC recon: Eagle Lake site</name><description>Holden, MA
Accurate to ±900 m — weak confidence
MHC Reconnaissance Survey Town Report: Holden (1984)

Report notes unknown-period sites reported for predictable areas adjacent to Eagle Lake.</description><styleUrl>#weak</styleUrl><Point><coordinates>-71.884887,42.355979,0</coordinates></Point></Placemark>
<Placemark><name>MHC recon: Holden Reservoir site</name><description>Holden, MA
Accurate to ±900 m — weak confidence
MHC Reconnaissance Survey Town Report: Holden (1984)

Report notes unknown-period sites reported for predictable areas adjacent to Holden Reservoir.</description><styleUrl>#weak</styleUrl><Point><coordinates>-71.866739,42.296204,0</coordinates></Point></Placemark>
<Placemark><name>MHC recon: Quinapoxet Reservoir site</name><description>Holden, MA
Accurate to ±900 m — weak confidence
MHC Reconnaissance Survey Town Report: Holden (1984)

Report notes unknown-period sites reported for predictable areas adjacent to Quinapoxet Reservoir.</description><styleUrl>#weak</styleUrl><Point><coordinates>-71.881000,42.386000,0</coordinates></Point></Placemark>
<Placemark><name>Indian Hill (Blodgett Road) site</name><description>Holland, MA
Accurate to ±1500 m — weak confidence — source-checked
MHC Reconnaissance Survey Town Report: Holland (1983)

A reported native site is located at Indian Hill on Blodgett Road.; [verified] Indian Hill, Holland site not confirmable; source blocked by robots.txt.</description><styleUrl>#weak</styleUrl><Point><coordinates>-72.145000,42.058000,0</coordinates></Point></Placemark>
<Placemark><name>MHC recon: Stafford Road/Marcey Road burial site</name><description>Holland, MA
Accurate to ±1200 m — weak confidence
MHC Reconnaissance Survey Town Report: Holland (1983)

An undated native burial site was reputedly on a hill near the junction of Stafford and Marcey Roads.</description><styleUrl>#weak</styleUrl><Point><coordinates>-72.150000,42.045000,0</coordinates></Point></Placemark>
<Placemark><name>MHC recon: Chabboquasett site (Dopping Brook)</name><description>Holliston, MA
Accurate to ±1500 m — weak confidence — source-checked
MHC Reconnaissance Survey Town Report: Holliston (1980)

Area between Fiske and Central Sts. along Dopping Brook, called &#x27;chabboquasett,&#x27; reported to contain period sites.; [verified] Unfound: USGS gauge on Dopping Brook is at Whitney St, not the Fiske/Central St stretch.</description><styleUrl>#weak</styleUrl><Point><coordinates>-71.435000,42.190000,0</coordinates></Point></Placemark>
<Placemark><name>MHC recon: Eliot praying-town trail (Bogastow Brook)</name><description>Holliston, MA
Accurate to ±1800 m — weak confidence
MHC Reconnaissance Survey Town Report: Holliston (1980)

Route from Sherborn via Bogastow Brook to Lake Winthrop reportedly used by Eliot for praying towns in the 1650s.</description><styleUrl>#weak</styleUrl><Point><coordinates>-71.400000,42.206000,0</coordinates></Point></Placemark>
<Placemark><name>MHC recon: Ashley Pond area site</name><description>Holyoke, MA
Accurate to ±800 m — weak confidence — source-checked
MHC Reconnaissance Survey Town Report: Holyoke (1982)

Unidentified/Woodland-period sites possibly located around the Ashley Pond area.; [verified] Wikipedia Ashley Reservoir coords match exactly (42.175,-72.661).</description><styleUrl>#weak</styleUrl><Point><coordinates>-72.661000,42.175000,0</coordinates></Point></Placemark>
<Placemark><name>MHC recon: Depot Hill site</name><description>Holyoke, MA
Accurate to ±1500 m — weak confidence — source-checked
MHC Reconnaissance Survey Town Report: Holyoke (1982)

Native sites reported at Depot Hill in Holyoke overlooking the Great Falls of the Connecticut River.; [verified] No &#x27;Depot Hill&#x27; Holyoke source found in search results</description><styleUrl>#weak</styleUrl><Point><coordinates>-72.610000,42.208000,0</coordinates></Point></Placemark>
<Placemark><name>MHC recon: Hartford Avenue trail</name><description>Hopedale, MA
Accurate to ±1500 m — weak confidence
MHC Reconnaissance Survey Town Report: Hopedale (1983)

Documented east-west trail along the town&#x27;s southern border follows present Hartford Avenue.</description><styleUrl>#weak</styleUrl><Point><coordinates>-71.545000,42.125000,0</coordinates></Point></Placemark>
<Placemark><name>MHC recon: Hopedale Pond/Mill River shoreline site</name><description>Hopedale, MA
Accurate to ±800 m — weak confidence — source-checked
MHC Reconnaissance Survey Town Report: Hopedale (1983)

Shores and terraces of Hopedale Pond and the Mill River noted as likely sites for fishing and agriculture.; [verified] Topozone Hopedale Pond coordinates; corrected ~1.8km from original.</description><styleUrl>#weak</styleUrl><Point><coordinates>-71.553454,42.140032,0</coordinates></Point></Placemark>
<Placemark><name>MHC recon: Indian Brook trail node</name><description>Hopkinton, MA
Accurate to ±1300 m — weak confidence
MHC Reconnaissance Survey Town Report: Hopkinton (1980)

Connecticut Path conjectured to pass near Cedar Swamp-Indian Brook en route from Ashland.</description><styleUrl>#weak</styleUrl><Point><coordinates>-71.480000,42.245000,0</coordinates></Point></Placemark>
<Placemark><name>MHC recon: Whitehall Reservoir site</name><description>Hopkinton, MA
Accurate to ±1500 m — weak confidence — source-checked
MHC Reconnaissance Survey Town Report: Hopkinton (1980)

Unspecified period sites reported along White Hall Reservoir.; [verified] HomeTownLocator page blocked (robots.txt); no confirmable coordinate found</description><styleUrl>#weak</styleUrl><Point><coordinates>-71.570966,42.228284,0</coordinates></Point></Placemark>
<Placemark><name>MHC recon: Asnacomet Pond site cluster</name><description>Hubbardston, MA
Accurate to ±700 m — weak confidence — source-checked
MHC Reconnaissance Survey Town Report: Hubbardston (1984)

Two undescribed sites are reported located on Asnacomet Pond.; [verified] Corrected to Asnacomet Pond access pt (mass.gov); orig ~3.7km off.</description><styleUrl>#weak</styleUrl><Point><coordinates>-71.979280,42.448500,0</coordinates></Point></Placemark>
<Placemark><name>MHC recon: Burnshirt River crossing trail ford</name><description>Hubbardston, MA
Accurate to ±1500 m — weak confidence
MHC Reconnaissance Survey Town Report: Hubbardston (1984)

Main east-west trail from the Wachusett area, between Asnacomet and Moosehorn ponds, crossed the Burnshirt River.</description><styleUrl>#weak</styleUrl><Point><coordinates>-72.000000,42.470000,0</coordinates></Point></Placemark>
<Placemark><name>MHC recon: Moosehorn Pond site</name><description>Hubbardston, MA
Accurate to ±800 m — weak confidence — source-checked
MHC Reconnaissance Survey Town Report: Hubbardston (1984)

Possible native sites reported near Moosehorn Pond in the southeast part of town.; [verified] Mapcarta Moosehorn Pond, Hubbardston coords; corrected ~3.5km from original.</description><styleUrl>#weak</styleUrl><Point><coordinates>-71.967280,42.468770,0</coordinates></Point></Placemark>
<Placemark><name>MHC recon: Assabet Falls trail crossing</name><description>Hudson, MA
Accurate to ±1500 m — weak confidence — source-checked
MHC Reconnaissance Survey Town Report: Hudson (1980)

Secondary trail conjectured to branch south over Assabet Falls at Hudson Center.; [verified] Searched; no &#x27;Assabet Falls&#x27; landmark found near Hudson Center</description><styleUrl>#weak</styleUrl><Point><coordinates>-71.559000,42.392000,0</coordinates></Point></Placemark>
<Placemark><name>MHC recon: Assabet River fish weirs</name><description>Hudson, MA
Accurate to ±1200 m — weak confidence
MHC Reconnaissance Survey Town Report: Hudson (1980)

Seasonal fish runs in the Assabet River made fish weirs probable in this reach.</description><styleUrl>#weak</styleUrl><Point><coordinates>-71.562000,42.394000,0</coordinates></Point></Placemark>
<Placemark><name>MHC recon: Assabet River ford (Main St/Bolton Rd)</name><description>Hudson, MA
Accurate to ±1000 m — weak confidence
MHC Reconnaissance Survey Town Report: Hudson (1980)

Probable trail route (Main St/Bolton Rd loop) with a ford across the Assabet near the sewage plant.</description><styleUrl>#weak</styleUrl><Point><coordinates>-71.565000,42.396000,0</coordinates></Point></Placemark>
<Placemark><name>MHC recon: Boon Pond site</name><description>Hudson/Stow, MA
Accurate to ±800 m — weak confidence — source-checked
MHC Reconnaissance Survey Town Report: Hudson (1980)

Sites likely on terraces/knolls overlooking the Assabet and adjacent to Boon&#x27;s Pond.; [verified] Wikipedia Lake Boon (Boon&#x27;s Pond) infobox coords; corrected ~4.6km.</description><styleUrl>#weak</styleUrl><Point><coordinates>-71.501390,42.403060,0</coordinates></Point></Placemark>
<Placemark><name>MHC recon: White Pond site</name><description>Hudson/Stow, MA
Accurate to ±1500 m — weak confidence — source-checked
MHC Reconnaissance Survey Town Report: Hudson (1980)

Sites likely on terraces/knolls overlooking the Assabet and adjacent to White Pond.; [verified] Wikipedia &#x27;White Pond (MA)&#x27; coords don&#x27;t match Hudson/Stow location; unconfirmed.</description><styleUrl>#weak</styleUrl><Point><coordinates>-71.560000,42.430000,0</coordinates></Point></Placemark>
<Placemark><name>Atlantic Hill Cemetery (protohistoric)</name><description>Hull, MA
Accurate to ±1500 m — weak confidence — source-checked
MHC Reconnaissance Survey Town Report: Hull (1979)

Report notes protohistoric cemetery on Atlantic Hill in Contact Period survey observations.; [verified] NeighborhoodScout page had no coordinates; none confirmed</description><styleUrl>#weak</styleUrl><Point><coordinates>-70.905000,42.301000,0</coordinates></Point></Placemark>
<Placemark><name>MHC recon: Hull Street / Nantasket Beach native trail</name><description>Hull, MA
Accurate to ±2000 m — weak confidence
MHC Reconnaissance Survey Town Report: Hull (1979)

Native trail from Hull Street along Nantasket Beach to Hull village, primary mainland link.</description><styleUrl>#weak</styleUrl><Point><coordinates>-70.910000,42.298000,0</coordinates></Point></Placemark>
<Placemark><name>MHC recon: Skull Head native sites</name><description>Hull, MA
Accurate to ±1200 m — weak confidence
MHC Reconnaissance Survey Town Report: Hull (1979)

Oblique references to native sites on &#x27;Skull Head&#x27; in settlement pattern section.</description><styleUrl>#weak</styleUrl><Point><coordinates>-70.913000,42.305000,0</coordinates></Point></Placemark>
<Placemark><name>MHC recon: Straits Pond / Lyford&#x27;s Liking site potential</name><description>Hull, MA
Accurate to ±2000 m — weak confidence
MHC Reconnaissance Survey Town Report: Hull (1979)

Report flags high undiscovered site potential near Straits Pond and Lyford&#x27;s Liking.</description><styleUrl>#weak</styleUrl><Point><coordinates>-70.868000,42.254000,0</coordinates></Point></Placemark>
<Placemark><name>MHC recon: Norwich Pond native fishing area</name><description>Huntington, MA
Accurate to ±1500 m — weak confidence
MHC Reconnaissance Survey Town Report: Huntington (1982)

Norwich Pond identified as a focal point of native fishing in Subsistence Pattern section.</description><styleUrl>#weak</styleUrl><Point><coordinates>-72.865000,42.246000,0</coordinates></Point></Placemark>
<Placemark><name>MHC recon: Westfield/Little River confluence camp area</name><description>Huntington, MA
Accurate to ±1200 m — weak confidence
MHC Reconnaissance Survey Town Report: Huntington (1982)

Probable native sites near Westfield-Little River confluence and Goss Heights per Settlement Pattern.</description><styleUrl>#weak</styleUrl><Point><coordinates>-72.879000,42.234000,0</coordinates></Point></Placemark>
<Placemark><name>MHC recon: Plum Island native planting fields</name><description>Ipswich, MA
Accurate to ±1500 m — weak confidence
MHC Reconnaissance Survey Town Report: Ipswich (1985)

Report states native fields were likely located along Plum Island per subsistence pattern section.</description><styleUrl>#weak</styleUrl><Point><coordinates>-70.764000,42.702000,0</coordinates></Point></Placemark>
<Placemark><name>MHC recon: Indian Pond native site complex</name><description>Kingston, MA
Accurate to ±1200 m — weak confidence
MHC Reconnaissance Survey Town Report: Kingston (1981)

Indian Pond shores named in unidentified native contact-period site complex, Settlement Patterns section.</description><styleUrl>#weak</styleUrl><Point><coordinates>-70.740000,41.993000,0</coordinates></Point></Placemark>
<Placemark><name>MHC recon: Lucas Pond Late Woodland component</name><description>Kingston, MA
Accurate to ±1500 m — weak confidence — source-checked
MHC Reconnaissance Survey Town Report: Kingston (1981)

Late Woodland component found adjacent to Lucas Pond per Settlement Patterns section.; [verified] No &#x27;Lucas Pond&#x27; found in Kingston MA search results; site unconfirmed.</description><styleUrl>#weak</styleUrl><Point><coordinates>-70.755000,41.998000,0</coordinates></Point></Placemark>
<Placemark><name>MHC recon: Piegan Hill site</name><description>Kingston, MA
Accurate to ±2000 m — weak confidence
MHC Reconnaissance Survey Town Report: Kingston (1981)

Piegan Hill cited as an 18th-century documented native-associated site elsewhere in report.</description><styleUrl>#weak</styleUrl><Point><coordinates>-70.735000,41.985000,0</coordinates></Point></Placemark>
<Placemark><name>MHC recon: Silver Lake native site complex</name><description>Kingston, MA
Accurate to ±1500 m — weak confidence
MHC Reconnaissance Survey Town Report: Kingston (1981)

Silver Lake shores named in unidentified native contact-period site complex, Settlement Patterns section.</description><styleUrl>#weak</styleUrl><Point><coordinates>-70.795000,42.017000,0</coordinates></Point></Placemark>
<Placemark><name>King Philip&#x27;s Lookout</name><description>Lakeville, MA
Accurate to ±1200 m — weak confidence
MHC Reconnaissance Survey Town Report: Lakeville (1981)

Local tradition names King Philip&#x27;s Lookout as residence of Pamantaquash, &#x27;the Pond Sachem,&#x27; near Assawompset Pond.</description><styleUrl>#weak</styleUrl><Point><coordinates>-70.905000,41.828000,0</coordinates></Point></Placemark>
<Placemark><name>MHC recon: Haverhill St / East Haverhill St Indian trail</name><description>Lawrence, MA
Accurate to ±2000 m — weak confidence
MHC Reconnaissance Survey Town Report: Lawrence (1986)

Haverhill Street and East Haverhill Street noted as early Indian trails in transportation routes section.</description><styleUrl>#weak</styleUrl><Point><coordinates>-71.150000,42.716000,0</coordinates></Point></Placemark>
<Placemark><name>MHC recon: Old Haverhill Rd / Ferry St Indian trail</name><description>Lawrence, MA
Accurate to ±2000 m — weak confidence
MHC Reconnaissance Survey Town Report: Lawrence (1986)

Old Haverhill Road and Ferry Street identified as portions of early Indian trails.</description><styleUrl>#weak</styleUrl><Point><coordinates>-71.166000,42.700000,0</coordinates></Point></Placemark>
<Placemark><name>MHC recon: rumored native site, Burncoat Pond</name><description>Leicester, MA
Accurate to ±1200 m — weak confidence
MHC Reconnaissance Survey Town Report: Leicester (1983)

Rumored native site finds reported east of Burncoat Pond per Settlement Period section.</description><styleUrl>#weak</styleUrl><Point><coordinates>-71.893000,42.264000,0</coordinates></Point></Placemark>
<Placemark><name>MHC recon: Monoosnock Brook headwaters camp area</name><description>Leominster, MA
Accurate to ±1500 m — weak confidence
MHC Reconnaissance Survey Town Report: Leominster (1984)

Probable short-term native camp area at Monoosnock Brook headwaters per Settlement Pattern section.</description><styleUrl>#weak</styleUrl><Point><coordinates>-71.800000,42.500000,0</coordinates></Point></Placemark>
<Placemark><name>MHC recon: Leverett Pond native fishing area</name><description>Leverett, MA
Accurate to ±900 m — weak confidence
MHC Reconnaissance Survey Town Report: Leverett (1982)

Leverett Pond noted as probable focal point of local native fishing activity.</description><styleUrl>#weak</styleUrl><Point><coordinates>-72.495000,42.487000,0</coordinates></Point></Placemark>
<Placemark><name>MHC recon: Long Plain Brook native site cluster</name><description>Leverett, MA
Accurate to ±1200 m — weak confidence
MHC Reconnaissance Survey Town Report: Leverett (1982)

Undated native sites reported along Long Plain Brook; delta area has greatest site survival likelihood.</description><styleUrl>#weak</styleUrl><Point><coordinates>-72.487000,42.463000,0</coordinates></Point></Placemark>
<Placemark><name>MHC recon: North Leverett / Sawmill River artifact area</name><description>Leverett, MA
Accurate to ±900 m — weak confidence
MHC Reconnaissance Survey Town Report: Leverett (1982)

Undated native artifacts recovered in North Leverett near the Sawmill River.</description><styleUrl>#weak</styleUrl><Point><coordinates>-72.485000,42.507000,0</coordinates></Point></Placemark>
<Placemark><name>MHC recon: Woodland site north of Loring Hill</name><description>Lexington, MA
Accurate to ±700 m — weak confidence — source-checked
MHC Reconnaissance Survey Town Report: Lexington (1980)

Report: one Woodland-period site reported north of Loring Hill; placed at Loring Hill vicinity, E Lexington.; [verified] Loring Hill confirmed real summit, E Lexington (Topozone); coord kept.</description><styleUrl>#weak</styleUrl><Point><coordinates>-71.198000,42.439000,0</coordinates></Point></Placemark>
<Placemark><name>MHC recon: native trail focus at Lexington town center</name><description>Lexington, MA
Accurate to ±1200 m — weak confidence
MHC Reconnaissance Survey Town Report: Lexington (1980)

Report: native sites suspected at trail focus at town center; placed at Lexington Center/Battle Green.</description><styleUrl>#weak</styleUrl><Point><coordinates>-71.224500,42.446800,0</coordinates></Point></Placemark>
<Placemark><name>MHC recon: native encampment area, Glen Brook</name><description>Leyden, MA
Accurate to ±900 m — weak confidence
MHC Reconnaissance Survey Town Report: Leyden (1982)

Report: Contact-period occupation probably limited to small fishing/hunting encampments along Glen Brook.</description><styleUrl>#weak</styleUrl><Point><coordinates>-72.560000,42.706000,0</coordinates></Point></Placemark>
<Placemark><name>MHC recon: native encampment/horticultural village site, Beaver Meadow</name><description>Leyden, MA
Accurate to ±900 m — weak confidence
MHC Reconnaissance Survey Town Report: Leyden (1982)

Report cites Beaver Meadow among locations that may also have been sites of small horticultural villages.</description><styleUrl>#weak</styleUrl><Point><coordinates>-72.533000,42.699000,0</coordinates></Point></Placemark>
<Placemark><name>MHC recon: native encampment/horticultural village site, East Hill</name><description>Leyden, MA
Accurate to ±900 m — weak confidence
MHC Reconnaissance Survey Town Report: Leyden (1982)

Report cites East Hill among locations that may also have been sites of small horticultural villages.</description><styleUrl>#weak</styleUrl><Point><coordinates>-72.525000,42.693000,0</coordinates></Point></Placemark>
<Placemark><name>MHC recon: native encampment/horticultural village site, Frizzell Hill</name><description>Leyden, MA
Accurate to ±900 m — weak confidence
MHC Reconnaissance Survey Town Report: Leyden (1982)

Report cites Frizzell Hill among locations that may also have been sites of small horticultural villages.</description><styleUrl>#weak</styleUrl><Point><coordinates>-72.512000,42.688000,0</coordinates></Point></Placemark>
<Placemark><name>MHC recon: possible native burial sites near Alexander Road</name><description>Leyden, MA
Accurate to ±900 m — weak confidence
MHC Reconnaissance Survey Town Report: Leyden (1982)

Report: two possible native period burial sites adjacent to Alexander Road suggest native sites in this area.</description><styleUrl>#weak</styleUrl><Point><coordinates>-72.510000,42.705000,0</coordinates></Point></Placemark>
<Placemark><name>MHC recon: native sites near Sandy Pond</name><description>Lincoln, MA
Accurate to ±1500 m — weak confidence — source-checked
MHC Reconnaissance Survey Town Report: Lincoln (1980)

Report: sites also likely near Sandy Pond (fresh water fishing).; [verified] Trail page had no coordinates; no confirmable source found for Sandy Pond</description><styleUrl>#weak</styleUrl><Point><coordinates>-71.340200,42.421300,0</coordinates></Point></Placemark>
<Placemark><name>MHC recon: unspecified native sites near Fairhaven Bay</name><description>Lincoln, MA
Accurate to ±1200 m — weak confidence
MHC Reconnaissance Survey Town Report: Lincoln (1980)

Report: several unspecified sites along Sudbury River especially near Fairhaven Bay; placed on Lincoln bank opposite the bay.</description><styleUrl>#weak</styleUrl><Point><coordinates>-71.351000,42.402000,0</coordinates></Point></Placemark>
<Placemark><name>Fort Pond Native Defense Site</name><description>Littleton, MA
Accurate to ±1500 m — weak confidence — source-checked
MHC Reconnaissance Survey Town Report: Littleton (1980)

Report: Fort Pond contained an important native defense site.; [verified] Unfound: Littleton doc confirms Fort Pond in south of town, no coordinates given.</description><styleUrl>#weak</styleUrl><Point><coordinates>-71.474000,42.524000,0</coordinates></Point></Placemark>
<Placemark><name>MHC recon: native sites near Nagog Pond</name><description>Littleton/Acton, MA
Accurate to ±1200 m — weak confidence
MHC Reconnaissance Survey Town Report: Littleton (1980)

Report: conjectured trails pass Fort and Nagog Ponds, both noted as native sites.</description><styleUrl>#weak</styleUrl><Point><coordinates>-71.435000,42.503000,0</coordinates></Point></Placemark>
<Placemark><name>MHC recon: native burial ground, southern Longmeadow riverfront</name><description>Longmeadow, MA
Accurate to ±1300 m — weak confidence
MHC Reconnaissance Survey Town Report: Longmeadow (1982)

Report: Woodland occupation and a possible associated native burial ground found in southern Longmeadow along the riverfront, 19th c.</description><styleUrl>#weak</styleUrl><Point><coordinates>-72.570000,42.035000,0</coordinates></Point></Placemark>
<Placemark><name>MHC recon: unidentified native site near Raspberry Rock</name><description>Longmeadow, MA
Accurate to ±1500 m — weak confidence — source-checked
MHC Reconnaissance Survey Town Report: Longmeadow (1982)

Report: an unidentified native site is situated on the riverfront immediately south of Raspberry Rock.; [verified] Searched; no &#x27;Raspberry Rock&#x27; landmark found in Longmeadow sources.</description><styleUrl>#weak</styleUrl><Point><coordinates>-72.567000,42.032000,0</coordinates></Point></Placemark>
<Placemark><name>MHC recon: Ford Hill native site</name><description>Lowell, MA
Accurate to ±1200 m — weak confidence
MHC Reconnaissance Survey Town Report: Lowell (1980)

Report: trail route runs around Ford Hill, named a native site, near Lawrence-Boylston Streets.</description><styleUrl>#weak</styleUrl><Point><coordinates>-71.290000,42.625000,0</coordinates></Point></Placemark>
<Placemark><name>Facing Rock</name><description>Ludlow, MA
Accurate to ±1500 m — weak confidence
MHC Reconnaissance Survey Town Report: Ludlow (1982)

Report: at Facing Rock a small native band is said to have killed an English captive.</description><styleUrl>#weak</styleUrl><Point><coordinates>-72.450000,42.170000,0</coordinates></Point></Placemark>
<Placemark><name>Indian Leap (Wallamanumps)</name><description>Ludlow, MA
Accurate to ±1500 m — weak confidence — source-checked
MHC Reconnaissance Survey Town Report: Ludlow (1982)

Report: bluff overlooking the Chicopee River at Wallamanumps, reputedly an overnight refuge for a native force led by King Philip; called Indian Leap.; [verified] Indian Leap, Ludlow real landmark; coordinate source blocked (robots.txt).</description><styleUrl>#weak</styleUrl><Point><coordinates>-72.523000,42.163000,0</coordinates></Point></Placemark>
<Placemark><name>MHC recon: Middle Woodland occupation site near RCCE/Gun Club</name><description>Ludlow, MA
Accurate to ±900 m — weak confidence
MHC Reconnaissance Survey Town Report: Ludlow (1982)

Report: evidence of Middle Woodland occupation encountered in western lowlands southeast of the RCCE and Gun Club.</description><styleUrl>#weak</styleUrl><Point><coordinates>-72.505000,42.145000,0</coordinates></Point></Placemark>
<Placemark><name>MHC recon: native pond site, Lake Whalom (Unkechewalom)</name><description>Lunenburg, MA
Accurate to ±800 m — weak confidence — source-checked
MHC Reconnaissance Survey Town Report: Lunenburg (1984)

Report: native pond sites likely at Lake Whalom (Unkechewalom).; [verified] HomeTownLocator Lake Whalom, Lunenburg coords; corrected ~2.6km.</description><styleUrl>#weak</styleUrl><Point><coordinates>-71.740457,42.573966,0</coordinates></Point></Placemark>
<Placemark><name>MHC recon: native pond site, Massapoag Pond</name><description>Lunenburg, MA
Accurate to ±800 m — weak confidence — source-checked
MHC Reconnaissance Survey Town Report: Lunenburg (1984)

Report: native pond sites likely at Massapog/Massapoag Pond.; [verified] HomeTownLocator Massapoag Pond, Lunenburg coords; corrected ~5.1km.</description><styleUrl>#weak</styleUrl><Point><coordinates>-71.718738,42.555424,0</coordinates></Point></Placemark>
<Placemark><name>MHC recon: native trail along Boston Street/Essex Street</name><description>Lynn, MA
Accurate to ±2000 m — weak confidence
MHC Reconnaissance Survey Town Report: Lynn (1985)

Report: Plantation-period settlement (1629) made from Salem along native trails of Boston Street and Essex Street.</description><styleUrl>#weak</styleUrl><Point><coordinates>-70.965000,42.463000,0</coordinates></Point></Placemark>
<Placemark><name>MHC recon: native site locales along Ipswich River</name><description>Lynnfield, MA
Accurate to ±1200 m — weak confidence
MHC Reconnaissance Survey Town Report: Lynnfield (1986)

Report: locales along the Ipswich River may have been good Contact-period site locations (fishing sites, shell middens, quarries, burials).</description><styleUrl>#weak</styleUrl><Point><coordinates>-71.045000,42.545000,0</coordinates></Point></Placemark>
<Placemark><name>MHC recon: native site locales along Saugus River</name><description>Lynnfield, MA
Accurate to ±1200 m — weak confidence
MHC Reconnaissance Survey Town Report: Lynnfield (1986)

Report: locales along the Saugus River may have been good Contact-period site locations.</description><styleUrl>#weak</styleUrl><Point><coordinates>-71.055000,42.520000,0</coordinates></Point></Placemark>
<Placemark><name>MHC recon: native trail, Main Street corridor</name><description>Lynnfield, MA
Accurate to ±1500 m — weak confidence
MHC Reconnaissance Survey Town Report: Lynnfield (1986)

Report: conjectured native trail in the Main Street area linking Wakefield/Reading with Middleton/Ipswich River locale.</description><styleUrl>#weak</styleUrl><Point><coordinates>-71.047300,42.533400,0</coordinates></Point></Placemark>
<Placemark><name>MHC recon: native trail, Sumner Street-Salem Street corridor</name><description>Lynnfield, MA
Accurate to ±1500 m — weak confidence
MHC Reconnaissance Survey Town Report: Lynnfield (1986)

Report: conjectured native trail in the Sumner Street-Salem Street area leading south to Saugus, Lynn and Salem.</description><styleUrl>#weak</styleUrl><Point><coordinates>-71.040000,42.510000,0</coordinates></Point></Placemark>
<Placemark><name>MHC recon: Malden River site cluster</name><description>Malden, MA
Accurate to ±1500 m — weak confidence
MHC Reconnaissance Survey Town Report: Malden (1980)

Report: settlement sites &#x27;probable along Malden River&#x27;; no specifics given.</description><styleUrl>#weak</styleUrl><Point><coordinates>-71.068000,42.412000,0</coordinates></Point></Placemark>
<Placemark><name>MHC recon: Salem Street ford, upper Malden River</name><description>Malden, MA
Accurate to ±1500 m — weak confidence — source-checked
MHC Reconnaissance Survey Town Report: Malden (1980)

Primary E/W trail (Salem St) crossed at a ford across the upper Malden River.; [verified] No confirmable coord for the ford itself; nearby Salem St sites differ &gt;300m</description><styleUrl>#weak</styleUrl><Point><coordinates>-71.061000,42.435000,0</coordinates></Point></Placemark>
<Placemark><name>MHC recon: Contact period mound, head of tidewater (Kelham/Fitz mill site)</name><description>Manchester-by-the-Sea, MA
Accurate to ±1500 m — weak confidence — source-checked
MHC Reconnaissance Survey Town Report: Manchester-by-the-Sea (1985)

Contact period mound reported at head of tidewater on stream where the Kelham and Fitz mill was built.; [verified] No confirmable source located for Kelham/Fitz mill site</description><styleUrl>#weak</styleUrl><Point><coordinates>-70.773500,42.573500,0</coordinates></Point></Placemark>
<Placemark><name>MHC recon: Manchester Harbor coastal shell midden/village cluster</name><description>Manchester-by-the-Sea, MA
Accurate to ±1500 m — weak confidence
MHC Reconnaissance Survey Town Report: Manchester-by-the-Sea (1985)

Settlement section: Woodland/Contact habitation, fishing and shell midden sites probable near harbor coast.</description><styleUrl>#weak</styleUrl><Point><coordinates>-70.770000,42.572000,0</coordinates></Point></Placemark>
<Placemark><name>MHC recon: conjectured trail to Annisquam River (Gloucester)</name><description>Manchester-by-the-Sea, MA
Accurate to ±2000 m — weak confidence
MHC Reconnaissance Survey Town Report: Manchester-by-the-Sea (1985)

Inland trail may have existed linking Manchester to the Annisquam River area in Gloucester.</description><styleUrl>#weak</styleUrl><Point><coordinates>-70.785000,42.585000,0</coordinates></Point></Placemark>
<Placemark><name>MHC recon: Franklin/Maple Street trail junction</name><description>Mansfield, MA
Accurate to ±1500 m — weak confidence — source-checked
MHC Reconnaissance Survey Town Report: Mansfield (1981)

Likely upland trail fragment follows Maple St from the Franklin/Maple St junction west to Oakland St.; [verified] No specific source found for this trail junction; searched web</description><styleUrl>#weak</styleUrl><Point><coordinates>-71.230000,42.028000,0</coordinates></Point></Placemark>
<Placemark><name>MHC recon: Bessom&#x27;s Pasture Contact-period remains</name><description>Marblehead, MA
Accurate to ±1500 m — weak confidence — source-checked
MHC Reconnaissance Survey Town Report: Marblehead (1985)

1874 excavations at Bessom&#x27;s Pasture near Salem Harbor produced Contact period remains.; [verified] No independent source locating Bessom&#x27;s Pasture found</description><styleUrl>#weak</styleUrl><Point><coordinates>-70.891000,42.504000,0</coordinates></Point></Placemark>
<Placemark><name>MHC recon: Indian stockade, Lower Division Pasture</name><description>Marblehead, MA
Accurate to ±1500 m — weak confidence — source-checked
MHC Reconnaissance Survey Town Report: Marblehead (1985)

An Indian stockade was reported in the vicinity of the Lower Division Pasture.; [verified] Searched; no confirmable source for this site name (Marblehead)</description><styleUrl>#weak</styleUrl><Point><coordinates>-70.870000,42.503000,0</coordinates></Point></Placemark>
<Placemark><name>MHC recon: wigwam remains, Atlantic Avenue smallpox pasture</name><description>Marblehead, MA
Accurate to ±1500 m — weak confidence — source-checked
MHC Reconnaissance Survey Town Report: Marblehead (1985)

Small pox pasture and fields off Atlantic Avenue reported to contain remains of native wigwams.; [verified] No source confirming smallpox pasture site off Atlantic Ave</description><styleUrl>#weak</styleUrl><Point><coordinates>-70.865000,42.501000,0</coordinates></Point></Placemark>
<Placemark><name>MHC recon: Great Hill contact-period lookout</name><description>Marion, MA
Accurate to ±1500 m — weak confidence — source-checked
MHC Reconnaissance Survey Town Report: Marion (1981)

Great Hill&#x27;s coastal location and unobstructed view suggest use during the contact period.; [verified] No confirmable source for Great Hill in Marion MA found</description><styleUrl>#weak</styleUrl><Point><coordinates>-70.743000,41.688000,0</coordinates></Point></Placemark>
<Placemark><name>MHC recon: Sippican Harbor native settlement area</name><description>Marion, MA
Accurate to ±1500 m — weak confidence
MHC Reconnaissance Survey Town Report: Marion (1981)

Probable native settlement along Sippican Harbor due to sheltered harbor and planting grounds.</description><styleUrl>#weak</styleUrl><Point><coordinates>-70.760000,41.699000,0</coordinates></Point></Placemark>
<Placemark><name>MHC recon: site adjacent to Witch&#x27;s Rock</name><description>Marion, MA
Accurate to ±1500 m — weak confidence — source-checked
MHC Reconnaissance Survey Town Report: Marion (1981)

Second probable contact/historical period site reported adjacent to Witch&#x27;s Rock.; [verified] Search found only a Rochester MA Witch Rock ref, not Marion</description><styleUrl>#weak</styleUrl><Point><coordinates>-70.747500,41.735500,0</coordinates></Point></Placemark>
<Placemark><name>MHC recon: site at Wareham Road/Creek Road junction</name><description>Marion, MA
Accurate to ±1500 m — weak confidence — source-checked
MHC Reconnaissance Survey Town Report: Marion (1981)

Probable contact/historical site immediately northeast of the Wareham and Creek Rd junction; abandoned planting grounds.; [verified] No confirmable source for this Marion road junction site</description><styleUrl>#weak</styleUrl><Point><coordinates>-70.749000,41.734000,0</coordinates></Point></Placemark>
<Placemark><name>MHC recon: Ockoocangansett Hill site (Praying Town)</name><description>Marlborough, MA
Accurate to ±1500 m — weak confidence — source-checked
MHC Reconnaissance Survey Town Report: Marlborough (1980)

Unspecified native sites reported on Ockoocanganset Hill, site of the 1654 Indian Praying Town.; [verified] Unfound: history text places it near High School Common/downtown, no coord confirmed.</description><styleUrl>#weak</styleUrl><Point><coordinates>-71.554000,42.354000,0</coordinates></Point></Placemark>
<Placemark><name>MHC recon: Williams Lake/Assabet River terrace sites</name><description>Marlborough, MA
Accurate to ±1200 m — weak confidence
MHC Reconnaissance Survey Town Report: Marlborough (1980)

Likely site locations on terraces and knolls overlooking Assabet River and Williams Lake.</description><styleUrl>#weak</styleUrl><Point><coordinates>-71.559000,42.339000,0</coordinates></Point></Placemark>
<Placemark><name>MHC recon: Ferry Street contact-period site</name><description>Marshfield, MA
Accurate to ±1500 m — weak confidence — source-checked
MHC Reconnaissance Survey Town Report: Marshfield (1981)

Possible contact site located on both sides of Ferry Street.; [verified] No confirmable source for Ferry Street site in Marshfield</description><styleUrl>#weak</styleUrl><Point><coordinates>-70.740000,42.140000,0</coordinates></Point></Placemark>
<Placemark><name>MHC recon: King Philip&#x27;s Bath trail landmark, Black Mountain</name><description>Marshfield, MA
Accurate to ±1500 m — weak confidence — source-checked
MHC Reconnaissance Survey Town Report: Marshfield (1981)

Trail connection to Plymouth Bay around Black Mountain preserved as Bay St and King Philip&#x27;s Bath.; [verified] No source located for Black Mountain/King Philip&#x27;s Bath Marshfield</description><styleUrl>#weak</styleUrl><Point><coordinates>-70.680000,42.083000,0</coordinates></Point></Placemark>
<Placemark><name>MHC recon: wintering sites north of Marshfield village</name><description>Marshfield, MA
Accurate to ±1200 m — weak confidence
MHC Reconnaissance Survey Town Report: Marshfield (1981)

Two possible wintering sites present several thousand feet north of the village of Marshfield.</description><styleUrl>#weak</styleUrl><Point><coordinates>-70.708000,42.105000,0</coordinates></Point></Placemark>
<Placemark><name>MHC recon: Quashnet River corridor trail, north of Johns Pond</name><description>Mashpee, MA
Accurate to ±1500 m — weak confidence — source-checked
MHC Reconnaissance Survey Town Report: Mashpee (1984)

Northeast trail connector conjectured on abandoned way along Quashnet River corridor north of Johns Pond.; [verified] USGS gauge found is south of Johns Pond, not the north-of-pond corridor</description><styleUrl>#weak</styleUrl><Point><coordinates>-70.459000,41.645000,0</coordinates></Point></Placemark>
<Placemark><name>MHC recon: Waquoit Bay/Popponesset Bay native settlement</name><description>Mashpee, MA
Accurate to ±2000 m — weak confidence
MHC Reconnaissance Survey Town Report: Mashpee (1984)

Native populations probably existed along the southern shore in the Waquoit Bay and Popponesset Bay areas.</description><styleUrl>#weak</styleUrl><Point><coordinates>-70.466000,41.579000,0</coordinates></Point></Placemark>
<Placemark><name>MHC recon: Mattapoisett coast shell heap cluster</name><description>Mattapoisett, MA
Accurate to ±1500 m — weak confidence
MHC Reconnaissance Survey Town Report: Mattapoisett (1981)

Excellent probability that shell heaps scattered throughout the Mattapoisett coast are Contact period sites.</description><styleUrl>#weak</styleUrl><Point><coordinates>-70.803000,41.652000,0</coordinates></Point></Placemark>
<Placemark><name>MHC recon: site north of Eel Pond</name><description>Mattapoisett, MA
Accurate to ±1500 m — weak confidence — source-checked
MHC Reconnaissance Survey Town Report: Mattapoisett (1981)

One Woodland site reported north of Eel Pond, near a contact period native site.; [verified] Buzzards Bay NEP page gives no coordinates for Eel Pond</description><styleUrl>#weak</styleUrl><Point><coordinates>-70.803000,41.670000,0</coordinates></Point></Placemark>
<Placemark><name>MHC recon: Assabet River falls/confluence terrace sites</name><description>Maynard, MA
Accurate to ±1000 m — weak confidence
MHC Reconnaissance Survey Town Report: Maynard (1980)

Sites likely on well-drained terraces and knolls overlooking the Assabet, especially at falls and confluence points.</description><styleUrl>#weak</styleUrl><Point><coordinates>-71.459000,42.435000,0</coordinates></Point></Placemark>
<Placemark><name>MHC recon: Assabet River weir locations</name><description>Maynard, MA
Accurate to ±1200 m — weak confidence
MHC Reconnaissance Survey Town Report: Maynard (1980)

Primarily fishing in the Assabet; several locations where weirs were probably constructed.</description><styleUrl>#weak</styleUrl><Point><coordinates>-71.456000,42.434000,0</coordinates></Point></Placemark>
<Placemark><name>MHC recon: Charles River meadow settlement and weir site</name><description>Medfield, MA
Accurate to ±1200 m — weak confidence
MHC Reconnaissance Survey Town Report: Medfield (1980)

Report cites dense native settlement on Charles River meadows/terraces with probable surviving fish weir evidence</description><styleUrl>#weak</styleUrl><Point><coordinates>-71.363000,42.187500,0</coordinates></Point></Placemark>
<Placemark><name>MHC recon: Mount Nebo trail crossing</name><description>Medfield, MA
Accurate to ±1500 m — weak confidence — source-checked
MHC Reconnaissance Survey Town Report: Medfield (1980)

E/W trail from Dedham-Walpole crossed Charles River near Mt. Nebo (Hillcrest Rd) per route reconstruction; [verified] Topozone page for Mount Nebo, Medfield inaccessible; unconfirmed</description><styleUrl>#weak</styleUrl><Point><coordinates>-71.346000,42.186000,0</coordinates></Point></Placemark>
<Placemark><name>MHC recon: Oak Grove Cemetery planting fields</name><description>Medford, MA
Accurate to ±200 m — weak confidence — source-checked
MHC Reconnaissance Survey Town Report: Medford (1980)

Oak Grove Cemetery, west of Mystic Lakes, reputed to be native planting fields per local tradition; [verified] Find A Grave coordinates for Oak Grove Cemetery, Medford</description><styleUrl>#weak</styleUrl><Point><coordinates>-71.133250,42.429400,0</coordinates></Point></Placemark>
<Placemark><name>MHC recon: River Avenue site</name><description>Medford, MA
Accurate to ±1500 m — weak confidence — source-checked
MHC Reconnaissance Survey Town Report: Medford (1980)

Area along River Avenue east of the Mystic River cited as a likely Contact-period settlement location; [verified] Searched; no source locates a &#x27;River Avenue&#x27; site in Medford</description><styleUrl>#weak</styleUrl><Point><coordinates>-71.105000,42.419000,0</coordinates></Point></Placemark>
<Placemark><name>MHC recon: Rock Hill site</name><description>Medford, MA
Accurate to ±1500 m — weak confidence — source-checked
MHC Reconnaissance Survey Town Report: Medford (1980)

Rock Hill, between the Mystic River and High Street, cited as a likely Contact-period site location; [verified] Searched; no source names or locates a &#x27;Rock Hill&#x27; site in Medford</description><styleUrl>#weak</styleUrl><Point><coordinates>-71.110500,42.424700,0</coordinates></Point></Placemark>
<Placemark><name>MHC recon: Squaw Sachem&#x27;s fort, College Hill</name><description>Medford, MA
Accurate to ±900 m — weak confidence
MHC Reconnaissance Survey Town Report: Medford (1980)

First Settlement Period section notes Squaw Sachem&#x27;s fort on College Hill; no precise location given</description><styleUrl>#weak</styleUrl><Point><coordinates>-71.119000,42.407500,0</coordinates></Point></Placemark>
<Placemark><name>MHC recon: Charles River terrace settlement</name><description>Medway, MA
Accurate to ±1500 m — weak confidence
MHC Reconnaissance Survey Town Report: Medway (1980)

Potential sites on well-drained terraces/knolls overlooking the Charles River at confluence points in Medway</description><styleUrl>#weak</styleUrl><Point><coordinates>-71.422000,42.144000,0</coordinates></Point></Placemark>
<Placemark><name>MHC recon: Chicken Brook site cluster</name><description>Medway, MA
Accurate to ±1200 m — weak confidence
MHC Reconnaissance Survey Town Report: Medway (1980)

Several unspecified Contact-period sites reported along Chicken Brook, near ford at Indian Stepping Stones</description><styleUrl>#weak</styleUrl><Point><coordinates>-71.398000,42.152000,0</coordinates></Point></Placemark>
<Placemark><name>MHC recon: Ell Pond site cluster</name><description>Melrose, MA
Accurate to ±700 m — weak confidence
MHC Reconnaissance Survey Town Report: Melrose (1981)

Suspected native sites and possible period occupation reported around Ell Pond, Melrose</description><styleUrl>#weak</styleUrl><Point><coordinates>-71.067000,42.460000,0</coordinates></Point></Placemark>
<Placemark><name>MHC recon: Swains Pond site</name><description>Melrose, MA
Accurate to ±200 m — weak confidence — source-checked
MHC Reconnaissance Survey Town Report: Melrose (1981)

Possible Contact-period site around Swains Pond, part of trail/quarry corridor near Mt. Hood; [verified] Fishbrain coordinates for Swains Pond, Melrose</description><styleUrl>#weak</styleUrl><Point><coordinates>-71.046111,42.446972,0</coordinates></Point></Placemark>
<Placemark><name>MHC recon: Nipmuck Pond site cluster</name><description>Mendon, MA
Accurate to ±900 m — weak confidence
MHC Reconnaissance Survey Town Report: Mendon (1984)

Possible native sites east and northeast of Nipmuck Pond; pond also on conjectured trail loop</description><styleUrl>#weak</styleUrl><Point><coordinates>-71.559000,42.086000,0</coordinates></Point></Placemark>
<Placemark><name>MHC recon: Wigwam Hill site</name><description>Mendon, MA
Accurate to ±1200 m — weak confidence
MHC Reconnaissance Survey Town Report: Mendon (1984)

Wigwam Hill in southwest Mendon cited as an area of native settlement/use along with Nipmuck Pond</description><styleUrl>#weak</styleUrl><Point><coordinates>-71.578000,42.075000,0</coordinates></Point></Placemark>
<Placemark><name>MHC recon: Merrimack River native fields, Merrimac</name><description>Merrimac, MA
Accurate to ±2000 m — weak confidence
MHC Reconnaissance Survey Town Report: Merrimac (1987)

Native fields/camps likely located along the Merrimack River in Merrimac; no specific sites yet located</description><styleUrl>#weak</styleUrl><Point><coordinates>-71.006000,42.838000,0</coordinates></Point></Placemark>
<Placemark><name>MHC recon: Middleborough Center contact burial</name><description>Middleborough, MA
Accurate to ±800 m — weak confidence
MHC Reconnaissance Survey Town Report: Middleborough (1981)

Contact or Historic Period burial exposed in Middleborough center</description><styleUrl>#weak</styleUrl><Point><coordinates>-70.911000,41.893000,0</coordinates></Point></Placemark>
<Placemark><name>MHC recon: Middleborough center burial</name><description>Middleborough, MA
Accurate to ±600 m — weak confidence — source-checked
MHC Reconnaissance Survey Town Report: Middleborough (1981)

Contact or Historic Period burial exposed in Middleborough center; [verified] Within Middleborough Center Historic District vicinity (Wikipedia)</description><styleUrl>#weak</styleUrl><Point><coordinates>-70.913900,41.892900,0</coordinates></Point></Placemark>
<Placemark><name>MHC recon: Nemasket River fish weirs</name><description>Middleborough, MA
Accurate to ±1200 m — weak confidence
MHC Reconnaissance Survey Town Report: Middleborough (1981)

Report states two native fish weirs were situated on the Nemasket River</description><styleUrl>#weak</styleUrl><Point><coordinates>-70.918000,41.893000,0</coordinates></Point></Placemark>
<Placemark><name>MHC recon: Nemasket River planting grounds</name><description>Middleborough, MA
Accurate to ±1200 m — weak confidence
MHC Reconnaissance Survey Town Report: Middleborough (1981)

Native planting grounds located on land bordering the Nemasket River</description><styleUrl>#weak</styleUrl><Point><coordinates>-70.915000,41.896000,0</coordinates></Point></Placemark>
<Placemark><name>MHC recon: Tispaquin Pond shore settlements</name><description>Middleborough, MA
Accurate to ±900 m — weak confidence
MHC Reconnaissance Survey Town Report: Middleborough (1981)

Local history places native settlements on the shores of Tispaquin Pond before English settlement</description><styleUrl>#weak</styleUrl><Point><coordinates>-70.858600,41.863300,0</coordinates></Point></Placemark>
<Placemark><name>MHC recon: Woods Pond shore settlements</name><description>Middleborough, MA
Accurate to ±1200 m — weak confidence
MHC Reconnaissance Survey Town Report: Middleborough (1981)

Local history places native settlements on the shores of Woods Pond</description><styleUrl>#weak</styleUrl><Point><coordinates>-70.836000,41.895000,0</coordinates></Point></Placemark>
<Placemark><name>Nemasket Village (Muttock), N of Barden Hill</name><description>Middleborough, MA
Accurate to ±800 m — weak confidence
MHC Reconnaissance Survey Town Report: Middleborough (1981)

Probable site of Nemasket, the main Contact-period village; burials, a dugout canoe and Woodland artifacts reported; abandoned mid-1600s</description><styleUrl>#weak</styleUrl><Point><coordinates>-70.906000,41.900000,0</coordinates></Point></Placemark>
<Placemark><name>Titicut Indian Church Site</name><description>Middleborough, MA
Accurate to ±700 m — weak confidence
MHC Reconnaissance Survey Town Report: Middleborough (1981)

Native church on Pleasant St probably near its junction with Plymouth St, North Middleborough</description><styleUrl>#weak</styleUrl><Point><coordinates>-70.967000,41.938000,0</coordinates></Point></Placemark>
<Placemark><name>MHC recon: Factory Brook fishing site</name><description>Middlefield, MA
Accurate to ±700 m — weak confidence
MHC Reconnaissance Survey Town Report: Middlefield (1982)

Fishing sites suggested along the middle portion of Factory Brook, Middlefield</description><styleUrl>#weak</styleUrl><Point><coordinates>-72.955000,42.370000,0</coordinates></Point></Placemark>
<Placemark><name>MHC recon: Glendale Falls fishing site</name><description>Middlefield, MA
Accurate to ±200 m — weak confidence — source-checked
MHC Reconnaissance Survey Town Report: Middlefield (1982)

Fishing sites may have been established at Glendale Falls on the Middle Branch of Westfield River; [verified] HomeTownLocator/GNIS coordinates for Glendale Falls, Middlefield</description><styleUrl>#weak</styleUrl><Point><coordinates>-72.966913,42.350169,0</coordinates></Point></Placemark>
<Placemark><name>MHC recon: West Hill hunting camp</name><description>Middlefield, MA
Accurate to ±900 m — weak confidence
MHC Reconnaissance Survey Town Report: Middlefield (1982)

Upland hunting camps most apt to be located on West Hill, Middlefield</description><styleUrl>#weak</styleUrl><Point><coordinates>-72.978000,42.372000,0</coordinates></Point></Placemark>
<Placemark><name>MHC recon: northwestern Middlefield artifact findspot</name><description>Middlefield, MA
Accurate to ±1200 m — weak confidence
MHC Reconnaissance Survey Town Report: Middlefield (1982)

Undated native artifacts reported from northwestern Middlefield, cited as additional site potential</description><styleUrl>#weak</styleUrl><Point><coordinates>-72.985000,42.396000,0</coordinates></Point></Placemark>
<Placemark><name>MHC recon: Liberty-Maple Streets trail crossing</name><description>Middleton, MA
Accurate to ±900 m — weak confidence
MHC Reconnaissance Survey Town Report: Middleton (1986)

Major trail reported crossing riverine areas near Liberty and Maple Streets, Middleton</description><styleUrl>#weak</styleUrl><Point><coordinates>-71.021700,42.598700,0</coordinates></Point></Placemark>
<Placemark><name>MHC recon: Middleton Pond native site cluster</name><description>Middleton, MA
Accurate to ±700 m — weak confidence
MHC Reconnaissance Survey Town Report: Middleton (1986)

At least two native sites noted on the shores of Middleton Pond during the Plantation period</description><styleUrl>#weak</styleUrl><Point><coordinates>-71.026500,42.590000,0</coordinates></Point></Placemark>
<Placemark><name>MHC recon: possible native sites west of Cedar Swamp Pond</name><description>Milford, MA
Accurate to ±800 m — weak confidence — source-checked
MHC Reconnaissance Survey Town Report: Milford (1983)

Historic overview: &#x27;Possible native sites west of Cedar Swamp Pond&#x27; along the Charles River valley trail corridor.; [verified] USGS gauge above Cedar Swamp Pond, Milford coords; corrected ~3.1km.</description><styleUrl>#weak</styleUrl><Point><coordinates>-71.507778,42.164167,0</coordinates></Point></Placemark>
<Placemark><name>MHC recon: trail branch to North Pond (Hickleberry Brook)</name><description>Milford, MA
Accurate to ±1200 m — weak confidence
MHC Reconnaissance Survey Town Report: Milford (1983)

Contact Period: &#x27;Inferred branch north to North Pond along Hickleberry Brook tributary (Purchase Street-Camp Street).&#x27;</description><styleUrl>#weak</styleUrl><Point><coordinates>-71.524000,42.175000,0</coordinates></Point></Placemark>
<Placemark><name>MHC recon: trail ford south of Cedar Swamp Pond (Holliston Trail)</name><description>Milford, MA
Accurate to ±700 m — weak confidence
MHC Reconnaissance Survey Town Report: Milford (1983)

Contact Period: conjectured Holliston Trail extension south of Rocky Hill &#x27;with ford south of Cedar Swamp Pond.&#x27;</description><styleUrl>#weak</styleUrl><Point><coordinates>-71.503000,42.132000,0</coordinates></Point></Placemark>
<Placemark><name>MHC recon: Dorothy Pond site cluster</name><description>Millbury, MA
Accurate to ±900 m — weak confidence
MHC Reconnaissance Survey Town Report: Millbury (1984)

Report: Dorothy Pond &#x27;can be expected to yield sites, and several have&#x27;; trail followed Dorothy Brook-Meadow Brook past the pond.</description><styleUrl>#weak</styleUrl><Point><coordinates>-71.763000,42.205000,0</coordinates></Point></Placemark>
<Placemark><name>MHC recon: Singletary/Ramshorn Pond quarry and rock shelter area</name><description>Millbury, MA
Accurate to ±1200 m — weak confidence
MHC Reconnaissance Survey Town Report: Millbury (1984)

Report: area &#x27;particularly rich in quarry sites and rock shelters&#x27; near Singletary/Ramshorn ponds; trail led there via Singletary Brook.</description><styleUrl>#weak</styleUrl><Point><coordinates>-71.751000,42.148000,0</coordinates></Point></Placemark>
<Placemark><name>MHC recon: Charles River trail crossing at Prospect Hill (Millis Center)</name><description>Millis, MA
Accurate to ±1500 m — weak confidence
MHC Reconnaissance Survey Town Report: Millis (1980)

Contact Period: &#x27;important junction of routes across Charles River&#x27;; trail from Sherborn via Ridge St to Prospect Hill (Millis Center).</description><styleUrl>#weak</styleUrl><Point><coordinates>-71.353000,42.169000,0</coordinates></Point></Placemark>
<Placemark><name>MHC recon: Blackstone River trail (Lincoln Street/Albee Street corridor)</name><description>Millville, MA
Accurate to ±1500 m — weak confidence
MHC Reconnaissance Survey Town Report: Millville (1983)

Contact Period: &#x27;conjectured trail north of river on Lincoln Street, Albee Street&#x27;, north side of Blackstone Valley.</description><styleUrl>#weak</styleUrl><Point><coordinates>-71.561000,42.021000,0</coordinates></Point></Placemark>
<Placemark><name>MHC recon: Neponset settlement area, Milton Hill</name><description>Milton, MA
Accurate to ±1500 m — weak confidence — source-checked
MHC Reconnaissance Survey Town Report: Milton (1981)

Historic overview: &#x27;reported settlement area of Neponset tribe on Milton Hill&#x27;; Woodland sites reported along Neponset near Milton Hill.; [verified] Wikipedia notes Milton Hill area but gives no coordinates; nothing confirmed</description><styleUrl>#weak</styleUrl><Point><coordinates>-71.056000,42.253000,0</coordinates></Point></Placemark>
<Placemark><name>MHC recon: Woodland component site near Wollaston golf course</name><description>Milton, MA
Accurate to ±700 m — weak confidence
MHC Reconnaissance Survey Town Report: Milton (1981)

Settlement Pattern: &#x27;sites with Woodland components reported along Neponset River especially in vicinity of ... the Wollaston golf course.&#x27;</description><styleUrl>#weak</styleUrl><Point><coordinates>-71.052000,42.246000,0</coordinates></Point></Placemark>
<Placemark><name>MHC recon: fishing camp along Dunbar Brook</name><description>Monroe, MA
Accurate to ±1500 m — weak confidence
MHC Reconnaissance Survey Town Report: Monroe (1982)

Contact Period: &#x27;Additional fishing sites may have been established along the Deerfield&#x27;s local tributaries, particularly Dunbar Brook.&#x27;</description><styleUrl>#weak</styleUrl><Point><coordinates>-72.955000,42.710000,0</coordinates></Point></Placemark>
<Placemark><name>MHC recon: native site on Chicopee River terrace</name><description>Monson, MA
Accurate to ±1500 m — weak confidence
MHC Reconnaissance Survey Town Report: Monson (1982)

Settlement Pattern: &#x27;One unidentified native site was situated on a river terrace adjacent to the Chicopee River.&#x27;</description><styleUrl>#weak</styleUrl><Point><coordinates>-72.328000,42.080000,0</coordinates></Point></Placemark>
<Placemark><name>MHC recon: Woodland occupation near Harvey Hill/Sawmill River</name><description>Montague, MA
Accurate to ±1200 m — weak confidence
MHC Reconnaissance Survey Town Report: Montague (1982)

Settlement Pattern: &#x27;Additional evidence of Woodland period occupation occurred ... vicinity of the western base of Harvey Hill and north of Sawmill River.&#x27;</description><styleUrl>#weak</styleUrl><Point><coordinates>-72.540000,42.550000,0</coordinates></Point></Placemark>
<Placemark><name>MHC recon: native burials north of Lake Pleasant</name><description>Montague, MA
Accurate to ±900 m — weak confidence
MHC Reconnaissance Survey Town Report: Montague (1982)

Settlement Pattern: &#x27;Several undated native burials were unearthed north of Lake Pleasant.&#x27;</description><styleUrl>#weak</styleUrl><Point><coordinates>-72.527000,42.590000,0</coordinates></Point></Placemark>
<Placemark><name>MHC recon: planting fields near mouth of Cranberry Brook</name><description>Montague, MA
Accurate to ±1200 m — weak confidence
MHC Reconnaissance Survey Town Report: Montague (1982)

Subsistence Patterns: native planting fields on floodplain &#x27;between the mouth of Cranberry Brook and the Boston and Maine Railroad crossing over the Connecticut River.&#x27;</description><styleUrl>#weak</styleUrl><Point><coordinates>-72.545000,42.615000,0</coordinates></Point></Placemark>
<Placemark><name>MHC recon: Archaic/native artifact find along Main Road</name><description>Montgomery, MA
Accurate to ±1500 m — weak confidence
MHC Reconnaissance Survey Town Report: Montgomery (1982)

Settlement Patterns: &#x27;the recovery of some Archaic period and unspecified native artifacts along Main Road.&#x27;</description><styleUrl>#weak</styleUrl><Point><coordinates>-72.754000,42.128000,0</coordinates></Point></Placemark>
<Placemark><name>MHC recon: native fishing site at Roaring Brook falls (Westfield River confluence)</name><description>Montgomery, MA
Accurate to ±1800 m — weak confidence
MHC Reconnaissance Survey Town Report: Montgomery (1982)

Subsistence Patterns: &#x27;Falls adjacent to Roaring [Brook&#x27;s] confluence with the Westfield were probably a focal point to total native fishing.&#x27;</description><styleUrl>#weak</styleUrl><Point><coordinates>-72.775000,42.145000,0</coordinates></Point></Placemark>
<Placemark><name>MHC recon: Dionis contact-period point find</name><description>Nantucket, MA
Accurate to ±600 m — weak confidence — source-checked
MHC Reconnaissance Survey Town Report: Nantucket (1984)

Sheet copper/brass projectile point found near Dionis, possible Contact period indicator.; [verified] Corrected to Dionis Beach coords per worldbeachguide.com geo metadata</description><styleUrl>#weak</styleUrl><Point><coordinates>-70.153600,41.294000,0</coordinates></Point></Placemark>
<Placemark><name>MHC recon: Nobadeer contact-period point find</name><description>Nantucket, MA
Accurate to ±600 m — weak confidence — source-checked
MHC Reconnaissance Survey Town Report: Nantucket (1984)

Sheet copper/brass projectile point found near Nobadeer, possible Contact period indicator.; [verified] Corrected to Nobadeer Beach coords per worldbeachguide.com geo metadata</description><styleUrl>#weak</styleUrl><Point><coordinates>-70.059500,41.243200,0</coordinates></Point></Placemark>
<Placemark><name>MHC recon: Surfside contact-period point find</name><description>Nantucket, MA
Accurate to ±1500 m — weak confidence — source-checked
MHC Reconnaissance Survey Town Report: Nantucket (1984)

Sheet copper/brass projectile point found near Surfside, possible Contact period indicator.; [verified] Searched; no confirmable coordinate found for Surfside Beach</description><styleUrl>#weak</styleUrl><Point><coordinates>-70.082600,41.251300,0</coordinates></Point></Placemark>
<Placemark><name>Occawa (native meetinghouse, Polpis)</name><description>Nantucket, MA
Accurate to ±1500 m — weak confidence — source-checked
MHC Reconnaissance Survey Town Report: Nantucket (1984)

One of four native meetinghouses (through ca. 1750), sited near Polpis/Gibbs&#x27;s Swamp.; [verified] Searched; Wikipedia gives only Polpis village center, no meetinghouse source</description><styleUrl>#weak</styleUrl><Point><coordinates>-70.033500,41.301600,0</coordinates></Point></Placemark>
<Placemark><name>MHC recon: Union-Marion St cross trail (South Natick)</name><description>Natick, MA
Accurate to ±1200 m — weak confidence
MHC Reconnaissance Survey Town Report: Natick (1980)

Conjectured native cross-trail from the Charles River at South Natick toward Lake Cochituate.</description><styleUrl>#weak</styleUrl><Point><coordinates>-71.354000,42.271000,0</coordinates></Point></Placemark>
<Placemark><name>MHC recon: Charles River fish weirs (Needham)</name><description>Needham, MA
Accurate to ±1500 m — weak confidence
MHC Reconnaissance Survey Town Report: Needham (1980)

Fishing weirs and scattered native artifacts reported in the Charles River (Clarke 1912).</description><styleUrl>#weak</styleUrl><Point><coordinates>-71.250000,42.280000,0</coordinates></Point></Placemark>
<Placemark><name>MHC recon: Powells Island sensitive area</name><description>Needham, MA
Accurate to ±900 m — weak confidence
MHC Reconnaissance Survey Town Report: Needham (1980)

Powells Island on the Charles River flagged as a sensitive native site area.</description><styleUrl>#weak</styleUrl><Point><coordinates>-71.242000,42.293000,0</coordinates></Point></Placemark>
<Placemark><name>MHC recon: Acushnet River west-bank burials</name><description>New Bedford, MA
Accurate to ±1500 m — weak confidence — source-checked
MHC Reconnaissance Survey Town Report: New Bedford (1981)

Native burials, at least one Contact/Historic period, on the shore of the Acushnet River (Ricketson 1858).; [verified] Searched; Wikipedia/USGS give town/river only, no specific burial site source</description><styleUrl>#weak</styleUrl><Point><coordinates>-70.918000,41.655000,0</coordinates></Point></Placemark>
<Placemark><name>MHC recon: Clark&#x27;s Neck planting grounds</name><description>New Bedford, MA
Accurate to ±1500 m — weak confidence — source-checked
MHC Reconnaissance Survey Town Report: New Bedford (1981)

Potential native planting grounds cited along Clark&#x27;s Neck and the Acushnet River shore.; [verified] Search found no specific Clark&#x27;s Neck coordinate source; unconfirmed.</description><styleUrl>#weak</styleUrl><Point><coordinates>-70.905000,41.612000,0</coordinates></Point></Placemark>
<Placemark><name>MHC recon: Prospect Hill native burial ground</name><description>New Bedford, MA
Accurate to ±1500 m — weak confidence — source-checked
MHC Reconnaissance Survey Town Report: New Bedford (1981)

Native burial ground in use before and after the Revolution located on Prospect Hill.; [verified] No source found for Prospect Hill in New Bedford MA</description><styleUrl>#weak</styleUrl><Point><coordinates>-70.933000,41.641000,0</coordinates></Point></Placemark>
<Placemark><name>MHC recon: Purchase Street native huts</name><description>New Bedford, MA
Accurate to ±600 m — weak confidence — source-checked
MHC Reconnaissance Survey Town Report: New Bedford (1981)

Natives reported living in huts near Purchase Street.; [verified] Matches Central New Bedford Historic District center (Wikipedia), ~120m</description><styleUrl>#weak</styleUrl><Point><coordinates>-70.928000,41.636000,0</coordinates></Point></Placemark>
<Placemark><name>MHC recon: Barre cutoff multicomponent sites</name><description>New Braintree, MA
Accurate to ±1200 m — weak confidence
MHC Reconnaissance Survey Town Report: New Braintree (1984)

Multicomponent (through Woodland) sites on knolls east of Winimusset Brook near the Barre cutoff.</description><styleUrl>#weak</styleUrl><Point><coordinates>-72.145000,42.322000,0</coordinates></Point></Placemark>
<Placemark><name>MHC recon: Winimusset Brook/Ware River confluence sites</name><description>New Braintree, MA
Accurate to ±1200 m — weak confidence
MHC Reconnaissance Survey Town Report: New Braintree (1984)

Significant native sites reported on floodplain terraces near the Ware River/Winimusset Brook confluence.</description><styleUrl>#weak</styleUrl><Point><coordinates>-72.155000,42.315000,0</coordinates></Point></Placemark>
<Placemark><name>MHC recon: Prescott Peninsula site pair</name><description>New Salem, MA
Accurate to ±1500 m — weak confidence
MHC Reconnaissance Survey Town Report: New Salem (1982)

Two undated native sites exposed in the former Swift River Valley east of Prescott Peninsula.</description><styleUrl>#weak</styleUrl><Point><coordinates>-72.270000,42.430000,0</coordinates></Point></Placemark>
<Placemark><name>MHC recon: Spectacle Ponds/Bassett Pond site cluster</name><description>New Salem, MA
Accurate to ±1500 m — weak confidence
MHC Reconnaissance Survey Town Report: New Salem (1982)

Settlement potential cited near North/South Spectacle Ponds, Bassett Pond and Blackington Swamp.</description><styleUrl>#weak</styleUrl><Point><coordinates>-72.315000,42.470000,0</coordinates></Point></Placemark>
<Placemark><name>MHC recon: Merrimack River shell middens/burials (Newbury)</name><description>Newbury, MA
Accurate to ±1500 m — weak confidence
MHC Reconnaissance Survey Town Report: Newbury (1985)

Shell middens and burials probably present along the Merrimack River in Newbury.</description><styleUrl>#weak</styleUrl><Point><coordinates>-70.900000,42.807000,0</coordinates></Point></Placemark>
<Placemark><name>MHC recon: Plum Island coastal trail (Newbury)</name><description>Newbury, MA
Accurate to ±1500 m — weak confidence
MHC Reconnaissance Survey Town Report: Newbury (1985)

A coastal native trail is inferred along Plum Island.</description><styleUrl>#weak</styleUrl><Point><coordinates>-70.812000,42.767000,0</coordinates></Point></Placemark>
<Placemark><name>MHC recon: Frog Pond site potential</name><description>Newburyport, MA
Accurate to ±400 m — weak confidence — source-checked
MHC Reconnaissance Survey Town Report: Newburyport (1985)

Report cites the periphery of Frog Pond as a possible Contact period site location.; [verified] Fishbrain coordinates (42.8081,-70.8748) for Frog Pond consistent with existing within margin.</description><styleUrl>#weak</styleUrl><Point><coordinates>-70.879800,42.809000,0</coordinates></Point></Placemark>
<Placemark><name>MHC recon: Merrimack/Plum Island Sound confluence</name><description>Newburyport, MA
Accurate to ±1500 m — weak confidence
MHC Reconnaissance Survey Town Report: Newburyport (1985)

Possible sizeable Contact period village near the confluence of the Merrimack River and Plum Island Sound.</description><styleUrl>#weak</styleUrl><Point><coordinates>-70.819000,42.815000,0</coordinates></Point></Placemark>
<Placemark><name>Eliot&#x27;s Nonantum (Strongs Pond)</name><description>Newton, MA
Accurate to ±1500 m — weak confidence — source-checked
MHC Reconnaissance Survey Town Report: Newton (1981)

Reputed site of Eliot&#x27;s proto-Praying Town of Nonantum, west of Strongs Pond.; [verified] Search found no source confirming Strongs Pond location; coordinate unverified.</description><styleUrl>#weak</styleUrl><Point><coordinates>-71.232000,42.347000,0</coordinates></Point></Placemark>
<Placemark><name>MHC recon: Parker St/Route 9 rockshelter</name><description>Newton, MA
Accurate to ±1500 m — weak confidence — source-checked
MHC Reconnaissance Survey Town Report: Newton (1981)

Rockshelter with possible period artifacts located NE of Parker Street and Route 9.; [verified] No source found for Parker St/Route 9 rockshelter Newton</description><styleUrl>#weak</styleUrl><Point><coordinates>-71.198000,42.328000,0</coordinates></Point></Placemark>
<Placemark><name>MHC recon: Philips Pond trail loop</name><description>Norfolk, MA
Accurate to ±700 m — weak confidence
MHC Reconnaissance Survey Town Report: Norfolk (1980)

Conjectured native trail loop around Philips Pond, branching via present Holbrook Street.</description><styleUrl>#weak</styleUrl><Point><coordinates>-71.343000,42.129000,0</coordinates></Point></Placemark>
<Placemark><name>MHC recon: Pondville trail (Everett St)</name><description>Norfolk, MA
Accurate to ±1000 m — weak confidence
MHC Reconnaissance Survey Town Report: Norfolk (1980)

Conjectured N/S native trail through Pondville along the axis of Everett Street.</description><styleUrl>#weak</styleUrl><Point><coordinates>-71.335000,42.113000,0</coordinates></Point></Placemark>
<Placemark><name>MHC recon: Tenmile River sites (south boundary)</name><description>North Attleborough, MA
Accurate to ±1000 m — weak confidence
MHC Reconnaissance Survey Town Report: North Attleborough (1981)

Two unidentified sites near E side of Tenmile River just N of the town&#x27;s southern boundary</description><styleUrl>#weak</styleUrl><Point><coordinates>-71.299000,41.958000,0</coordinates></Point></Placemark>
<Placemark><name>MHC recon: West Street/Kelly Boulevard upland site</name><description>North Attleborough, MA
Accurate to ±1600 m — weak confidence — source-checked
MHC Reconnaissance Survey Town Report: North Attleborough (1981)

Small upland site approx 1/2 mi W of the West Street and Kelly Boulevard intersection; [verified] Could not confirm exact West St/Kelley Blvd junction; a Kelley Blvd address found was ~5km off.</description><styleUrl>#weak</styleUrl><Point><coordinates>-71.310000,41.960000,0</coordinates></Point></Placemark>
<Placemark><name>MHC recon: Abbott Run village site</name><description>North Attleborough/Attleboro, MA
Accurate to ±1800 m — weak confidence
MHC Reconnaissance Survey Town Report: North Attleborough/Attleboro (1981)

Substantial village reported at junction of Abbott Run and the North Attleborough town line</description><styleUrl>#weak</styleUrl><Point><coordinates>-71.320000,41.957000,0</coordinates></Point></Placemark>
<Placemark><name>MHC recon: Lake Lashaway site potential</name><description>North Brookfield, MA
Accurate to ±900 m — weak confidence
MHC Reconnaissance Survey Town Report: North Brookfield (1984)

Report flags shores of Lake Lashaway (with Horse, Doane, Brooks ponds) as predictable native site locations</description><styleUrl>#weak</styleUrl><Point><coordinates>-72.106000,42.276000,0</coordinates></Point></Placemark>
<Placemark><name>MHC recon: Ipswich River ford at Park Street</name><description>North Reading, MA
Accurate to ±1500 m — weak confidence — source-checked
MHC Reconnaissance Survey Town Report: North Reading (1981)

Conjectured Native ford crossing of the Ipswich River at Park Street on E/W trail through town center; [verified] Searched; found Ipswich River Park (Central St) but no confirmed coord for the Park St ford itself.</description><styleUrl>#weak</styleUrl><Point><coordinates>-71.068000,42.578000,0</coordinates></Point></Placemark>
<Placemark><name>MHC recon: Ipswich River ford near West Village</name><description>North Reading, MA
Accurate to ±1500 m — weak confidence — source-checked
MHC Reconnaissance Survey Town Report: North Reading (1981)

Probable ford site across the Ipswich River at West Village on N/S trail from Reading; [verified] Search found no specific West Village ford coordinate source; unconfirmed.</description><styleUrl>#weak</styleUrl><Point><coordinates>-71.055000,42.595000,0</coordinates></Point></Placemark>
<Placemark><name>MHC recon: Ipswich River/Martin&#x27;s Brook site cluster</name><description>North Reading, MA
Accurate to ±1200 m — weak confidence
MHC Reconnaissance Survey Town Report: North Reading (1981)

Several native sites reported along Ipswich River and Martin&#x27;s Brook; little info available</description><styleUrl>#weak</styleUrl><Point><coordinates>-71.075000,42.590000,0</coordinates></Point></Placemark>
<Placemark><name>MHC recon: Connecticut River floodplain Woodland sites</name><description>Northampton, MA
Accurate to ±1500 m — weak confidence — source-checked
MHC Reconnaissance Survey Town Report: Northampton (1982)

Two Woodland period sites on the floodplain immediately W of the Connecticut River, near Round Hill; [verified] Searched (Round Hill, Northampton); fetch returned wrong CT page, no coord</description><styleUrl>#weak</styleUrl><Point><coordinates>-72.633000,42.315000,0</coordinates></Point></Placemark>
<Placemark><name>MHC recon: Mill River valley site cluster</name><description>Northampton, MA
Accurate to ±1200 m — weak confidence
MHC Reconnaissance Survey Town Report: Northampton (1982)

Report notes suspected native sites along the Mill River valley</description><styleUrl>#weak</styleUrl><Point><coordinates>-72.628000,42.318000,0</coordinates></Point></Placemark>
<Placemark><name>MHC recon: Round Hill settlement extent</name><description>Northampton, MA
Accurate to ±1500 m — weak confidence — source-checked
MHC Reconnaissance Survey Town Report: Northampton (1982)

Heavy native (Nonotuck) settlement probably extended west to Round Hill; floodplain E of it flagged sensitive; [verified] Round Hill Historic District result was for Greenwich CT, not Northampton; unconfirmed.</description><styleUrl>#weak</styleUrl><Point><coordinates>-72.647000,42.323000,0</coordinates></Point></Placemark>
<Placemark><name>MHC recon: Little Chauncy Pond site potential</name><description>Northborough, MA
Accurate to ±700 m — weak confidence — source-checked
MHC Reconnaissance Survey Town Report: Northborough (1983)

Possible native sites/seasonal fishing at Little Chauncy Pond and its tributaries; [verified] Fishbrain: Little Chauncy Lake at 42.3062,-71.6176; placeholder point was ~1.7km off.</description><styleUrl>#weak</styleUrl><Point><coordinates>-71.617556,42.306167,0</coordinates></Point></Placemark>
<Placemark><name>MHC recon: Old Connecticut Path at Rocky Hill</name><description>Northborough, MA
Accurate to ±900 m — weak confidence
MHC Reconnaissance Survey Town Report: Northborough (1983)

Conjectured old Connecticut Path (native trail) in SE of town by Rocky Hill near Lyman Street</description><styleUrl>#weak</styleUrl><Point><coordinates>-71.638000,42.313000,0</coordinates></Point></Placemark>
<Placemark><name>MHC recon: Blackstone River corridor fishing/farming sites</name><description>Northbridge, MA
Accurate to ±1500 m — weak confidence
MHC Reconnaissance Survey Town Report: Northbridge (1984)

Blackstone River through town center provided fishing and agriculture sites, used more intensely than uplands</description><styleUrl>#weak</styleUrl><Point><coordinates>-71.645000,42.128000,0</coordinates></Point></Placemark>
<Placemark><name>MHC recon: Beers Plain/Squenatock village</name><description>Northfield, MA
Accurate to ±1500 m — weak confidence — source-checked
MHC Reconnaissance Survey Town Report: Northfield (1982)

One of two native villages (Squenatock/upper village) sited at Beers Plain, southern third of Main St; [verified] Searched; only generic Northfield town center found, no Beers Plain source</description><styleUrl>#weak</styleUrl><Point><coordinates>-72.452000,42.681000,0</coordinates></Point></Placemark>
<Placemark><name>MHC recon: Great Meadow settlement (Mill Brook confluence)</name><description>Northfield, MA
Accurate to ±1200 m — weak confidence
MHC Reconnaissance Survey Town Report: Northfield (1982)

Lowland settlement concentrated at Great Meadow near confluence of Connecticut River and Mill Brook</description><styleUrl>#weak</styleUrl><Point><coordinates>-72.440000,42.700000,0</coordinates></Point></Placemark>
<Placemark><name>MHC recon: King Philip&#x27;s Hill 1676 encampment</name><description>Northfield, MA
Accurate to ±1200 m — weak confidence
MHC Reconnaissance Survey Town Report: Northfield (1982)

Large encampment of hostile native forces established winter 1676 at King Philip&#x27;s Hill; Nawalet&#x27;s upper village</description><styleUrl>#weak</styleUrl><Point><coordinates>-72.450000,42.685000,0</coordinates></Point></Placemark>
<Placemark><name>MHC recon: Stratton Hollow native site</name><description>Northfield, MA
Accurate to ±2000 m — weak confidence
MHC Reconnaissance Survey Town Report: Northfield (1982)

Pre-1775 native site situated in Stratton Hollow</description><styleUrl>#weak</styleUrl><Point><coordinates>-72.460000,42.690000,0</coordinates></Point></Placemark>
<Placemark><name>MHC recon: Canoe River sites (Newcomb St to Main St)</name><description>Norton, MA
Accurate to ±1500 m — weak confidence
MHC Reconnaissance Survey Town Report: Norton (1981)

Two sites with Middle-Late Woodland components plus several unidentified sites near the Canoe River between Newcomb and Main Streets</description><styleUrl>#weak</styleUrl><Point><coordinates>-71.172000,41.983000,0</coordinates></Point></Placemark>
<Placemark><name>MHC recon: Pine &amp; Hill Streets campsites</name><description>Norton, MA
Accurate to ±2000 m — weak confidence
MHC Reconnaissance Survey Town Report: Norton (1981)

Two small campsites immediately E of the junction of Pine and Hill Streets - geocode that intersection for a precise pin</description><styleUrl>#weak</styleUrl><Point><coordinates>-71.192000,41.942000,0</coordinates></Point></Placemark>
<Placemark><name>MHC recon: Winnecunnet Pond site cluster</name><description>Norton, MA
Accurate to ±900 m — weak confidence
MHC Reconnaissance Survey Town Report: Norton (1981)

Two large and several smaller Native sites around Winnecunnet Pond; area reputedly used by the Pokanokets before King Philip&#x27;s War</description><styleUrl>#weak</styleUrl><Point><coordinates>-71.147000,41.965000,0</coordinates></Point></Placemark>
<Placemark><name>Philip&#x27;s Cave (Great Rocky Hill)</name><description>Norton, MA
Accurate to ±900 m — weak confidence
MHC Reconnaissance Survey Town Report: Norton (1981)

Cave on Great Rocky Hill N of Winnecunnet Pond, reputedly used by King Philip when fishing and hunting</description><styleUrl>#weak</styleUrl><Point><coordinates>-71.150000,41.979000,0</coordinates></Point></Placemark>
<Placemark><name>MHC recon: Bald Hill/North River shore sites</name><description>Norwell, MA
Accurate to ±1500 m — weak confidence — source-checked
MHC Reconnaissance Survey Town Report: Norwell (1981)

Extensive Late Woodland occupation on W shore of North River from Norwell/Scituate line to Bald Hill (2 sites); [verified] Searched; HomeTownLocator page blocked by robots.txt, no coord confirmed</description><styleUrl>#weak</styleUrl><Point><coordinates>-70.795000,42.148000,0</coordinates></Point></Placemark>
<Placemark><name>MHC recon: Old Pond Meadows site</name><description>Norwell, MA
Accurate to ±900 m — weak confidence
MHC Reconnaissance Survey Town Report: Norwell (1981)

Native site reported immediately south of Old Pond Meadows</description><styleUrl>#weak</styleUrl><Point><coordinates>-70.800000,42.170000,0</coordinates></Point></Placemark>
<Placemark><name>MHC recon: Union Bridge site</name><description>Norwell, MA
Accurate to ±1500 m — weak confidence — source-checked
MHC Reconnaissance Survey Town Report: Norwell (1981)

Native site reported north of the Union Bridge crossing of the North River; [verified] HMDB North River Bridge marker found is a different crossing (near Hanover); Union Bridge coord unconfirmed.</description><styleUrl>#weak</styleUrl><Point><coordinates>-70.790000,42.140000,0</coordinates></Point></Placemark>
<Placemark><name>MHC recon: Neponset Marshes trail (Washington/Neponset/Pleasant St corridor)</name><description>Norwood, MA
Accurate to ±1600 m — weak confidence — source-checked
MHC Reconnaissance Survey Town Report: Norwood (1980)

Primary Contact-period trail followed W edge of Neponset Marshes via Washington, Neponset &amp; Pleasant Sts; placed near St junction, town center.; [verified] No source pinpointing the Washington/Neponset/Pleasant St junction in Norwood was found.</description><styleUrl>#weak</styleUrl><Point><coordinates>-71.198000,42.196000,0</coordinates></Point></Placemark>
<Placemark><name>MHC recon: Neponset River terrace site</name><description>Norwood, MA
Accurate to ±1200 m — weak confidence
MHC Reconnaissance Survey Town Report: Norwood (1980)

One possible Contact-period site reported on well-drained terraces/knolls overlooking Neponset River &amp; marshland.</description><styleUrl>#weak</styleUrl><Point><coordinates>-71.180000,42.187000,0</coordinates></Point></Placemark>
<Placemark><name>MHC recon: Browning Pond site</name><description>Oakham, MA
Accurate to ±1200 m — weak confidence
MHC Reconnaissance Survey Town Report: Oakham (1984)

Report lists possible native site at Browning Pond, Oakham.</description><styleUrl>#weak</styleUrl><Point><coordinates>-72.068000,42.332000,0</coordinates></Point></Placemark>
<Placemark><name>MHC recon: Muddy Pond site</name><description>Oakham, MA
Accurate to ±1200 m — weak confidence
MHC Reconnaissance Survey Town Report: Oakham (1984)

Report lists possible native site at Muddy Pond, Oakham.</description><styleUrl>#weak</styleUrl><Point><coordinates>-72.033000,42.362000,0</coordinates></Point></Placemark>
<Placemark><name>MHC recon: Temple Hill upland site</name><description>Orange, MA
Accurate to ±1600 m — weak confidence — source-checked
MHC Reconnaissance Survey Town Report: Orange (1982)

Upland native sites may have been located on the level summit of Temple Hill, North Orange.; [verified] Only a differently-located Temple Hill (Shrewsbury, MA) was found; Orange&#x27;s hill unconfirmed.</description><styleUrl>#weak</styleUrl><Point><coordinates>-72.298000,42.628000,0</coordinates></Point></Placemark>
<Placemark><name>MHC recon: West Orange fordway (Moss Brook)</name><description>Orange, MA
Accurate to ±1600 m — weak confidence — source-checked
MHC Reconnaissance Survey Town Report: Orange (1982)

Fordway suspected at West Orange on Millers River near Moss Brook; trail node.; [verified] No source for &#x27;West Orange&#x27;/Moss Brook fordway; the only Moss Brook hit found was in the UK.</description><styleUrl>#weak</styleUrl><Point><coordinates>-72.335000,42.596000,0</coordinates></Point></Placemark>
<Placemark><name>Hayward&#x27;s Site (Portanimicut)</name><description>Orleans, MA
Accurate to ±1500 m — weak confidence — source-checked
MHC Reconnaissance Survey Town Report: Orleans (1984)

Contact-period artifacts found at Hayward&#x27;s Site, Portanimicut area, South Orleans.; [verified] Searched (incl. Orleans town PDF); only real-estate listings found, no site coords</description><styleUrl>#weak</styleUrl><Point><coordinates>-69.975000,41.735000,0</coordinates></Point></Placemark>
<Placemark><name>MHC recon: Camp Viking site (Namequoit Road)</name><description>Orleans, MA
Accurate to ±1500 m — weak confidence — source-checked
MHC Reconnaissance Survey Town Report: Orleans (1984)

Contact-period artifacts found at unnamed site at Camp Viking off Namequoit Road, South Orleans.; [verified] Search found Viking Rd, Orleans in MHC survey area but no coordinate confirming Camp Viking site.</description><styleUrl>#weak</styleUrl><Point><coordinates>-69.973000,41.741000,0</coordinates></Point></Placemark>
<Placemark><name>MHC recon: Nauset Harbor/Town Cove palisaded village (Champlain account)</name><description>Orleans, MA
Accurate to ±1200 m — weak confidence
MHC Reconnaissance Survey Town Report: Orleans (1984)

Champlain&#x27;s 1605 drawing shows palisaded structures &amp; gardens near Nauset Harbor; no physical evidence found; placed at Town Cove, Orleans.</description><styleUrl>#weak</styleUrl><Point><coordinates>-69.968000,41.792000,0</coordinates></Point></Placemark>
<Placemark><name>Peck Site (Arey&#x27;s Pond)</name><description>Orleans, MA
Accurate to ±1500 m — weak confidence — source-checked
MHC Reconnaissance Survey Town Report: Orleans (1984)

Contact-period artifacts found at Peck Site on Arey&#x27;s Pond, South Orleans.; [verified] Search found Arey&#x27;s Pond Boat Yard, South Orleans, but no precise coordinate to confirm site.</description><styleUrl>#weak</styleUrl><Point><coordinates>-69.977000,41.744000,0</coordinates></Point></Placemark>
<Placemark><name>MHC recon: French River alluvial plain village site</name><description>Oxford, MA
Accurate to ±1000 m — weak confidence — source-checked
MHC Reconnaissance Survey Town Report: Oxford (1983)

Report describes a native village site on alluvial plains along the French River corridor, Oxford.; [verified] USGS gauge &#x27;French River at Oxford, MA&#x27;; ~1.1km SW of prior point along the river corridor.</description><styleUrl>#weak</styleUrl><Point><coordinates>-71.882850,42.107040,0</coordinates></Point></Placemark>
<Placemark><name>MHC recon: Forest Lake/Pattaquattic Pond area</name><description>Palmer, MA
Accurate to ±1500 m — weak confidence
MHC Reconnaissance Survey Town Report: Palmer (1982)

Report flags floodplain around Pattaquattic Pond and area surrounding Forest Lake as archaeologically sensitive native sites.</description><styleUrl>#weak</styleUrl><Point><coordinates>-72.319000,42.209000,0</coordinates></Point></Placemark>
<Placemark><name>MHC recon: Asnebumskit Pond site</name><description>Paxton, MA
Accurate to ±800 m — weak confidence — source-checked
MHC Reconnaissance Survey Town Report: Paxton (1984)

Possible native site reported at Asnebumskit Pond, Paxton.; [verified] Mapcarta Asnebumskit Pond, Paxton coords ~718m from original, within margin.</description><styleUrl>#weak</styleUrl><Point><coordinates>-71.901000,42.326000,0</coordinates></Point></Placemark>
<Placemark><name>MHC recon: Turkey Hill Pond site</name><description>Paxton, MA
Accurate to ±1500 m — weak confidence
MHC Reconnaissance Survey Town Report: Paxton (1984)

Possible native site reported south of Turkey Hill Pond, Paxton.</description><styleUrl>#weak</styleUrl><Point><coordinates>-71.928000,42.296000,0</coordinates></Point></Placemark>
<Placemark><name>MHC recon: Ipswich/North River corridor</name><description>Peabody, MA
Accurate to ±1500 m — weak confidence
MHC Reconnaissance Survey Town Report: Peabody (1985)

Ipswich &amp; North River corridors in Peabody flagged as likely Contact-period travel/subsistence areas.</description><styleUrl>#weak</styleUrl><Point><coordinates>-70.945000,42.545000,0</coordinates></Point></Placemark>
<Placemark><name>MHC recon: Peabody Center old mill pond confluence</name><description>Peabody, MA
Accurate to ±800 m — weak confidence — source-checked
MHC Reconnaissance Survey Town Report: Peabody (1985)

Confluence of Tapley, Goldthwait &amp; Proctor brooks at old mill pond, Peabody Center, flagged as good site location.; [verified] USGS gauge on Goldthwait Brook near Foster St, Peabody Center; ~1km from prior point.</description><styleUrl>#weak</styleUrl><Point><coordinates>-70.931300,42.522300,0</coordinates></Point></Placemark>
<Placemark><name>MHC recon: Amethyst/Dunlop Brook junction camp</name><description>Pelham, MA
Accurate to ±1500 m — weak confidence — source-checked
MHC Reconnaissance Survey Town Report: Pelham (1982)

Junction of Amethyst and Dunlop brooks flagged as particularly likely seasonal hunting/fishing camp location.; [verified] Search budget was exhausted before this landmark could be checked; not confirmed.</description><styleUrl>#weak</styleUrl><Point><coordinates>-72.410000,42.386000,0</coordinates></Point></Placemark>
<Placemark><name>MHC recon: Mount Lincoln hunting area</name><description>Pelham, MA
Accurate to ±900 m — weak confidence — source-checked
MHC Reconnaissance Survey Town Report: Pelham (1982)

Trail conjectured to Mount Lincoln from Pine Hill along Dunlop Brook; likely native hunting area.; [verified] Wikipedia pins Mount Lincoln summit (Pelham) ~7.8km from prior point; corrected to summit area.</description><styleUrl>#weak</styleUrl><Point><coordinates>-72.423060,42.363890,0</coordinates></Point></Placemark>
<Placemark><name>MHC recon: Orient Springs trail (Amethyst Brook)</name><description>Pelham, MA
Accurate to ±1600 m — weak confidence — source-checked
MHC Reconnaissance Survey Town Report: Pelham (1982)

Trail conjectured along Amethyst Brook to Orient Springs, West Pelham, along axis of Valley Road.; [verified] Mapcarta &#x27;Orient Springs&#x27; (~3.8km away) sits at Pelham&#x27;s edge near Amherst; unreliable.</description><styleUrl>#weak</styleUrl><Point><coordinates>-72.415000,42.392000,0</coordinates></Point></Placemark>
<Placemark><name>MHC recon: Pine Hill camp (Pelham Center)</name><description>Pelham, MA
Accurate to ±1500 m — weak confidence — source-checked
MHC Reconnaissance Survey Town Report: Pelham (1982)

N-S trail connector to Swift River conjectured via Caldwell Brook to Pine Hill, Pelham Center.; [verified] Search budget was exhausted before this landmark could be checked; not confirmed.</description><styleUrl>#weak</styleUrl><Point><coordinates>-72.398000,42.395000,0</coordinates></Point></Placemark>
<Placemark><name>MHC recon: Brickkiln Lane site (North River)</name><description>Pembroke, MA
Accurate to ±1200 m — weak confidence
MHC Reconnaissance Survey Town Report: Pembroke (1981)

Aboriginal site situated immediately south of North River off Brickkiln Lane, North Pembroke.</description><styleUrl>#weak</styleUrl><Point><coordinates>-70.792000,42.099000,0</coordinates></Point></Placemark>
<Placemark><name>MHC recon: Indian Head River ford (Elm Street trail)</name><description>Pembroke, MA
Accurate to ±1200 m — weak confidence
MHC Reconnaissance Survey Town Report: Pembroke (1981)

Probable trail via High/Oldham/Elm Streets to a documented ford at Indian Head River, N. Pembroke.</description><styleUrl>#weak</styleUrl><Point><coordinates>-70.797000,42.106000,0</coordinates></Point></Placemark>
<Placemark><name>MHC recon: Oldham Pond planting grounds</name><description>Pembroke, MA
Accurate to ±1500 m — weak confidence — source-checked
MHC Reconnaissance Survey Town Report: Pembroke (1981)

Native planting grounds reported on eastern shore of Oldham Pond, Pembroke.; [verified] Oldham Pond confirmed (Wikipedia) but its label pt is 2.3km off; exact shore spot unconfirmed</description><styleUrl>#weak</styleUrl><Point><coordinates>-70.812000,42.056000,0</coordinates></Point></Placemark>
<Placemark><name>MHC recon: Nashua-Nissitisset confluence site area</name><description>Pepperell, MA
Accurate to ±1500 m — weak confidence
MHC Reconnaissance Survey Town Report: Pepperell (1980)

Sites probable on terraces/knolls at confluence, rifts and fords of Nashua and Nissitisset Rivers.</description><styleUrl>#weak</styleUrl><Point><coordinates>-71.591000,42.663000,0</coordinates></Point></Placemark>
<Placemark><name>MHC recon: Nissitisset River ford at Four Corners</name><description>Pepperell, MA
Accurate to ±1500 m — weak confidence
MHC Reconnaissance Survey Town Report: Pepperell (1980)

Conjectured trail ford over the Nissitisset River at Four Corners, Pepperell.</description><styleUrl>#weak</styleUrl><Point><coordinates>-71.610000,42.680000,0</coordinates></Point></Placemark>
<Placemark><name>MHC recon: Nichewaug (Carter) Hill planting field</name><description>Petersham, MA
Accurate to ±1500 m — weak confidence
MHC Reconnaissance Survey Town Report: Petersham (1984)

Evidence of planting-field occupancy claimed for Nichewaug (Carter) Hill, Petersham.</description><styleUrl>#weak</styleUrl><Point><coordinates>-72.205000,42.480000,0</coordinates></Point></Placemark>
<Placemark><name>MHC recon: Pottapaug Pond reputed site (now flooded)</name><description>Petersham, MA
Accurate to ±2000 m — weak confidence
MHC Reconnaissance Survey Town Report: Petersham (1984)

Native sites reputed at Pottapaug Pond, now flooded within Quabbin Reservoir, Petersham.</description><styleUrl>#weak</styleUrl><Point><coordinates>-72.263000,42.451000,0</coordinates></Point></Placemark>
<Placemark><name>MHC recon: Soapstone Hill reputed site</name><description>Petersham, MA
Accurate to ±2000 m — weak confidence
MHC Reconnaissance Survey Town Report: Petersham (1984)

Native sites reputed to exist at Soapstone Hill, Petersham (unknown cultural origin).</description><styleUrl>#weak</styleUrl><Point><coordinates>-72.220000,42.520000,0</coordinates></Point></Placemark>
<Placemark><name>MHC recon: Queen Lake native site area</name><description>Phillipston, MA
Accurate to ±900 m — weak confidence — source-checked
MHC Reconnaissance Survey Town Report: Phillipston (1984)

Native sites probable at Queen Lake, Phillipston&#x27;s major water body.; [verified] Queen Lake located via map site (sandee.com); site itself still unconfirmed</description><styleUrl>#weak</styleUrl><Point><coordinates>-72.114215,42.535121,0</coordinates></Point></Placemark>
<Placemark><name>MHC recon: Central Street horticultural uplands</name><description>Plainfield, MA
Accurate to ±1200 m — weak confidence
MHC Reconnaissance Survey Town Report: Plainfield (1982)

Limited native horticulture likely on eastern uplands adjacent to Central Street, Plainfield.</description><styleUrl>#weak</styleUrl><Point><coordinates>-72.918000,42.517000,0</coordinates></Point></Placemark>
<Placemark><name>MHC recon: Crooked/Plainfield Pond &amp; Mill Brook fishing sites</name><description>Plainfield, MA
Accurate to ±2200 m — weak confidence
MHC Reconnaissance Survey Town Report: Plainfield (1982)

Native fishing sites established adjacent to Crooked and Plainfield ponds and Mill Brook, Plainfield.</description><styleUrl>#weak</styleUrl><Point><coordinates>-72.928000,42.518000,0</coordinates></Point></Placemark>
<Placemark><name>MHC recon: Lake Mirimichi (Shepard&#x27;s Pond) artifact site</name><description>Plainville, MA
Accurate to ±1500 m — weak confidence — source-checked
MHC Reconnaissance Survey Town Report: Plainville (1980)

Artifacts reported from area around Lake Mirimichi (Shepard&#x27;s Pond), Plainville (Carpenter 1890).; [verified] Lake Mirimichi/Shepard&#x27;s Pond is real (fishing/birding sites) but no coordinate found</description><styleUrl>#weak</styleUrl><Point><coordinates>-71.325000,42.002000,0</coordinates></Point></Placemark>
<Placemark><name>MHC recon: Ten Mile River site cluster</name><description>Plainville, MA
Accurate to ±1500 m — weak confidence
MHC Reconnaissance Survey Town Report: Plainville (1980)

Concentration of sites downstream on the Ten Mile River suggests occupation in Plainville as well.</description><styleUrl>#weak</styleUrl><Point><coordinates>-71.330000,41.995000,0</coordinates></Point></Placemark>
<Placemark><name>MHC recon: Plymouth Country Club burial sites</name><description>Plymouth, MA
Accurate to ±1200 m — weak confidence
MHC Reconnaissance Survey Town Report: Plymouth (1981)

Three unidentified native burial sites in vicinity of Plymouth Country Club, midway between No Bottom Pond and County Farm.</description><styleUrl>#weak</styleUrl><Point><coordinates>-70.680000,41.925000,0</coordinates></Point></Placemark>
<Placemark><name>MHC recon: Town Brook/Arms Pond planting grounds</name><description>Plymouth, MA
Accurate to ±1500 m — weak confidence — source-checked
MHC Reconnaissance Survey Town Report: Plymouth (1981)

Northern bank of Town Brook, Arms Pond and Bartlett Pond area noted as native habitation/planting grounds.; [verified] Town Brook Historic District pinned (Wikipedia) but Arms/Bartlett Pond spot unconfirmed</description><styleUrl>#weak</styleUrl><Point><coordinates>-70.667000,41.960000,0</coordinates></Point></Placemark>
<Placemark><name>MHC recon: Annasnappet Brook/Ricketts Pond site cluster</name><description>Plympton, MA
Accurate to ±1500 m — weak confidence — source-checked
MHC Reconnaissance Survey Town Report: Plympton (1981)

Three of five reported native sites cluster near Annasnappet Brook and Ricketts Pond, Plympton/Carver line.; [verified] Annasnappet Brook Dam found 4.3km N (mapcarta); Ricketts Pond loc separate; unconfirmed</description><styleUrl>#weak</styleUrl><Point><coordinates>-70.780000,41.905000,0</coordinates></Point></Placemark>
<Placemark><name>MHC recon: Plympton center unidentified site</name><description>Plympton, MA
Accurate to ±600 m — weak confidence — source-checked
MHC Reconnaissance Survey Town Report: Plympton (1981)

Unidentified native site reported in center of Plympton village.; [verified] Plympton Village Historic District (Wikipedia) pins village center 1.9km from old point</description><styleUrl>#weak</styleUrl><Point><coordinates>-70.814278,41.953389,0</coordinates></Point></Placemark>
<Placemark><name>MHC recon: Ridge Hill unidentified site</name><description>Plympton, MA
Accurate to ±1500 m — weak confidence — source-checked
MHC Reconnaissance Survey Town Report: Plympton (1981)

Unidentified native site reported at Ridge Hill, Plympton.; [verified] No source located a mappable &#x27;Ridge Hill&#x27; in Plympton; landmark unconfirmed</description><styleUrl>#weak</styleUrl><Point><coordinates>-70.800000,41.960000,0</coordinates></Point></Placemark>
<Placemark><name>MHC recon: Silver Lake/Indian Pond planting grounds</name><description>Plympton, MA
Accurate to ±1500 m — weak confidence
MHC Reconnaissance Survey Town Report: Plympton (1981)

Shores of Silver Lake and Indian Pond cited as probable primary native settlement/planting area, Plympton.</description><styleUrl>#weak</styleUrl><Point><coordinates>-70.780000,41.998000,0</coordinates></Point></Placemark>
<Placemark><name>MHC recon: Winnetuxet River ford (Prospect Hill)</name><description>Plympton, MA
Accurate to ±1500 m — weak confidence — source-checked
MHC Reconnaissance Survey Town Report: Plympton (1981)

Presumed trail ford over Winnetuxet River near Prospect Hill at Winnetuxet St-Parsonage Rd, Plympton.; [verified] Winnetuxet River confirmed (Wikipedia) but the specific street-junction ford unconfirmed</description><styleUrl>#weak</styleUrl><Point><coordinates>-70.805000,41.945000,0</coordinates></Point></Placemark>
<Placemark><name>MHC recon: Wachusett Mountain gathering site (Sachem Sholan)</name><description>Princeton, MA
Accurate to ±2000 m — weak confidence
MHC Reconnaissance Survey Town Report: Princeton (1984)

Sachem Sholan gathered his Nashaways at the foot of Wachusett Mountain, Princeton, per report.</description><styleUrl>#weak</styleUrl><Point><coordinates>-71.880000,42.480000,0</coordinates></Point></Placemark>
<Placemark><name>MHC recon: Blue Hills Hornfels quarry</name><description>Quincy, MA
Accurate to ±1500 m — weak confidence
MHC Reconnaissance Survey Town Report: Quincy (1981)

Report cites Hornfels quarry as important lithic source area for natives in the Blue Hills, Quincy portion</description><styleUrl>#weak</styleUrl><Point><coordinates>-71.062000,42.216000,0</coordinates></Point></Placemark>
<Placemark><name>MHC recon: Merrymount-Hough&#x27;s Neck reputed site cluster</name><description>Quincy, MA
Accurate to ±1300 m — weak confidence
MHC Reconnaissance Survey Town Report: Quincy (1981)

Reputed native settlement sites at Merrymount peninsula and Hough&#x27;s Neck (Passonagessit)</description><styleUrl>#weak</styleUrl><Point><coordinates>-71.002000,42.262000,0</coordinates></Point></Placemark>
<Placemark><name>MHC recon: Neponset River/Wollaston golf course site</name><description>Quincy, MA
Accurate to ±1500 m — weak confidence — source-checked
MHC Reconnaissance Survey Town Report: Quincy (1981)

Reputed contact-period site along the Neponset River in vicinity of the Wollaston golf course; [verified] Wollaston Golf Club exists but no coordinate source located; site unconfirmed</description><styleUrl>#weak</styleUrl><Point><coordinates>-71.058000,42.244000,0</coordinates></Point></Placemark>
<Placemark><name>MHC recon: North Quincy planting fields</name><description>Quincy, MA
Accurate to ±1500 m — weak confidence — source-checked
MHC Reconnaissance Survey Town Report: Quincy (1981)

Native planting fields reported at North Quincy (the &#x27;Farms&#x27; area) near Neponset/Squantum settlement; [verified] North Quincy station pinned 1.6km away (Wikipedia); &#x27;the Farms&#x27; area itself unconfirmed</description><styleUrl>#weak</styleUrl><Point><coordinates>-71.020000,42.264000,0</coordinates></Point></Placemark>
<Placemark><name>MHC recon: Great Pond winter refuge area</name><description>Randolph, MA
Accurate to ±1500 m — weak confidence — source-checked
MHC Reconnaissance Survey Town Report: Randolph (1979)

Report flags well-drained/sheltered areas around Great Pond as possible native winter refuge sites; [verified] No Great Pond entry found for Randolph MA in sources checked; landmark unconfirmed</description><styleUrl>#weak</styleUrl><Point><coordinates>-71.045000,42.163000,0</coordinates></Point></Placemark>
<Placemark><name>MHC recon: conjectured trail junction at Randolph Center</name><description>Randolph, MA
Accurate to ±1000 m — weak confidence
MHC Reconnaissance Survey Town Report: Randolph (1979)

Conjectured native trails (S Main/North St and Main St/Rt 28) meet at Randolph Center per report</description><styleUrl>#weak</styleUrl><Point><coordinates>-71.043000,42.179000,0</coordinates></Point></Placemark>
<Placemark><name>Fowling Pond (King Philip site)</name><description>Raynham, MA
Accurate to ±1500 m — weak confidence — source-checked
MHC Reconnaissance Survey Town Report: Raynham (1981)

Fowling Pond reputedly seasonally occupied by King Philip for hunting and fishing; former pond site; [verified] Fowling Pond (former pond) not found in mapped sources checked; unconfirmed</description><styleUrl>#weak</styleUrl><Point><coordinates>-71.061000,41.928000,0</coordinates></Point></Placemark>
<Placemark><name>MHC recon: South Main St/Forge River village site</name><description>Raynham, MA
Accurate to ±1500 m — weak confidence — source-checked
MHC Reconnaissance Survey Town Report: Raynham (1981)

Small unidentified native village site reported north of junction of South Main St and Forge River; [verified] No coordinate source located for this Raynham junction; landmark unconfirmed</description><styleUrl>#weak</styleUrl><Point><coordinates>-71.043000,41.912000,0</coordinates></Point></Placemark>
<Placemark><name>MHC recon: Thrasher Street village site</name><description>Raynham, MA
Accurate to ±1500 m — weak confidence — source-checked
MHC Reconnaissance Survey Town Report: Raynham (1981)

Unidentified native village site, purportedly occupied by King Philip, reported south of Thrasher Street; [verified] No coordinate source located for Thrasher Street, Raynham; landmark unconfirmed</description><styleUrl>#weak</styleUrl><Point><coordinates>-71.049000,41.933000,0</coordinates></Point></Placemark>
<Placemark><name>MHC recon: conjectured trail through Reading center</name><description>Reading, MA
Accurate to ±1200 m — weak confidence
MHC Reconnaissance Survey Town Report: Reading (1980)

Report conjectures native trail crossroads (Woburn-Washington-Salem Sts) through Reading center</description><styleUrl>#weak</styleUrl><Point><coordinates>-71.096000,42.526000,0</coordinates></Point></Placemark>
<Placemark><name>MHC recon: Davis Street burial (reputed)</name><description>Rehoboth, MA
Accurate to ±1500 m — weak confidence — source-checked
MHC Reconnaissance Survey Town Report: Rehoboth (1981)

Possible period burial reputed on north side of Davis St, midway between Mason and First Streets; [verified] No coordinate source located for this Davis St segment, Rehoboth; unconfirmed</description><styleUrl>#weak</styleUrl><Point><coordinates>-71.235000,41.835000,0</coordinates></Point></Placemark>
<Placemark><name>MHC recon: Great Meadow Hill site</name><description>Rehoboth, MA
Accurate to ±1500 m — weak confidence — source-checked
MHC Reconnaissance Survey Town Report: Rehoboth (1981)

Native settlement likely at Great Meadow Hill, near Anawan trail and Palmer River; [verified] No coordinate source located for Great Meadow Hill, Rehoboth; landmark unconfirmed</description><styleUrl>#weak</styleUrl><Point><coordinates>-71.245000,41.825000,0</coordinates></Point></Placemark>
<Placemark><name>MHC recon: Shad Factory Pond site cluster</name><description>Rehoboth, MA
Accurate to ±1200 m — weak confidence
MHC Reconnaissance Survey Town Report: Rehoboth (1981)

Unidentified native sites clustered about Shad Factory Pond and along Palmer River N and S of pond</description><styleUrl>#weak</styleUrl><Point><coordinates>-71.235000,41.855000,0</coordinates></Point></Placemark>
<Placemark><name>MHC recon: Stevens Corner village site</name><description>Rehoboth, MA
Accurate to ±1500 m — weak confidence — source-checked
MHC Reconnaissance Survey Town Report: Rehoboth (1981)

Probable contact-period village opposite Stevens Corner cemetery at junction of 2 native routes; copper point found; [verified] No coordinate source located for Stevens Corner, Rehoboth; landmark unconfirmed</description><styleUrl>#weak</styleUrl><Point><coordinates>-71.225000,41.848000,0</coordinates></Point></Placemark>
<Placemark><name>MHC recon: Beachmont Hill site</name><description>Revere, MA
Accurate to ±1500 m — weak confidence — source-checked
MHC Reconnaissance Survey Town Report: Revere (1981)

Additional native sites likely on Beachmont Hill per report&#x27;s settlement pattern discussion; [verified] Beachmont neighborhood confirmed (Wikipedia) but no coord; &#x27;Beachmont Hill&#x27; unconfirmed</description><styleUrl>#weak</styleUrl><Point><coordinates>-70.989000,42.396000,0</coordinates></Point></Placemark>
<Placemark><name>MHC recon: Fenno Hill site</name><description>Revere, MA
Accurate to ±1500 m — weak confidence — source-checked
MHC Reconnaissance Survey Town Report: Revere (1981)

Contact-period native site reported on Fenno (Fennos) Hill; [verified] No coordinate source located for Fenno Hill, Revere; landmark unconfirmed</description><styleUrl>#weak</styleUrl><Point><coordinates>-71.006000,42.417000,0</coordinates></Point></Placemark>
<Placemark><name>MHC recon: Mill Creek site</name><description>Revere, MA
Accurate to ±1000 m — weak confidence
MHC Reconnaissance Survey Town Report: Revere (1981)

Additional native sites likely along Mill Creek near Rumney Marsh</description><styleUrl>#weak</styleUrl><Point><coordinates>-71.005000,42.415000,0</coordinates></Point></Placemark>
<Placemark><name>MHC recon: Pines River knoll sites</name><description>Revere, MA
Accurate to ±1200 m — weak confidence
MHC Reconnaissance Survey Town Report: Revere (1981)

Additional native sites likely on well-drained knolls adjacent to Pines River</description><styleUrl>#weak</styleUrl><Point><coordinates>-70.995000,42.428000,0</coordinates></Point></Placemark>
<Placemark><name>Youngs Hill burial sites (19-SU-1, 19-SU-2)</name><description>Revere, MA
Accurate to ±1500 m — weak confidence — source-checked
MHC Reconnaissance Survey Town Report: Revere (1981)

Contact-period burials reported near Youngs Hill, Revere Beach area; recorded as MHC sites 19-SU-1/2; [verified] No coordinate source located for Youngs Hill, Revere; landmark unconfirmed</description><styleUrl>#weak</styleUrl><Point><coordinates>-70.988000,42.410000,0</coordinates></Point></Placemark>
<Placemark><name>MHC recon: Perry Hill/Mary&#x27;s Pond Rd site cluster</name><description>Rochester, MA
Accurate to ±1500 m — weak confidence — source-checked
MHC Reconnaissance Survey Town Report: Rochester (1981)

Five unidentified native sites clustered at junction of Perry Hill, Mary&#x27;s Pond, and Marion Roads; [verified] Mary&#x27;s Pond Rd real (listing at 41.764,-70.784, 2.7km off); Perry Hill Rd only found in Acushnet</description><styleUrl>#weak</styleUrl><Point><coordinates>-70.780000,41.740000,0</coordinates></Point></Placemark>
<Placemark><name>MHC recon: Vaughn Hill native population focus</name><description>Rochester, MA
Accurate to ±700 m — weak confidence — source-checked
MHC Reconnaissance Survey Town Report: Rochester (1981)

Native population/trail focus near Vaughn Hill, central Rochester uplands, on trail to Sippican; [verified] Real Vaughan Hill Rd (listings ~41.73,-70.84) matches MHC &#x27;west central&#x27; esker; old pt was 9km off</description><styleUrl>#weak</styleUrl><Point><coordinates>-70.842700,41.733300,0</coordinates></Point></Placemark>
<Placemark><name>MHC recon: Beech Hill site</name><description>Rockland, MA
Accurate to ±900 m — weak confidence
MHC Reconnaissance Survey Town Report: Rockland (1981)

Beech Hill flagged as likely location for native contact-period occupation</description><styleUrl>#weak</styleUrl><Point><coordinates>-70.912000,42.117000,0</coordinates></Point></Placemark>
<Placemark><name>MHC recon: Indian House sites near Marks Street</name><description>Rockland, MA
Accurate to ±1500 m — weak confidence — source-checked
MHC Reconnaissance Survey Town Report: Rockland (1981)

Two 18th-century &#x27;Indian House&#x27; sites reported southeast of the Marks Street native encampment; [verified] Same Marks St reference ~1.7km off; could not confirm precise Indian House site location</description><styleUrl>#weak</styleUrl><Point><coordinates>-70.902000,42.146000,0</coordinates></Point></Placemark>
<Placemark><name>MHC recon: Marks Street King Philip encampment</name><description>Rockland, MA
Accurate to ±1500 m — weak confidence — source-checked
MHC Reconnaissance Survey Town Report: Rockland (1981)

King Philip&#x27;s War-era native encampment established immediately south of Marks Street; [verified] Marks St real (listing at 42.1333,-70.8986) but ~1.7km from site; exact spot unconfirmed</description><styleUrl>#weak</styleUrl><Point><coordinates>-70.905000,42.148000,0</coordinates></Point></Placemark>
<Placemark><name>MHC recon: Granite St/South St trail</name><description>Rockport, MA
Accurate to ±1500 m — weak confidence — source-checked
MHC Reconnaissance Survey Town Report: Rockport (1985)

Probable native land trail in vicinity of Granite Street and South Street; [verified] Wikipedia confirms Granite St (Pigeon Cove) but no South St mention or trail coordinates</description><styleUrl>#weak</styleUrl><Point><coordinates>-70.625000,42.663000,0</coordinates></Point></Placemark>
<Placemark><name>MHC recon: Main Street inland trail</name><description>Rockport, MA
Accurate to ±1000 m — weak confidence
MHC Reconnaissance Survey Town Report: Rockport (1985)

Probable inland native trail in vicinity of Main Street</description><styleUrl>#weak</styleUrl><Point><coordinates>-70.623600,42.656300,0</coordinates></Point></Placemark>
<Placemark><name>MHC recon: Mill Brook/Back Harbor site</name><description>Rockport, MA
Accurate to ±1500 m — weak confidence — source-checked
MHC Reconnaissance Survey Town Report: Rockport (1985)

Mouth of Mill Brook at Back Harbor, Sandy Bay, flagged as good candidate native site location; [verified] Rockport Wikipedia confirms Back Harbor exists but gives no coordinates for Mill Brook mouth</description><styleUrl>#weak</styleUrl><Point><coordinates>-70.616000,42.655000,0</coordinates></Point></Placemark>
<Placemark><name>MHC recon: Pelham Lake potential site area</name><description>Rowe, MA
Accurate to ±900 m — weak confidence
MHC Reconnaissance Survey Town Report: Rowe (1982)

Areas adjacent to Pelham Lake flagged as greatest potential for native period occupation evidence</description><styleUrl>#weak</styleUrl><Point><coordinates>-72.930000,42.688000,0</coordinates></Point></Placemark>
<Placemark><name>MHC recon: Rowe Camp trail (Kings Highway)</name><description>Rowe, MA
Accurate to ±1200 m — weak confidence
MHC Reconnaissance Survey Town Report: Rowe (1982)

Conjectured native trail (Kings Highway) over west flank of Adams Mountain to Rowe Camp</description><styleUrl>#weak</styleUrl><Point><coordinates>-72.930000,42.670000,0</coordinates></Point></Placemark>
<Placemark><name>Pulpit Rock</name><description>Rowe, MA
Accurate to ±1500 m — weak confidence — source-checked
MHC Reconnaissance Survey Town Report: Rowe (1982)

Conjectured E-W native trail along Tunnel Road past Pulpit Rock to Deerfield River gorge (Zoar); [verified] Rowe Wikipedia page has no mention of Pulpit Rock or Tunnel Road; could not confirm</description><styleUrl>#weak</styleUrl><Point><coordinates>-72.900000,42.660000,0</coordinates></Point></Placemark>
<Placemark><name>MHC recon: Mill River/Rowley River mouth site cluster</name><description>Rowley, MA
Accurate to ±1500 m — weak confidence
MHC Reconnaissance Survey Town Report: Rowley (1985)

Report: mouth of Mill and Rowley Rivers on Plum Island Sound &quot;may have been good site locations&quot;; conjectural</description><styleUrl>#weak</styleUrl><Point><coordinates>-70.825000,42.735000,0</coordinates></Point></Placemark>
<Placemark><name>MHC recon: Doane Falls native site potential</name><description>Royalston, MA
Accurate to ±300 m — weak confidence — source-checked
MHC Reconnaissance Survey Town Report: Royalston (1984)

Report: same passage names Doane Falls as a possible native site location on the Tully River corridor; [verified] Wikipedia gives Doane&#x27;s Falls at 42.6488,-72.2019, Royalston; old point was ~2km off</description><styleUrl>#weak</styleUrl><Point><coordinates>-72.201900,42.648800,0</coordinates></Point></Placemark>
<Placemark><name>MHC recon: Long Pond native site potential</name><description>Royalston, MA
Accurate to ±1500 m — weak confidence — source-checked
MHC Reconnaissance Survey Town Report: Royalston (1984)

Report: &quot;Native sites are possible at Long Pond, Doane Falls, and at the Millers River falls in the southeast&quot;; [verified] Royalston wiki confirms Tully River/Long Pond link but no coordinates for Long Pond itself</description><styleUrl>#weak</styleUrl><Point><coordinates>-72.235000,42.698000,0</coordinates></Point></Placemark>
<Placemark><name>MHC recon: Millers River falls (South Royalston) site potential</name><description>Royalston, MA
Accurate to ±800 m — weak confidence
MHC Reconnaissance Survey Town Report: Royalston (1984)

Report: same passage names the Millers River falls in the southeast as a possible native site location</description><styleUrl>#weak</styleUrl><Point><coordinates>-72.140000,42.623000,0</coordinates></Point></Placemark>
<Placemark><name>MHC recon: Russell Mountain quarry</name><description>Russell, MA
Accurate to ±1000 m — weak confidence
MHC Reconnaissance Survey Town Report: Russell (1982)

Report: notes quarry potential at Russell Mountain, uplands near Westfield River/Russell Pond</description><styleUrl>#weak</styleUrl><Point><coordinates>-72.875000,42.145000,0</coordinates></Point></Placemark>
<Placemark><name>MHC recon: Russell Pond native site</name><description>Russell, MA
Accurate to ±900 m — weak confidence
MHC Reconnaissance Survey Town Report: Russell (1982)

Report: native sites reported at Russell Pond and Salmon Falls (Woronoco) on the Westfield River</description><styleUrl>#weak</styleUrl><Point><coordinates>-72.860000,42.155000,0</coordinates></Point></Placemark>
<Placemark><name>MHC recon: Demond Pond native site potential</name><description>Rutland, MA
Accurate to ±1500 m — weak confidence — source-checked
MHC Reconnaissance Survey Town Report: Rutland (1984)

Report: &quot;native site potential at several local ponds, including Demond and Muschopague Ponds&quot;; [verified] Rutland Wikipedia page does not mention Demond Pond; could not confirm</description><styleUrl>#weak</styleUrl><Point><coordinates>-71.975000,42.382000,0</coordinates></Point></Placemark>
<Placemark><name>MHC recon: Muschopague Pond native site potential</name><description>Rutland, MA
Accurate to ±1500 m — weak confidence — source-checked
MHC Reconnaissance Survey Town Report: Rutland (1984)

Report: same passage names Muschopague Pond as having native site potential; [verified] Muschopauge only confirmed as a Rutland village name; pond location unconfirmed</description><styleUrl>#weak</styleUrl><Point><coordinates>-71.930000,42.390000,0</coordinates></Point></Placemark>
<Placemark><name>MHC recon: Collins Cove shell midden</name><description>Salem, MA
Accurate to ±1500 m — weak confidence — source-checked
MHC Reconnaissance Survey Town Report: Salem (1985)

Report: shellfish gathering near Collins Cove/Salem Harbor/North River, &quot;shell midden sites verify this expectation&quot;; [verified] Wikipedia page found for Collins Cove had no relevant Salem coordinate data</description><styleUrl>#weak</styleUrl><Point><coordinates>-70.898000,42.527000,0</coordinates></Point></Placemark>
<Placemark><name>MHC recon: North/South/Forest River mouths site cluster</name><description>Salem, MA
Accurate to ±2500 m — weak confidence
MHC Reconnaissance Survey Town Report: Salem (1985)

Report: mouths of North, South and Forest Rivers and Salem/Marblehead Harbors &quot;may have been good site locations&quot;</description><styleUrl>#weak</styleUrl><Point><coordinates>-70.905000,42.518000,0</coordinates></Point></Placemark>
<Placemark><name>MHC recon: Elm Street trail to Powwow River</name><description>Salisbury, MA
Accurate to ±1200 m — weak confidence
MHC Reconnaissance Survey Town Report: Salisbury (1985)

Report: westward trail along Elm Street paralleling Merrimac River, &quot;linking the coast with the Powwow River area&quot;</description><styleUrl>#weak</styleUrl><Point><coordinates>-70.915000,42.860000,0</coordinates></Point></Placemark>
<Placemark><name>MHC recon: Ferry Road/Seabrook Road coastal trail</name><description>Salisbury, MA
Accurate to ±1200 m — weak confidence
MHC Reconnaissance Survey Town Report: Salisbury (1985)

Report: &quot;major coastal trail probably existed in the vicinity of the Ferry Road and Seabrook Road&quot;</description><styleUrl>#weak</styleUrl><Point><coordinates>-70.830000,42.848000,0</coordinates></Point></Placemark>
<Placemark><name>MHC recon: Scorton settlement</name><description>Sandwich, MA
Accurate to ±1500 m — weak confidence — source-checked
MHC Reconnaissance Survey Town Report: Sandwich (1984)

Report: lists &quot;Scorton&quot; among Wampanoag Contact period settlements, corresponds to Scorton Neck/Creek; [verified] No Wikipedia page found for Scorton Neck/Creek/Marsh; could not confirm location</description><styleUrl>#weak</styleUrl><Point><coordinates>-70.420000,41.750000,0</coordinates></Point></Placemark>
<Placemark><name>Shawme (Sandwich Center village site)</name><description>Sandwich, MA
Accurate to ±1500 m — weak confidence — source-checked
MHC Reconnaissance Survey Town Report: Sandwich (1984)

Report: &quot;Shawme is often noted as the principal village area&quot; near Sandwich Center/Shawme Lake; [verified] Search found Shawme-Crowell State Forest (distinct, far location), not village site</description><styleUrl>#weak</styleUrl><Point><coordinates>-70.499000,41.758000,0</coordinates></Point></Placemark>
<Placemark><name>MHC recon: Saugus River/Pines River mouth site cluster</name><description>Saugus, MA
Accurate to ±1500 m — weak confidence
MHC Reconnaissance Survey Town Report: Saugus (1985)

Report: mouths of Saugus and Pines Rivers &quot;may have been good site locations&quot; for habitation, fishing, midden and burial sites</description><styleUrl>#weak</styleUrl><Point><coordinates>-70.962000,42.460000,0</coordinates></Point></Placemark>
<Placemark><name>MHC recon: Hoop Pole Hill native settlement</name><description>Scituate, MA
Accurate to ±1200 m — weak confidence
MHC Reconnaissance Survey Town Report: Scituate (1981)

Report: surviving native population &quot;inhabited an area in vicinity of Hoop Pole Hill&quot; by the late 17th century</description><styleUrl>#weak</styleUrl><Point><coordinates>-70.740000,42.199000,0</coordinates></Point></Placemark>
<Placemark><name>MHC recon: Kent Street native site</name><description>Scituate, MA
Accurate to ±1500 m — weak confidence — source-checked
MHC Reconnaissance Survey Town Report: Scituate (1981)

Report: local history (Deane 1831) records a native Contact period site &quot;situated in the vicinity of Kent Street&quot;; [verified] No source (NeighborWho, latitude.to) gave coordinates specific to Kent Street.</description><styleUrl>#weak</styleUrl><Point><coordinates>-70.720000,42.198000,0</coordinates></Point></Placemark>
<Placemark><name>MHC recon: the Glades native planting grounds</name><description>Scituate, MA
Accurate to ±1200 m — weak confidence
MHC Reconnaissance Survey Town Report: Scituate (1981)

Report: eastern shore from the Glades south through cliff lands &quot;utilized...as native planting grounds&quot;</description><styleUrl>#weak</styleUrl><Point><coordinates>-70.715000,42.192000,0</coordinates></Point></Placemark>
<Placemark><name>MHC recon: Newman Avenue/Read Street village</name><description>Seekonk, MA
Accurate to ±1500 m — weak confidence — source-checked
MHC Reconnaissance Survey Town Report: Seekonk (1981)

Report: &quot;a large village at the intersection of Newman Avenue and Read Street&quot;; [verified] MHC town report (see.pdf) confirms wording verbatim but gives no coordinates for this junction.</description><styleUrl>#weak</styleUrl><Point><coordinates>-71.335000,41.830000,0</coordinates></Point></Placemark>
<Placemark><name>MHC recon: School Street ford (Tenmile River)</name><description>Seekonk, MA
Accurate to ±1500 m — weak confidence — source-checked
MHC Reconnaissance Survey Town Report: Seekonk (1981)

Report: &quot;point at which School Street crossed the Tenmile River may have been the site of a native ford&quot;; [verified] Same MHC Seekonk report source; no coordinates found for Tenmile River crossing point.</description><styleUrl>#weak</styleUrl><Point><coordinates>-71.385000,41.813000,0</coordinates></Point></Placemark>
<Placemark><name>MHC recon: School Street ford and village (Runnins River)</name><description>Seekonk, MA
Accurate to ±1500 m — weak confidence — source-checked
MHC Reconnaissance Survey Town Report: Seekonk (1981)

Report: native ford at School Street/Running(Runnins) River junction, with &quot;large village&quot; immediately east of it; [verified] MHC report confirms ford/village description at School St &amp; Runnins R.; no coordinates given.</description><styleUrl>#weak</styleUrl><Point><coordinates>-71.350000,41.813000,0</coordinates></Point></Placemark>
<Placemark><name>MHC recon: northern Seekonk native site cluster</name><description>Seekonk, MA
Accurate to ±1800 m — weak confidence
MHC Reconnaissance Survey Town Report: Seekonk (1981)

Report: &quot;9 of 14&quot; unidentified native sites clustered near Pine Street/Route 152/Brown Avenue trails, N. Seekonk</description><styleUrl>#weak</styleUrl><Point><coordinates>-71.330000,41.860000,0</coordinates></Point></Placemark>
<Placemark><name>MHC recon: Moose Hill trail node</name><description>Sharon, MA
Accurate to ±1200 m — weak confidence
MHC Reconnaissance Survey Town Report: Sharon (1979)

Documented Contact-period trail (Old Post Rd/S. Main St) ran around Moose Hill; placed at hill summit.</description><styleUrl>#weak</styleUrl><Point><coordinates>-71.228000,42.141400,0</coordinates></Point></Placemark>
<Placemark><name>MHC recon: Rattlesnake Hill trail node</name><description>Sharon, MA
Accurate to ±1800 m — weak confidence
MHC Reconnaissance Survey Town Report: Sharon (1979)

Contact-period trail (Bay Rd) conjectured around Rattlesnake Hill; approximate hill location, wide margin.</description><styleUrl>#weak</styleUrl><Point><coordinates>-71.180000,42.150000,0</coordinates></Point></Placemark>
<Placemark><name>MHC recon: Massaemett Mountain hunting camp</name><description>Shelbourne, MA
Accurate to ±1500 m — weak confidence
MHC Reconnaissance Survey Town Report: Shelbourne (1982)

Report: Massaemtt Mtn, a native-derived name, probably used for short-term upland hunting camps.</description><styleUrl>#weak</styleUrl><Point><coordinates>-72.751000,42.618000,0</coordinates></Point></Placemark>
<Placemark><name>MHC recon: Patten Hill/Dragon Hill upland site area</name><description>Shelbourne, MA
Accurate to ±2000 m — weak confidence
MHC Reconnaissance Survey Town Report: Shelbourne (1982)

Report: additional evidence of native occupation may survive in upland farm area between Patten Hill and Dragon Hill.</description><styleUrl>#weak</styleUrl><Point><coordinates>-72.720000,42.615000,0</coordinates></Point></Placemark>
<Placemark><name>King Philip&#x27;s Bridge site</name><description>Sherborn, MA
Accurate to ±1500 m — weak confidence — source-checked
MHC Reconnaissance Survey Town Report: Sherborn (1980)

First Settlement Period section names King Philip&#x27;s Bridge site on Main St at original town settlement.; [verified] Could not find a &#x27;King Philip&#x27;s Bridge&#x27; landmark; only unrelated King Philip&#x27;s Cave/Overlook in Sherborn.</description><styleUrl>#weak</styleUrl><Point><coordinates>-71.362000,42.232000,0</coordinates></Point></Placemark>
<Placemark><name>MHC recon: Connecticut Path camp sites</name><description>Sherborn, MA
Accurate to ±2000 m — weak confidence
MHC Reconnaissance Survey Town Report: Sherborn (1980)

Report: temporary camp sites possible along Connecticut Path in northwest part of town.</description><styleUrl>#weak</styleUrl><Point><coordinates>-71.390000,42.260000,0</coordinates></Point></Placemark>
<Placemark><name>MHC recon: Catacoonamaug Brook confluence site</name><description>Shirley, MA
Accurate to ±1200 m — weak confidence
MHC Reconnaissance Survey Town Report: Shirley (1980)

Report: probable native sites along Nashua/Catacoonamaug confluence, rifts and fords.</description><styleUrl>#weak</styleUrl><Point><coordinates>-71.643000,42.585000,0</coordinates></Point></Placemark>
<Placemark><name>MHC recon: Hazen Road ford site</name><description>Shirley, MA
Accurate to ±1500 m — weak confidence — source-checked
MHC Reconnaissance Survey Town Report: Shirley (1980)

Report cites a documented ford at Hazen Road on the Nashua River as a native trail crossing point.; [verified] USGS confirms Hazen Rd crosses Mulpus Brook ~3.6km away; exact Nashua River ford point unconfirmed.</description><styleUrl>#weak</styleUrl><Point><coordinates>-71.660000,42.556000,0</coordinates></Point></Placemark>
<Placemark><name>Charlestown Meadow site (Shrewsbury extension)</name><description>Shrewsbury, MA
Accurate to ±1000 m — weak confidence
MHC Reconnaissance Survey Town Report: Shrewsbury (1983)

Report: Shrewsbury area is an extension of the Charlestown Meadow site in adjacent Westborough, SE corner of town.</description><styleUrl>#weak</styleUrl><Point><coordinates>-71.682000,42.271000,0</coordinates></Point></Placemark>
<Placemark><name>MHC recon: Big Bummet Brook camps</name><description>Shrewsbury, MA
Accurate to ±1200 m — weak confidence
MHC Reconnaissance Survey Town Report: Shrewsbury (1983)

Report: reported native camps along Big Bummet Brook.</description><styleUrl>#weak</styleUrl><Point><coordinates>-71.700000,42.276000,0</coordinates></Point></Placemark>
<Placemark><name>MHC recon: Lake Quinsigamond/Newton-Jordan Pond sites</name><description>Shrewsbury, MA
Accurate to ±2000 m — weak confidence
MHC Reconnaissance Survey Town Report: Shrewsbury (1983)

Report: possible native sites on knolls overlooking Lake Quinsigamond, Newton Pond and Jordan Pond.</description><styleUrl>#weak</styleUrl><Point><coordinates>-71.766000,42.276000,0</coordinates></Point></Placemark>
<Placemark><name>MHC recon: Lake Wyola (Locks Pond) site area</name><description>Shutesbury, MA
Accurate to ±1500 m — weak confidence — source-checked
MHC Reconnaissance Survey Town Report: Shutesbury (1983)

Report: native horticulture/fishing probable on uplands north of Lake Wyola; trail led to Locks Pond Rd.; [verified] Lake Wyola confirmed at 42.5013,-72.4350, ~2.9km west of given point; Locks Pond location unconfirmed.</description><styleUrl>#weak</styleUrl><Point><coordinates>-72.400000,42.510000,0</coordinates></Point></Placemark>
<Placemark><name>MHC recon: Shutesbury Center hill trail node</name><description>Shutesbury, MA
Accurate to ±1500 m — weak confidence
MHC Reconnaissance Survey Town Report: Shutesbury (1983)

Report: conjectured east-west trail from Swift River to Roaring Brook followed axis over Shutesbury center hill.</description><styleUrl>#weak</styleUrl><Point><coordinates>-72.376200,42.495900,0</coordinates></Point></Placemark>
<Placemark><name>MHC recon: Swift River Valley/Quabbin site area</name><description>Shutesbury, MA
Accurate to ±2500 m — weak confidence
MHC Reconnaissance Survey Town Report: Shutesbury (1983)

Report: period sites likely in former Swift River valley, now under Quabbin Reservoir waters.</description><styleUrl>#weak</styleUrl><Point><coordinates>-72.340000,42.478000,0</coordinates></Point></Placemark>
<Placemark><name>MHC recon: Lee River Rd site cluster</name><description>Somerset, MA
Accurate to ±1000 m — weak confidence
MHC Reconnaissance Survey Town Report: Somerset (1982)

Report: four unidentified native sites clustered near the eastern bank of the Lee River by Lee River Rd.</description><styleUrl>#weak</styleUrl><Point><coordinates>-71.155000,41.740000,0</coordinates></Point></Placemark>
<Placemark><name>MHC recon: Sandy Point site</name><description>Somerset, MA
Accurate to ±1500 m — weak confidence — source-checked
MHC Reconnaissance Survey Town Report: Somerset (1982)

Report: an unidentified native site was located at Sandy Point on the eastern bank of the Taunton River.; [verified] No Somerset/Taunton River &#x27;Sandy Point&#x27; source found; other same-named sites are in MD and Ipswich MA.</description><styleUrl>#weak</styleUrl><Point><coordinates>-71.164000,41.706000,0</coordinates></Point></Placemark>
<Placemark><name>MHC recon: Alewife Brook fish weir</name><description>Somerville, MA
Accurate to ±1500 m — weak confidence — source-checked
MHC Reconnaissance Survey Town Report: Somerville (1980)

Report: a fish weir on Alewife Brook near the native village, north from Union Square/Powder House Sq area.; [verified] MHC Somerville report confirms weir/trail description; no coordinates given for the weir itself.</description><styleUrl>#weak</styleUrl><Point><coordinates>-71.119000,42.403000,0</coordinates></Point></Placemark>
<Placemark><name>MHC recon: Sagamore John&#x27;s village site</name><description>Somerville, MA
Accurate to ±900 m — weak confidence
MHC Reconnaissance Survey Town Report: Somerville (1980)

Report: native village home of &#x27;Sagamore John&#x27; on high ground east of the Alewife Brook/Mystic River confluence.</description><styleUrl>#weak</styleUrl><Point><coordinates>-71.114000,42.402000,0</coordinates></Point></Placemark>
<Placemark><name>MHC recon: Bachelor/Stony Brook confluence site</name><description>South Hadley, MA
Accurate to ±1200 m — weak confidence
MHC Reconnaissance Survey Town Report: South Hadley (1982)

Report: greatest potential for extant native occupation on lowlands adjacent to mouths of Bachelor and Stony brooks.</description><styleUrl>#weak</styleUrl><Point><coordinates>-72.597000,42.278000,0</coordinates></Point></Placemark>
<Placemark><name>MHC recon: Bridge Street burial site</name><description>South Hadley, MA
Accurate to ±1500 m — weak confidence — source-checked
MHC Reconnaissance Survey Town Report: South Hadley (1982)

Local source (Eastman 1912) described the Bridge Street area (South Hadley Falls) as the primary native burial site.; [verified] No source found confirming a Bridge Street burial site in South Hadley Falls.</description><styleUrl>#weak</styleUrl><Point><coordinates>-72.585000,42.237000,0</coordinates></Point></Placemark>
<Placemark><name>MHC recon: Pine Street village site</name><description>South Hadley, MA
Accurate to ±1500 m — weak confidence — source-checked
MHC Reconnaissance Survey Town Report: South Hadley (1982)

Report: native settlement may have taken place in central South Hadley village and vicinity of Pine Street.; [verified] No South Hadley source found; only an unrelated Pine Street School in Northfield, MA.</description><styleUrl>#weak</styleUrl><Point><coordinates>-72.577000,42.258000,0</coordinates></Point></Placemark>
<Placemark><name>MHC recon: South Hadley Falls terrace sites</name><description>South Hadley, MA
Accurate to ±1500 m — weak confidence — source-checked
MHC Reconnaissance Survey Town Report: South Hadley (1982)

Report: focal point of native settlement probably South Hadley Falls; 4 of 5 Woodland sites on terraces/plains east of falls.; [verified] FRCOG archaeological resources chapter does not mention this site; no other source found.</description><styleUrl>#weak</styleUrl><Point><coordinates>-72.579800,42.235400,0</coordinates></Point></Placemark>
<Placemark><name>MHC recon: Manhan River upland site cluster</name><description>Southampton, MA
Accurate to ±1500 m — weak confidence
MHC Reconnaissance Survey Town Report: Southampton (1982)

Report: only evidence of native occupation was six undated native sites on uplands east of the Manhan River.</description><styleUrl>#weak</styleUrl><Point><coordinates>-72.715000,42.230000,0</coordinates></Point></Placemark>
<Placemark><name>MHC recon: Pomeroy Mountain/Little Mountain intervale site</name><description>Southampton, MA
Accurate to ±1500 m — weak confidence
MHC Reconnaissance Survey Town Report: Southampton (1982)

Report: probable native period settlement in the intervale extending between Pomeroy Mountain and Little Mountain.</description><styleUrl>#weak</styleUrl><Point><coordinates>-72.745000,42.245000,0</coordinates></Point></Placemark>
<Placemark><name>MHC recon: Pequot (Hampton) Pond trail node</name><description>Southampton/Westfield, MA
Accurate to ±1200 m — weak confidence
MHC Reconnaissance Survey Town Report: Southampton/Westfield (1982)

Report: primary N-S trail (Country Rd-North Line St) ran along base of Mount Tom to Pequot (Hampton) Pond.</description><styleUrl>#weak</styleUrl><Point><coordinates>-72.751000,42.198000,0</coordinates></Point></Placemark>
<Placemark><name>MHC recon: Stony Brook site cluster (Cordaville)</name><description>Southborough, MA
Accurate to ±1300 m — weak confidence
MHC Reconnaissance Survey Town Report: Southborough (1983)

Probable native use of knolls/hills adjacent to the former Stony Brook, which bisected the town</description><styleUrl>#weak</styleUrl><Point><coordinates>-71.520000,42.295000,0</coordinates></Point></Placemark>
<Placemark><name>MHC recon: Sudbury River lowland area (Sudbury Reservoir)</name><description>Southborough, MA
Accurate to ±1800 m — weak confidence
MHC Reconnaissance Survey Town Report: Southborough (1983)

Trail crossed a reservoir on Main St; probable use of Sudbury River plains in the south, now largely flooded</description><styleUrl>#weak</styleUrl><Point><coordinates>-71.525000,42.318000,0</coordinates></Point></Placemark>
<Placemark><name>MHC recon: Westville Ford trail node (Quinebaug River)</name><description>Southbridge, MA
Accurate to ±1500 m — weak confidence — source-checked
MHC Reconnaissance Survey Town Report: Southbridge (1983)

Documented native trail ford at Westville on the Quinebaug River; fishing sites expected near river falls close by; [verified] WebSearch exhausted before this row could be researched; landmark unconfirmed.</description><styleUrl>#weak</styleUrl><Point><coordinates>-72.033000,42.028000,0</coordinates></Point></Placemark>
<Placemark><name>MHC recon: native site near east shore of Middle Pond</name><description>Southwick, MA
Accurate to ±1500 m — weak confidence — source-checked
MHC Reconnaissance Survey Town Report: Southwick (1982)

One of two unidentified Contact-period native sites was located near the eastern shore of Middle Pond; [verified] Confirmed &#x27;Middle Pond&#x27;=middle basin of Congamond Lakes, but no shoreline-specific coordinates found.</description><styleUrl>#weak</styleUrl><Point><coordinates>-72.757000,42.057000,0</coordinates></Point></Placemark>
<Placemark><name>MHC recon: Seven Mile River / Cranberry Meadow River fishing corridor</name><description>Spencer, MA
Accurate to ±2000 m — weak confidence
MHC Reconnaissance Survey Town Report: Spencer (1983)

Sites expected along Seven Mile River and Cranberry Meadow River and ponds in the east, visited for seasonal fishing</description><styleUrl>#weak</styleUrl><Point><coordinates>-71.970000,42.240000,0</coordinates></Point></Placemark>
<Placemark><name>MHC recon: Stiles Reservoir trail node</name><description>Spencer, MA
Accurate to ±1200 m — weak confidence
MHC Reconnaissance Survey Town Report: Spencer (1983)

SW trail conjectured around Stiles Reservoir on Chickering-Clark-Bacon Hill Roads</description><styleUrl>#weak</styleUrl><Point><coordinates>-71.965000,42.205000,0</coordinates></Point></Placemark>
<Placemark><name>MHC recon: Hassocky Marsh hunting-gathering area</name><description>Springfield, MA
Accurate to ±1500 m — weak confidence — source-checked
MHC Reconnaissance Survey Town Report: Springfield (1982)

Hunting and gathering probably occurred at 17th-c. &#x27;Hassocky Marsh&#x27; between Chestnut and Main Streets; [verified] WebSearch exhausted before this row could be researched; landmark unconfirmed.</description><styleUrl>#weak</styleUrl><Point><coordinates>-72.588000,42.101000,0</coordinates></Point></Placemark>
<Placemark><name>MHC recon: Wallamanumps Falls trail/fishing node (Indian Orchard)</name><description>Springfield, MA
Accurate to ±1500 m — weak confidence — source-checked
MHC Reconnaissance Survey Town Report: Springfield (1982)

Primary regional trail (Bay Path) originated at Wallamanumps Falls on the Chicopee River at Indian Orchard; [verified] Indian Orchard center 42.1547,-72.5027 vs &#x27;Wallamanumps Falls&#x27; site 42.1565,-72.4843; moved east.</description><styleUrl>#weak</styleUrl><Point><coordinates>-72.502735,42.154669,0</coordinates></Point></Placemark>
<Placemark><name>MHC recon: native ferry crossing, Mill River mouth to Agawam</name><description>Springfield, MA
Accurate to ±1500 m — weak confidence — source-checked
MHC Reconnaissance Survey Town Report: Springfield (1982)

Native dugout ferries assumed to have crossed the Connecticut R. to Agawam meadows from the mouth of Mill River; [verified] WebSearch exhausted before this row could be researched; landmark unconfirmed.</description><styleUrl>#weak</styleUrl><Point><coordinates>-72.593000,42.093000,0</coordinates></Point></Placemark>
<Placemark><name>MHC recon: native settlement complex, Chicopee River confluence &amp; ponds</name><description>Springfield, MA
Accurate to ±1500 m — weak confidence
MHC Reconnaissance Survey Town Report: Springfield (1982)

Additional settlement likely in NE Springfield near the Chicopee R., freshwater ponds, and area near Bay Street</description><styleUrl>#weak</styleUrl><Point><coordinates>-72.550000,42.140000,0</coordinates></Point></Placemark>
<Placemark><name>MHC recon: unidentified upland site near Springfield/Longmeadow line</name><description>Springfield, MA
Accurate to ±1500 m — weak confidence — source-checked
MHC Reconnaissance Survey Town Report: Springfield (1982)

An unidentified upland native site was reported just above the Springfield/Longmeadow town line; [verified] WebSearch exhausted before this row could be researched; landmark unconfirmed.</description><styleUrl>#weak</styleUrl><Point><coordinates>-72.567000,42.078000,0</coordinates></Point></Placemark>
<Placemark><name>MHC recon: Doleful Plain planting fields (north of Spot Pond)</name><description>Stoneham, MA
Accurate to ±1500 m — weak confidence — source-checked
MHC Reconnaissance Survey Town Report: Stoneham (1981)

Probable sites north of Spot Pond; the Doleful Plain area is reputed as a native &#x27;planting field&#x27;; [verified] Unfound: 1885 town history places Doleful Plain in W. Stoneham near Marble/Summer St, not Spot Pond.</description><styleUrl>#weak</styleUrl><Point><coordinates>-71.108000,42.462000,0</coordinates></Point></Placemark>
<Placemark><name>MHC recon: probable site, New England Sanatorium grounds</name><description>Stoneham, MA
Accurate to ±1500 m — weak confidence — source-checked
MHC Reconnaissance Survey Town Report: Stoneham (1981)

Probable native site east of Spot Pond on the grounds of the New England Sanatorium; [verified] Unfound: found sanatorium&#x27;s historic address (5 Woodland Rd, nr Spot Pond) but no precise geocoord source.</description><styleUrl>#weak</styleUrl><Point><coordinates>-71.093000,42.448000,0</coordinates></Point></Placemark>
<Placemark><name>MHC recon: Bay Street trail to Taunton River (Sharon boundary)</name><description>Stoughton, MA
Accurate to ±1800 m — weak confidence
MHC Reconnaissance Survey Town Report: Stoughton (1979)

Documented native trail along the Sharon town boundary, Bay Street, leading to the Taunton River</description><styleUrl>#weak</styleUrl><Point><coordinates>-71.100000,42.095000,0</coordinates></Point></Placemark>
<Placemark><name>MHC recon: Great Bear Swamp trail node (route to Punkapoag)</name><description>Stoughton, MA
Accurate to ±1200 m — weak confidence
MHC Reconnaissance Survey Town Report: Stoughton (1979)

Conjectured trail from Great Bear Swamp to Punkapoag (Canton) along Page Street</description><styleUrl>#weak</styleUrl><Point><coordinates>-71.080000,42.145000,0</coordinates></Point></Placemark>
<Placemark><name>MHC recon: possible winter refuge sites, ponds in West Stoughton</name><description>Stoughton, MA
Accurate to ±1800 m — weak confidence
MHC Reconnaissance Survey Town Report: Stoughton (1979)

Possible exception of winter refuge sites near ponds in West Stoughton, noted in report&#x27;s Observations</description><styleUrl>#weak</styleUrl><Point><coordinates>-71.130000,42.125000,0</coordinates></Point></Placemark>
<Placemark><name>MHC recon: Assabet River fish weir/fishing site</name><description>Stow, MA
Accurate to ±1200 m — weak confidence
MHC Reconnaissance Survey Town Report: Stow (1980)

Important area for seasonal fish runs in the Assabet River; possible that evidence of weirs remains</description><styleUrl>#weak</styleUrl><Point><coordinates>-71.505000,42.430000,0</coordinates></Point></Placemark>
<Placemark><name>MHC recon: artifact finds near Gleasondale</name><description>Stow, MA
Accurate to ±1500 m — weak confidence — source-checked
MHC Reconnaissance Survey Town Report: Stow (1980)

No documented sites, but artifacts reported from areas notably around Gleasondale on the Assabet River; [verified] HomeTownLocator page found but no coordinates given for Gleasondale area</description><styleUrl>#weak</styleUrl><Point><coordinates>-71.495000,42.420000,0</coordinates></Point></Placemark>
<Placemark><name>MHC recon: Mashapaug Pond trail node (SE upland trail)</name><description>Sturbridge, MA
Accurate to ±1500 m — weak confidence
MHC Reconnaissance Survey Town Report: Sturbridge (1984)

Inferred southeast upland trail to Mashapaug Pond via Mashapaug-Union Road</description><styleUrl>#weak</styleUrl><Point><coordinates>-72.095000,42.030000,0</coordinates></Point></Placemark>
<Placemark><name>MHC recon: rumored native site south of Cedar Pond</name><description>Sturbridge, MA
Accurate to ±1200 m — weak confidence
MHC Reconnaissance Survey Town Report: Sturbridge (1984)

Rumored native site location south of Cedar Pond, near Route 70</description><styleUrl>#weak</styleUrl><Point><coordinates>-72.050000,42.115000,0</coordinates></Point></Placemark>
<Placemark><name>MHC recon: Goodman&#x27;s Hill trail node</name><description>Sudbury, MA
Accurate to ±1200 m — weak confidence
MHC Reconnaissance Survey Town Report: Sudbury (1980)

Report conjectures trail from Sudbury to Assabet (Maynard) via Goodman&#x27;s Hill to Sudbury Center; placed at Goodman&#x27;s Hill (known landmark).</description><styleUrl>#weak</styleUrl><Point><coordinates>-71.426000,42.381000,0</coordinates></Point></Placemark>
<Placemark><name>MHC recon: Indian Bridge (Landham Brook crossing)</name><description>Sudbury/Wayland, MA
Accurate to ±1300 m — weak confidence
MHC Reconnaissance Survey Town Report: Sudbury (1980)

Report cites &#x27;Indian Bridge&#x27; at Landham Brook (Raymond Rd) linking toward Wayland; placed near town line from geographic knowledge (WebSearch exhausted), margin widened.</description><styleUrl>#weak</styleUrl><Point><coordinates>-71.362000,42.362000,0</coordinates></Point></Placemark>
<Placemark><name>MHC recon: Connecticut River floodplain sites, north of village</name><description>Sunderland, MA
Accurate to ±1300 m — weak confidence
MHC Reconnaissance Survey Town Report: Sunderland (1982)

Several undated native sites reported on the Connecticut River floodplain north of Sunderland village center.</description><styleUrl>#weak</styleUrl><Point><coordinates>-72.565000,42.485000,0</coordinates></Point></Placemark>
<Placemark><name>MHC recon: Long Plain Brook Woodland site</name><description>Sunderland, MA
Accurate to ±2000 m — weak confidence
MHC Reconnaissance Survey Town Report: Sunderland (1982)

Woodland-period occupation evidence adjacent to Long Plain Brook; brook location approximate from general knowledge, WebSearch exhausted, margin widened.</description><styleUrl>#weak</styleUrl><Point><coordinates>-72.545000,42.447000,0</coordinates></Point></Placemark>
<Placemark><name>MHC recon: Mohawk Brook Woodland site cluster</name><description>Sunderland, MA
Accurate to ±1800 m — weak confidence
MHC Reconnaissance Survey Town Report: Sunderland (1982)

Two Woodland-period sites reported near Mohawk Brook, south Sunderland; approximate placement from geographic knowledge, WebSearch exhausted so margin widened.</description><styleUrl>#weak</styleUrl><Point><coordinates>-72.553000,42.442000,0</coordinates></Point></Placemark>
<Placemark><name>MHC recon: Mount Toby suspected quarry</name><description>Sunderland, MA
Accurate to ±2200 m — weak confidence
MHC Reconnaissance Survey Town Report: Sunderland (1982)

Historic overview cites suspected native quarry locations around Mount Toby; placed on Sunderland-side slope, wide margin given whole-hill vagueness.</description><styleUrl>#weak</styleUrl><Point><coordinates>-72.548000,42.497000,0</coordinates></Point></Placemark>
<Placemark><name>MHC recon: North Sunderland site near Whitmore Pond</name><description>Sunderland, MA
Accurate to ±2000 m — weak confidence
MHC Reconnaissance Survey Town Report: Sunderland (1982)

Single undated native site south of Whitmore Pond, North Sunderland; pond location approximate, WebSearch exhausted, margin widened.</description><styleUrl>#weak</styleUrl><Point><coordinates>-72.558000,42.503000,0</coordinates></Point></Placemark>
<Placemark><name>MHC recon: Sunderland floodplain wigwam settlement</name><description>Sunderland, MA
Accurate to ±1500 m — weak confidence — source-checked
MHC Reconnaissance Survey Town Report: Sunderland (1982)

Holland (1855) reports a &#x27;continuous settlement&#x27; of wigwams on the floodplain east of Sunderland village; placed E of village center.; [verified] Unfound: no source located describing this floodplain settlement&#x27;s position before search exhausted.</description><styleUrl>#weak</styleUrl><Point><coordinates>-72.562000,42.470000,0</coordinates></Point></Placemark>
<Placemark><name>MHC recon: Sibley Reservoir site</name><description>Sutton, MA
Accurate to ±1800 m — weak confidence
MHC Reconnaissance Survey Town Report: Sutton (1983)

Native sites reported near Sibley Reservoir in north Sutton; location approximate from geographic knowledge, margin widened.</description><styleUrl>#weak</styleUrl><Point><coordinates>-71.770000,42.172000,0</coordinates></Point></Placemark>
<Placemark><name>MHC recon: Singletary Pond site cluster</name><description>Sutton, MA
Accurate to ±1500 m — weak confidence — source-checked
MHC Reconnaissance Survey Town Report: Sutton (1983)

Native sites reported adjacent to Singletary Pond among Sutton&#x27;s waterway site locations.; [verified] Unfound: could not get precise Singletary Pond coords independent of Sutton town-center coordinate.</description><styleUrl>#weak</styleUrl><Point><coordinates>-71.749000,42.146000,0</coordinates></Point></Placemark>
<Placemark><name>MHC recon: western Sutton pond site cluster (Ramshorn/Stockwell/Stevens ponds)</name><description>Sutton, MA
Accurate to ±1800 m — weak confidence
MHC Reconnaissance Survey Town Report: Sutton (1983)

Sites reported adjacent to Ramshorn, Stockwell and Stevens ponds in western Sutton; exact pond positions approximate, WebSearch exhausted, margin widened.</description><styleUrl>#weak</styleUrl><Point><coordinates>-71.800000,42.148000,0</coordinates></Point></Placemark>
<Placemark><name>MHC recon: Phillip&#x27;s Point trail terminus</name><description>Swampscott, MA
Accurate to ±1500 m — weak confidence — source-checked
MHC Reconnaissance Survey Town Report: Swampscott (1985)

Conjectured inland native trail along Route 129 with an extension to Phillip&#x27;s Point.; [verified] Unfound: no source found giving precise Phillips Point coordinates before search budget ran out.</description><styleUrl>#weak</styleUrl><Point><coordinates>-70.883000,42.460000,0</coordinates></Point></Placemark>
<Placemark><name>MHC recon: Vinnin Hill trail route</name><description>Swampscott, MA
Accurate to ±900 m — weak confidence
MHC Reconnaissance Survey Town Report: Swampscott (1985)

Conjectured native route via Essex St/Paradise Rd going around Vinnin Hill.</description><styleUrl>#weak</styleUrl><Point><coordinates>-70.909000,42.489000,0</coordinates></Point></Placemark>
<Placemark><name>MHC recon: Case High School rockshelter (Abram&#x27;s shelter)</name><description>Swansea, MA
Accurate to ±1500 m — weak confidence — source-checked
MHC Reconnaissance Survey Town Report: Swansea (1982)

Rockshelter NE of Case High School used by Abram, a half-breed native, before and after King Philip&#x27;s War.; [verified] Unfound: could not locate Case High School Swansea or confirm rockshelter; search budget exhausted.</description><styleUrl>#weak</styleUrl><Point><coordinates>-71.186000,41.750000,0</coordinates></Point></Placemark>
<Placemark><name>MHC recon: Gardner&#x27;s Neck / Cole River site cluster (six sites)</name><description>Swansea, MA
Accurate to ±1500 m — weak confidence — source-checked
MHC Reconnaissance Survey Town Report: Swansea (1982)

Six unidentified native sites reported further north on Gardner&#x27;s Neck and the west bank of Cole River, beyond the already-mapped Gardner&#x27;s Neck burials.; [verified] Unfound: Swansea Wikipedia confirms Cole River but gives no coordinates for Gardner&#x27;s Neck.</description><styleUrl>#weak</styleUrl><Point><coordinates>-71.209000,41.721000,0</coordinates></Point></Placemark>
<Placemark><name>MHC recon: Margaret&#x27;s Rock / Devil&#x27;s Rock rockshelters</name><description>Swansea, MA
Accurate to ±1500 m — weak confidence — source-checked
MHC Reconnaissance Survey Town Report: Swansea (1982)

Historic rockshelters west of Heath Brook; one account claims a large native village nearby; brook location approximate, margin widened.; [verified] Unfound: could not confirm Heath Brook / rockshelter location; search budget exhausted.</description><styleUrl>#weak</styleUrl><Point><coordinates>-71.259000,41.776000,0</coordinates></Point></Placemark>
<Placemark><name>MHC recon: North Swansea vicinity sites</name><description>Swansea, MA
Accurate to ±1300 m — weak confidence
MHC Reconnaissance Survey Town Report: Swansea (1982)

Two unidentified native sites reported south of North Swansea village, possibly Contact period.</description><styleUrl>#weak</styleUrl><Point><coordinates>-71.207000,41.752000,0</coordinates></Point></Placemark>
<Placemark><name>MHC recon: grain preparation site, Swansea/Warren line</name><description>Swansea, MA
Accurate to ±1500 m — weak confidence — source-checked
MHC Reconnaissance Survey Town Report: Swansea (1982)

Reputed historic native grain preparation site at junction of the Swansea/Warren town line and Heath Brook; [verified] Unfound: Heath Brook / Swansea-Warren line location unconfirmed; search budget exhausted.</description><styleUrl>#weak</styleUrl><Point><coordinates>-71.266000,41.781000,0</coordinates></Point></Placemark>
<Placemark><name>MHC recon: native ford at Palmer River</name><description>Swansea, MA
Accurate to ±1200 m — weak confidence
MHC Reconnaissance Survey Town Report: Swansea (1982)

Major native ford likely at junction of the northern Swansea trail (Marvel/Cummings/Locust/Vinnicum/Old Fall River Rds) with the Palmer River; approximate, margin widened.</description><styleUrl>#weak</styleUrl><Point><coordinates>-71.243000,41.778000,0</coordinates></Point></Placemark>
<Placemark><name>MHC recon: Bearhole Pond complex sites</name><description>Taunton, MA
Accurate to ±1500 m — weak confidence — source-checked
MHC Reconnaissance Survey Town Report: Taunton (1981)

Three unidentified sites concentrated around the Bearhole Pond complex; pond location approximate, WebSearch exhausted, margin widened.; [verified] Unfound: WebSearch quota exhausted before this row was verified; margin widened per spec.</description><styleUrl>#weak</styleUrl><Point><coordinates>-71.098000,41.893000,0</coordinates></Point></Placemark>
<Placemark><name>MHC recon: East Taunton Falls native settlement</name><description>Taunton, MA
Accurate to ±1500 m — weak confidence — source-checked
MHC Reconnaissance Survey Town Report: Taunton (1981)

Falls at East Taunton reported as the site of a native settlement at the time of Taunton&#x27;s incorporation.; [verified] Unfound: East Taunton CDP centroid found (Wikipedia) but no source confirms falls/settlement there.</description><styleUrl>#weak</styleUrl><Point><coordinates>-71.032000,41.876000,0</coordinates></Point></Placemark>
<Placemark><name>MHC recon: Watson&#x27;s Pond / Lake Sabbatia site cluster</name><description>Taunton, MA
Accurate to ±1500 m — weak confidence
MHC Reconnaissance Survey Town Report: Taunton (1981)

Seven sites (five unidentified, two Archaic) clustered about Watson&#x27;s Pond and Lake Sabbatia; placed at Watson&#x27;s Pond, margin widened to cover both ponds.</description><styleUrl>#weak</styleUrl><Point><coordinates>-71.062000,41.951000,0</coordinates></Point></Placemark>
<Placemark><name>MHC recon: Weir Village fish weir and trail ford</name><description>Taunton, MA
Accurate to ±1500 m — weak confidence — source-checked
MHC Reconnaissance Survey Town Report: Taunton (1981)

Secondary native trail crossed the Taunton River at Weir Village, near the probable location of a Contact-period fish weir at the Mill/Taunton River junction.; [verified] Unfound: no source found confirming Weir Village fish-weir/ford location; search budget e</description><styleUrl>#weak</styleUrl><Point><coordinates>-71.093000,41.900000,0</coordinates></Point></Placemark>
<Placemark><name>MHC recon: Otter River / East Templeton pond site potential</name><description>Templeton, MA
Accurate to ±2500 m — weak confidence
MHC Reconnaissance Survey Town Report: Templeton (1984)

No confirmed Contact-period sites; report flags the Otter River and East Templeton, Greenwood, Partridgeville and Stone Bridge ponds as secondary site-potential areas; wide margin, positions approximate.</description><styleUrl>#weak</styleUrl><Point><coordinates>-72.080000,42.570000,0</coordinates></Point></Placemark>
<Placemark><name>MHC recon: Great Swamp periphery sites</name><description>Tewksbury, MA
Accurate to ±1500 m — weak confidence
MHC Reconnaissance Survey Town Report: Tewksbury (1980)

Sites reported on terraces overlooking Great Swamp in NE Tewksbury; approximate, margin widened.</description><styleUrl>#weak</styleUrl><Point><coordinates>-71.200000,42.640000,0</coordinates></Point></Placemark>
<Placemark><name>MHC recon: Heath Brook terrace sites</name><description>Tewksbury, MA
Accurate to ±1200 m — weak confidence
MHC Reconnaissance Survey Town Report: Tewksbury (1980)

Sites reported on well-drained terraces overlooking Heath Brook; brook location approximate from general knowledge, margin widened.</description><styleUrl>#weak</styleUrl><Point><coordinates>-71.190000,42.635000,0</coordinates></Point></Placemark>
<Placemark><name>MHC recon: Merrimack River floodplain sites</name><description>Tewksbury, MA
Accurate to ±1500 m — weak confidence
MHC Reconnaissance Survey Town Report: Tewksbury (1980)

Small native settlements probable along the Merrimack River in NE Tewksbury; approximate placement, margin widened.</description><styleUrl>#weak</styleUrl><Point><coordinates>-71.223000,42.646000,0</coordinates></Point></Placemark>
<Placemark><name>MHC recon: trail node, Tewksbury Center</name><description>Tewksbury, MA
Accurate to ±1200 m — weak confidence
MHC Reconnaissance Survey Town Report: Tewksbury (1980)

Conjectured branch trail circuiting Great Swamp from Wamesit to Tewksbury Center via Clark/Main/Old Boston Rds; placed at the Center.</description><styleUrl>#weak</styleUrl><Point><coordinates>-71.238000,42.610000,0</coordinates></Point></Placemark>
<Placemark><name>Ashappaquonsett (Tashmoo outlet fishing site)</name><description>Tisbury, MA
Accurate to ±1500 m — weak confidence — source-checked
MHC Reconnaissance Survey Town Report: Tisbury (1984)

Native place name for the outlet/creek of Tashmoo Lake, a popular fishing area.; [verified] Unfound: no independent source found for Ashappaquonsett / Tashmoo-outlet coordinates.</description><styleUrl>#weak</styleUrl><Point><coordinates>-70.607000,41.478000,0</coordinates></Point></Placemark>
<Placemark><name>MHC recon: Duarte Pond site potential</name><description>Tisbury, MA
Accurate to ±1500 m — weak confidence
MHC Reconnaissance Survey Town Report: Tisbury (1984)

Report flags interior Duarte Pond as likely to contain native sites; location approximate, WebSearch exhausted, margin widened.</description><styleUrl>#weak</styleUrl><Point><coordinates>-70.615000,41.435000,0</coordinates></Point></Placemark>
<Placemark><name>MHC recon: Lake Tashmoo village site potential</name><description>Tisbury, MA
Accurate to ±1500 m — weak confidence — source-checked
MHC Reconnaissance Survey Town Report: Tisbury (1984)

Report indicates potential Contact-period village sites in the Lake Tashmoo area.; [verified] Unfound: Lake Tashmoo Wikipedia page unfetchable; no coordinate source confirmed.</description><styleUrl>#weak</styleUrl><Point><coordinates>-70.605000,41.470000,0</coordinates></Point></Placemark>
<Placemark><name>MHC recon: Machequeset swamp site</name><description>Tisbury, MA
Accurate to ±1500 m — weak confidence — source-checked
MHC Reconnaissance Survey Town Report: Tisbury (1984)

Native place name Machequeset applied to the swamp east of Tashmoo, indicating native use of the area.; [verified] Unfound: no independent source found for Machequeset swamp coordinates.</description><styleUrl>#weak</styleUrl><Point><coordinates>-70.598000,41.468000,0</coordinates></Point></Placemark>
<Placemark><name>Uquiessah (Little Neck)</name><description>Tisbury, MA
Accurate to ±1200 m — weak confidence
MHC Reconnaissance Survey Town Report: Tisbury (1984)

Native place name Uquiessah applied to the Little Neck area; location approximate, margin widened.</description><styleUrl>#weak</styleUrl><Point><coordinates>-70.590000,41.450000,0</coordinates></Point></Placemark>
<Placemark><name>MHC recon: Hall Pond / Chestnut Hill trail node</name><description>Tolland, MA
Accurate to ±1500 m — weak confidence
MHC Reconnaissance Survey Town Report: Tolland (1982)

Conjectured N-S trail along Amos Case Rd by Hall Pond and Chestnut Hill.</description><styleUrl>#weak</styleUrl><Point><coordinates>-73.090000,42.140000,0</coordinates></Point></Placemark>
<Placemark><name>MHC recon: Noyes Pond site</name><description>Tolland, MA
Accurate to ±1500 m — weak confidence — source-checked
MHC Reconnaissance Survey Town Report: Tolland (1982)

Report suspects native hunting/fishing camp sites at Noyes Pond.; [verified] Unfound: Noyes Pond, Tolland not checked before WebSearch budget was exhausted.</description><styleUrl>#weak</styleUrl><Point><coordinates>-73.070000,42.175000,0</coordinates></Point></Placemark>
<Placemark><name>MHC recon: Southeast Bay site</name><description>Tolland, MA
Accurate to ±1500 m — weak confidence
MHC Reconnaissance Survey Town Report: Tolland (1982)

Native hunting/fishing camps probable adjacent to Southeast Bay; location approximate, WebSearch exhausted, margin widened.</description><styleUrl>#weak</styleUrl><Point><coordinates>-73.075000,42.145000,0</coordinates></Point></Placemark>
<Placemark><name>MHC recon: western boundary rockshelter (Plantation period)</name><description>Tolland, MA
Accurate to ±2000 m — weak confidence
MHC Reconnaissance Survey Town Report: Tolland (1982)

Probable Plantation-period rockshelter reported adjacent to Tolland&#x27;s western boundary; vague location, wide margin.</description><styleUrl>#weak</styleUrl><Point><coordinates>-73.100000,42.155000,0</coordinates></Point></Placemark>
<Placemark><name>MHC recon: Ipswich River native site potential</name><description>Topsfield, MA
Accurate to ±2000 m — weak confidence
MHC Reconnaissance Survey Town Report: Topsfield (1985)

Report: well-drained land along Ipswich River/wetlands cited as likely site locations, none verified. WebSearch quota exhausted; geocoded from geographic knowledge, error margin widened.</description><styleUrl>#weak</styleUrl><Point><coordinates>-70.943000,42.636000,0</coordinates></Point></Placemark>
<Placemark><name>MHC recon: Rt 97/Rowley St/Salem Rd inland trail</name><description>Topsfield, MA
Accurate to ±2200 m — weak confidence
MHC Reconnaissance Survey Town Report: Topsfield (1985)

Report: conjectured inland Native trail in Rt. 97, Rowley Street, Salem Road area. WebSearch quota exhausted; geocoded from geographic knowledge, error margin widened.</description><styleUrl>#weak</styleUrl><Point><coordinates>-70.928000,42.647000,0</coordinates></Point></Placemark>
<Placemark><name>MHC recon: Vinton Pond site</name><description>Townsend, MA
Accurate to ±1200 m — weak confidence
MHC Reconnaissance Survey Town Report: Townsend (1984)

Report: possible native sites at Vinton Pond, SW Townsend; trail conjectured to pass the pond. WebSearch quota exhausted; geocoded from geographic knowledge, error margin widened.</description><styleUrl>#weak</styleUrl><Point><coordinates>-71.748000,42.651000,0</coordinates></Point></Placemark>
<Placemark><name>MHC recon: West Townsend Squannacook River crossing</name><description>Townsend, MA
Accurate to ±1500 m — weak confidence
MHC Reconnaissance Survey Town Report: Townsend (1984)

Report: conjectured east/west native trail crossed Squannacook River at West Townsend. WebSearch quota exhausted; geocoded from geographic knowledge, error margin widened.</description><styleUrl>#weak</styleUrl><Point><coordinates>-71.753000,42.681000,0</coordinates></Point></Placemark>
<Placemark><name>MHC recon: Pamet River 1620 corn fields and graves</name><description>Truro, MA
Accurate to ±1200 m — weak confidence
MHC Reconnaissance Survey Town Report: Truro (1984)

Report: 1620 Mayflower exploration found cleared corn fields, graves and cornstalks in Pamet River area. WebSearch quota exhausted; geocoded from geographic knowledge, error margin widened.</description><styleUrl>#weak</styleUrl><Point><coordinates>-70.083000,42.008000,0</coordinates></Point></Placemark>
<Placemark><name>MHC recon: Frost Road Merrimack east-side site</name><description>Tyngsborough, MA
Accurate to ±2000 m — weak confidence
MHC Reconnaissance Survey Town Report: Tyngsborough (1980)

Report: probable Contact-period occupation on east side of Merrimack River near Frost Road. WebSearch quota exhausted; geocoded from geographic knowledge, error margin widened.</description><styleUrl>#weak</styleUrl><Point><coordinates>-71.307000,42.657000,0</coordinates></Point></Placemark>
<Placemark><name>MHC recon: Massapoag Pond terrace sites</name><description>Tyngsborough, MA
Accurate to ±2200 m — weak confidence
MHC Reconnaissance Survey Town Report: Tyngsborough (1980)

Report: probable native sites along valley and former terraces of Massapoag Pond, western Tyngsborough. WebSearch quota exhausted; geocoded from geographic knowledge, error margin widened.</description><styleUrl>#weak</styleUrl><Point><coordinates>-71.365000,42.685000,0</coordinates></Point></Placemark>
<Placemark><name>Wamesit Praying Village (Tyng&#x27;s Island)</name><description>Tyngsborough, MA
Accurate to ±1500 m — weak confidence — source-checked
MHC Reconnaissance Survey Town Report: Tyngsborough (1980)

Report: remains of Wamesit Indian Praying village; population relocated to Tyng&#x27;s (Wiscasuck) Island 1676-86. WebSearch quota exhausted; geocoded from geographic knowledge, error margin widened.; [verified] Unfound: Wamesit/Tyngsborough Wikipedia confirm reloc</description><styleUrl>#weak</styleUrl><Point><coordinates>-71.329000,42.681000,0</coordinates></Point></Placemark>
<Placemark><name>MHC recon: Pratt Pond site</name><description>Upton, MA
Accurate to ±1500 m — weak confidence
MHC Reconnaissance Survey Town Report: Upton (1983)

Report: possible native sites at Pratt Pond, used for fishing and agriculture. WebSearch quota exhausted; geocoded from geographic knowledge, error margin widened.</description><styleUrl>#weak</styleUrl><Point><coordinates>-71.590000,42.183000,0</coordinates></Point></Placemark>
<Placemark><name>MHC recon: Taft Pond site</name><description>Upton, MA
Accurate to ±1500 m — weak confidence
MHC Reconnaissance Survey Town Report: Upton (1983)

Report: Taft Pond in south Upton provided sites for fishing and agriculture. WebSearch quota exhausted; geocoded from geographic knowledge, error margin widened.</description><styleUrl>#weak</styleUrl><Point><coordinates>-71.605000,42.150000,0</coordinates></Point></Placemark>
<Placemark><name>MHC recon: Warren and Center Brooks site cluster</name><description>Upton, MA
Accurate to ±1800 m — weak confidence
MHC Reconnaissance Survey Town Report: Upton (1983)

Report: Warren and Center Brooks in east Upton used more intensively for fishing/agriculture. WebSearch quota exhausted; geocoded from geographic knowledge, error margin widened.</description><styleUrl>#weak</styleUrl><Point><coordinates>-71.578000,42.186000,0</coordinates></Point></Placemark>
<Placemark><name>MHC recon: Cedar Swamp north sites</name><description>Uxbridge, MA
Accurate to ±1800 m — weak confidence
MHC Reconnaissance Survey Town Report: Uxbridge (1984)

Report: expected native sites in area north of Cedar Swamp. WebSearch quota exhausted; geocoded from geographic knowledge, error margin widened.</description><styleUrl>#weak</styleUrl><Point><coordinates>-71.640000,42.090000,0</coordinates></Point></Placemark>
<Placemark><name>MHC recon: Lackey Pond shoreline sites</name><description>Uxbridge, MA
Accurate to ±1500 m — weak confidence
MHC Reconnaissance Survey Town Report: Uxbridge (1984)

Report: expected native sites along shores of Lackey Pond. WebSearch quota exhausted; geocoded from geographic knowledge, error margin widened.</description><styleUrl>#weak</styleUrl><Point><coordinates>-71.610000,42.050000,0</coordinates></Point></Placemark>
<Placemark><name>Waentuck (Nipmuck village)</name><description>Uxbridge, MA
Accurate to ±1500 m — weak confidence — source-checked
MHC Reconnaissance Survey Town Report: Uxbridge (1984)

Report: Nipmuck village Waentuck near confluence of Blackstone and Mumford Rivers, regional base camp. WebSearch quota exhausted; geocoded from geographic knowledge, error margin widened.; [verified] Unfound: Uxbridge Wikipedia gives only town-center coords; n</description><styleUrl>#weak</styleUrl><Point><coordinates>-71.628000,42.075000,0</coordinates></Point></Placemark>
<Placemark><name>MHC recon: Crystal Lake site cluster</name><description>Wakefield, MA
Accurate to ±900 m — weak confidence — source-checked
MHC Reconnaissance Survey Town Report: Wakefield (1980)

Report: additional native sites reported near Crystal Lake. WebSearch quota exhausted; geocoded from geographic knowledge, error margin widened.; [verified] Topozone/Topoquest: Crystal Lake ctr 42.49182,-71.07351 (~1.1km off); corrected to lake.</description><styleUrl>#weak</styleUrl><Point><coordinates>-71.073510,42.491820,0</coordinates></Point></Placemark>
<Placemark><name>MHC recon: SE Wakefield rockshelters</name><description>Wakefield, MA
Accurate to ±2200 m — weak confidence
MHC Reconnaissance Survey Town Report: Wakefield (1980)

Report: some rockshelters reported in southeastern part of town (broad quadrant statement). WebSearch quota exhausted; geocoded from geographic knowledge, error margin widened.</description><styleUrl>#weak</styleUrl><Point><coordinates>-71.058000,42.492000,0</coordinates></Point></Placemark>
<Placemark><name>MHC recon: Vinica Pond trail node (Longmeadow Path)</name><description>Wales, MA
Accurate to ±2200 m — weak confidence
MHC Reconnaissance Survey Town Report: Wales (1982)

Report: conjectured Longmeadow Path trail ran via Vinica Pond toward Lake George. WebSearch quota exhausted; geocoded from geographic knowledge, error margin widened.</description><styleUrl>#weak</styleUrl><Point><coordinates>-72.180000,42.050000,0</coordinates></Point></Placemark>
<Placemark><name>MHC recon: Old Post Road (Neponset-Wollomonopoag Trail)</name><description>Walpole, MA
Accurate to ±2000 m — weak confidence
MHC Reconnaissance Survey Town Report: Walpole (1980)

Report: documented trail Dedham to Sharon via Old Post Road through East Walpole/Walpole Heights. WebSearch quota exhausted; geocoded from geographic knowledge, error margin widened.</description><styleUrl>#weak</styleUrl><Point><coordinates>-71.228000,42.160000,0</coordinates></Point></Placemark>
<Placemark><name>MHC recon: &quot;Indian Stockade&quot; site (West Street)</name><description>Waltham, MA
Accurate to ±1500 m — weak confidence — source-checked
MHC Reconnaissance Survey Town Report: Waltham (1980)

Report: reputed &quot;Indian Stockade&quot; off West Street south of Cambridge Reservoir. WebSearch quota exhausted; geocoded from geographic knowledge, error margin widened.; [verified] No source confirms a specific &#x27;Indian Stockade&#x27; off West St; widened margin.</description><styleUrl>#weak</styleUrl><Point><coordinates>-71.240000,42.388000,0</coordinates></Point></Placemark>
<Placemark><name>MHC recon: Hardy&#x27;s Pond / Beaver Brook site cluster</name><description>Waltham, MA
Accurate to ±1500 m — weak confidence
MHC Reconnaissance Survey Town Report: Waltham (1980)

Report: sites likely along Beaver Brook confluence and around Hardy&#x27;s Pond. WebSearch quota exhausted; geocoded from geographic knowledge, error margin widened.</description><styleUrl>#weak</styleUrl><Point><coordinates>-71.246000,42.401000,0</coordinates></Point></Placemark>
<Placemark><name>MHC recon: Quabbin Hill/Little Quabbin hunting camps</name><description>Ware, MA
Accurate to ±2000 m — weak confidence
MHC Reconnaissance Survey Town Report: Ware (1982)

Seasonal hunting camps probable on Quabbin Hill/Little Quabbin uplands; approx, WebSearch unavailable</description><styleUrl>#weak</styleUrl><Point><coordinates>-72.290000,42.290000,0</coordinates></Point></Placemark>
<Placemark><name>MHC recon: Swift River intervale sites (inundated by Quabbin Reservoir)</name><description>Ware, MA
Accurate to ±2500 m — weak confidence
MHC Reconnaissance Survey Town Report: Ware (1982)

Native sites on Swift River intervales inundated by Quabbin Reservoir; approx, WebSearch unavailable</description><styleUrl>#weak</styleUrl><Point><coordinates>-72.310000,42.320000,0</coordinates></Point></Placemark>
<Placemark><name>MHC recon: Ware River falls fishing camp (East Main St bridge)</name><description>Ware, MA
Accurate to ±1500 m — weak confidence — source-checked
MHC Reconnaissance Survey Town Report: Ware (1982)

Quabaug natives traveled Bay Path to Ware River falls near East Main St bridge for spring fishing camps; [verified] Could not confirm exact Ware R. falls/East Main St bridge site; widened margin.</description><styleUrl>#weak</styleUrl><Point><coordinates>-72.238000,42.298000,0</coordinates></Point></Placemark>
<Placemark><name>MHC recon: Cromesett Neck contact-period site</name><description>Wareham, MA
Accurate to ±1200 m — weak confidence
MHC Reconnaissance Survey Town Report: Wareham (1981)

Possible surviving contact-period sites on minimally developed Cromset Neck</description><styleUrl>#weak</styleUrl><Point><coordinates>-70.717000,41.735000,0</coordinates></Point></Placemark>
<Placemark><name>MHC recon: Great Neck contact-period site</name><description>Wareham, MA
Accurate to ±1800 m — weak confidence
MHC Reconnaissance Survey Town Report: Wareham (1981)

Possible surviving contact-period sites on minimally developed Great Neck; approx, WebSearch unavailable</description><styleUrl>#weak</styleUrl><Point><coordinates>-70.680000,41.750000,0</coordinates></Point></Placemark>
<Placemark><name>MHC recon: Indian Neck contact-period site</name><description>Wareham, MA
Accurate to ±1200 m — weak confidence
MHC Reconnaissance Survey Town Report: Wareham (1981)

Possible surviving contact-period sites on minimally developed Indian Neck</description><styleUrl>#weak</styleUrl><Point><coordinates>-70.735000,41.760000,0</coordinates></Point></Placemark>
<Placemark><name>MHC recon: Weweantic River fishing/hunting camps</name><description>Wareham, MA
Accurate to ±1500 m — weak confidence
MHC Reconnaissance Survey Town Report: Wareham (1981)

High probability of native fishing/hunting/collecting camps along Weweantic River shore</description><styleUrl>#weak</styleUrl><Point><coordinates>-70.741000,41.732000,0</coordinates></Point></Placemark>
<Placemark><name>MHC recon: Naultaug Brook artifact site</name><description>Warren, MA
Accurate to ±1500 m — weak confidence — source-checked
MHC Reconnaissance Survey Town Report: Warren (1984)

Naultaug Brook rich collector&#x27;s area yielding Early/Late Archaic and Late Woodland artifacts; [verified] Brook confirmed but exact &#x27;collector&#x27;s area&#x27; site not locatable; widened margin.</description><styleUrl>#weak</styleUrl><Point><coordinates>-72.160000,42.220000,0</coordinates></Point></Placemark>
<Placemark><name>MHC recon: Quaboag Falls fishing site</name><description>Warren, MA
Accurate to ±1500 m — weak confidence — source-checked
MHC Reconnaissance Survey Town Report: Warren (1984)

Quaboag River falls in Warren focus of seasonal fishing; documented native sites in E part of town nearby; [verified] Search found West Warren village (~4km off), not Quaboag Falls specifically</description><styleUrl>#weak</styleUrl><Point><coordinates>-72.191000,42.213000,0</coordinates></Point></Placemark>
<Placemark><name>MHC recon: Tufts/Sullivan/Cheney/O&#x27;Neil brook site cluster</name><description>Warren, MA
Accurate to ±2000 m — weak confidence
MHC Reconnaissance Survey Town Report: Warren (1984)

Tufts, Sullivan, Cheney and O&#x27;Neil brooks and Quaboag River listed as probable period-site locations townwide</description><styleUrl>#weak</styleUrl><Point><coordinates>-72.195000,42.207000,0</coordinates></Point></Placemark>
<Placemark><name>MHC recon: Hastings Pond hill site</name><description>Warwick, MA
Accurate to ±1000 m — weak confidence — source-checked
MHC Reconnaissance Survey Town Report: Warwick (1982)

Fill/hill overlooking Hastings Pond flagged as probable period site and surviving-evidence area; [verified] Census geocode: Hastings Pond Rd 42.679859,-72.338004 (~2.2km from existing); corrected.</description><styleUrl>#weak</styleUrl><Point><coordinates>-72.338004,42.679859,0</coordinates></Point></Placemark>
<Placemark><name>MHC recon: Warwick village vicinity site</name><description>Warwick, MA
Accurate to ±1500 m — weak confidence
MHC Reconnaissance Survey Town Report: Warwick (1982)

Period sites probably focused on level land in vicinity of Warwick village</description><styleUrl>#weak</styleUrl><Point><coordinates>-72.334500,42.669800,0</coordinates></Point></Placemark>
<Placemark><name>MHC recon: hill SE of Richard&#x27;s Reservoir</name><description>Warwick, MA
Accurate to ±2500 m — weak confidence
MHC Reconnaissance Survey Town Report: Warwick (1982)

Hill immediately SE of Richard&#x27;s Reservoir noted as probable site; reservoir location uncertain, no WebSearch</description><styleUrl>#weak</styleUrl><Point><coordinates>-72.330000,42.660000,0</coordinates></Point></Placemark>
<Placemark><name>MHC recon: lowlands south of Moore&#x27;s Pond</name><description>Warwick, MA
Accurate to ±1500 m — weak confidence
MHC Reconnaissance Survey Town Report: Warwick (1982)

Mixture of dry/marshy lowlands south of Moore&#x27;s Pond flagged as probable site and surviving-evidence area</description><styleUrl>#weak</styleUrl><Point><coordinates>-72.310000,42.700000,0</coordinates></Point></Placemark>
<Placemark><name>MHC recon: Sawins Pond site</name><description>Watertown, MA
Accurate to ±1200 m — weak confidence
MHC Reconnaissance Survey Town Report: Watertown (1980)

Unspecific native sites reported near Sawins Pond; exact pond location uncertain, WebSearch unavailable</description><styleUrl>#weak</styleUrl><Point><coordinates>-71.190000,42.372000,0</coordinates></Point></Placemark>
<Placemark><name>MHC recon: Sudbury River ford at Pelham Island Road</name><description>Wayland, MA
Accurate to ±1500 m — weak confidence — source-checked
MHC Reconnaissance Survey Town Report: Wayland (1980)

Documented (Robinson 1976) secondary Sudbury River crossing at Pelham Island Rd; [verified] Only road&#x27;s near-end geocoded; exact river-crossing point unconfirmed; widened margin.</description><styleUrl>#weak</styleUrl><Point><coordinates>-71.360000,42.348000,0</coordinates></Point></Placemark>
<Placemark><name>Chaubunagungamaug Praying Indian Town</name><description>Webster, MA
Accurate to ±2000 m — weak confidence — source-checked
MHC Reconnaissance Survey Town Report: Webster (1983)

Praying town w/ 5-mi-sq Nipmuck reservation (1681) W of Lake Chaubunagungamaug; 9 families, 45 people; [verified] Lake ctr 42.04167,-71.84167 is E of existing pt, contradicting &#x27;W of lake&#x27; basis.</description><styleUrl>#weak</styleUrl><Point><coordinates>-71.815000,42.040000,0</coordinates></Point></Placemark>
<Placemark><name>MHC recon: Freeman&#x27;s Brook trail junction</name><description>Webster, MA
Accurate to ±1500 m — weak confidence — source-checked
MHC Reconnaissance Survey Town Report: Webster (1983)

Trail from west to lake via Freeman&#x27;s Brook, now Perryville Rd-Ash St-abandoned road; [verified] Could not confirm precise Freeman&#x27;s Brook trail-junction location; widened margin.</description><styleUrl>#weak</styleUrl><Point><coordinates>-71.845000,42.055000,0</coordinates></Point></Placemark>
<Placemark><name>MHC recon: Lake Chaubunagungamaug site potential</name><description>Webster, MA
Accurate to ±1500 m — weak confidence
MHC Reconnaissance Survey Town Report: Webster (1983)

Large lake indicates high potential for Contact-period sites though none confirmed except by rumor</description><styleUrl>#weak</styleUrl><Point><coordinates>-71.805000,42.057000,0</coordinates></Point></Placemark>
<Placemark><name>MHC recon: trail network E of Lake Chaubunagungamaug</name><description>Webster, MA
Accurate to ±2500 m — weak confidence
MHC Reconnaissance Survey Town Report: Webster (1983)

N-S/E trails documented via Old Oxford Rd-Worcester Rd-Thompson Rd and Gore Rd toward Wallum Lake</description><styleUrl>#weak</styleUrl><Point><coordinates>-71.815000,42.052000,0</coordinates></Point></Placemark>
<Placemark><name>Lake Waban (native site)</name><description>Wellesley, MA
Accurate to ±1500 m — weak confidence — source-checked
MHC Reconnaissance Survey Town Report: Wellesley (1980)

Native site on trail (Fiske 1917); later mid-17c mill and mixed native/negro colony on S shore; [verified] No coordinate source found for Lake Waban site itself; widened margin.</description><styleUrl>#weak</styleUrl><Point><coordinates>-71.305000,42.295000,0</coordinates></Point></Placemark>
<Placemark><name>MHC recon: Glen Road creek site</name><description>Wellesley, MA
Accurate to ±1500 m — weak confidence — source-checked
MHC Reconnaissance Survey Town Report: Wellesley (1980)

Native sites reported along creek between Glen Road and Charles River (Fiske 1917); [verified] Glen Rd address ~4.7km off, likely different segment; could not confirm; widened.</description><styleUrl>#weak</styleUrl><Point><coordinates>-71.277000,42.281000,0</coordinates></Point></Placemark>
<Placemark><name>MHC recon: Lower Falls wading place ford</name><description>Wellesley, MA
Accurate to ±1500 m — weak confidence — source-checked
MHC Reconnaissance Survey Town Report: Wellesley (1980)

Documented (Fiske 1917) &#x27;Wading place&#x27; ford of Charles River at Lower Falls on Newton-Natick trail; [verified] Could not pin exact Lower Falls ford; only distant street-address proxies found.</description><styleUrl>#weak</styleUrl><Point><coordinates>-71.253000,42.323000,0</coordinates></Point></Placemark>
<Placemark><name>Maugus Hill (native site)</name><description>Wellesley, MA
Accurate to ±1500 m — weak confidence — source-checked
MHC Reconnaissance Survey Town Report: Wellesley (1980)

Native site named by Fiske (1917) along trail from Lower Falls toward Lake Waban; [verified] trailsnh.com blocked by robots.txt; no coordinate confirmed for Maugus Hill.</description><styleUrl>#weak</styleUrl><Point><coordinates>-71.278000,42.315000,0</coordinates></Point></Placemark>
<Placemark><name>Punonakanit (native town/reservation)</name><description>Wellfleet, MA
Accurate to ±2500 m — weak confidence
MHC Reconnaissance Survey Town Report: Wellfleet (1984)

Native settlement/reservation &#x27;Punonakanit&#x27; present in Wellfleet area after 1674; precise location uncertain</description><styleUrl>#weak</styleUrl><Point><coordinates>-70.040000,41.941000,0</coordinates></Point></Placemark>
<Placemark><name>MHC recon: Depot Road upland hunting camp</name><description>Wendell, MA
Accurate to ±1200 m — weak confidence
MHC Reconnaissance Survey Town Report: Wendell (1982)

Encampments probable on central upland range that Depot Road is situated on</description><styleUrl>#weak</styleUrl><Point><coordinates>-72.408000,42.567000,0</coordinates></Point></Placemark>
<Placemark><name>MHC recon: Wickett Pond fishing/hunting camp</name><description>Wendell, MA
Accurate to ±700 m — weak confidence — source-checked
MHC Reconnaissance Survey Town Report: Wendell (1982)

Small seasonal fishing/hunting encampments probable in vicinity of Wickett Pond; [verified] Topozone: Wickett Pond 42.551511,-72.431248 (~3.2km from existing); corrected to pond.</description><styleUrl>#weak</styleUrl><Point><coordinates>-72.431248,42.551511,0</coordinates></Point></Placemark>
<Placemark><name>MHC recon: area south of Fiske Pond camp</name><description>Wendell, MA
Accurate to ±1500 m — weak confidence — source-checked
MHC Reconnaissance Survey Town Report: Wendell (1982)

Encampments probable on level area south of Fiske Pond; [verified] No coordinate source found for Fiske Pond; widened margin.</description><styleUrl>#weak</styleUrl><Point><coordinates>-72.405000,42.543000,0</coordinates></Point></Placemark>
<Placemark><name>MHC recon: Main Street(Rte 1A)/Arbor Street trail node</name><description>Wenham, MA
Accurate to ±900 m — weak confidence
MHC Reconnaissance Survey Town Report: Wenham (1986)

Report: conjectured trail along Main St(1A)/Arbor St area linking Salem to Ipswich/Topsfield. (WebSearch quota exhausted; geocoded from geographic knowledge, margin widened)</description><styleUrl>#weak</styleUrl><Point><coordinates>-70.879000,42.601000,0</coordinates></Point></Placemark>
<Placemark><name>MHC recon: Wenham Lake site area</name><description>Wenham, MA
Accurate to ±1200 m — weak confidence
MHC Reconnaissance Survey Town Report: Wenham (1986)

Report: Wenham Lake important inland wetland, may have been a good settlement area. (WebSearch quota exhausted; geocoded from geographic knowledge, margin widened)</description><styleUrl>#weak</styleUrl><Point><coordinates>-70.870000,42.598000,0</coordinates></Point></Placemark>
<Placemark><name>MHC recon: Wenham Swamp site area</name><description>Wenham, MA
Accurate to ±1500 m — weak confidence
MHC Reconnaissance Survey Town Report: Wenham (1986)

Report: Wenham Swamp a regionally important wetland, likely good site location for habitation/fishing/middens/burials. (WebSearch quota exhausted; geocoded from geographic knowledge, margin widened)</description><styleUrl>#weak</styleUrl><Point><coordinates>-70.885000,42.586000,0</coordinates></Point></Placemark>
<Placemark><name>MHC recon: Nashaway permanent camp area (north)</name><description>West Boylston, MA
Accurate to ±2200 m — weak confidence
MHC Reconnaissance Survey Town Report: West Boylston (1983)

Report: Nipmuck/Nashaway group had a permanent camp to the north, seasonally exploiting this area. (WebSearch quota exhausted; geocoded from geographic knowledge, margin widened)</description><styleUrl>#weak</styleUrl><Point><coordinates>-71.775000,42.405000,0</coordinates></Point></Placemark>
<Placemark><name>MHC recon: Nashua River site near Pierce/Hartwell/Shrewsbury St</name><description>West Boylston, MA
Accurate to ±1400 m — weak confidence
MHC Reconnaissance Survey Town Report: West Boylston (1983)

Report: probable settlement continues near known Woodland site on Nashua River between these streets. (WebSearch quota exhausted; geocoded from geographic knowledge, margin widened)</description><styleUrl>#weak</styleUrl><Point><coordinates>-71.788000,42.366000,0</coordinates></Point></Placemark>
<Placemark><name>MHC recon: Stillwater-Quinapoxet-Nashua confluence site</name><description>West Boylston, MA
Accurate to ±1600 m — weak confidence
MHC Reconnaissance Survey Town Report: West Boylston (1983)

Report: sites likely on terrace at rivers&#x27; confluence, now flooded by Wachusett Reservoir. (WebSearch quota exhausted; geocoded from geographic knowledge, margin widened)</description><styleUrl>#weak</styleUrl><Point><coordinates>-71.774000,42.386000,0</coordinates></Point></Placemark>
<Placemark><name>MHC recon: Coweeset Brook site</name><description>West Bridgewater, MA
Accurate to ±1200 m — weak confidence
MHC Reconnaissance Survey Town Report: West Bridgewater (1981)

Report: unidentified native site adjacent to Coweeset Brook. (WebSearch quota exhausted; geocoded from geographic knowledge, margin widened)</description><styleUrl>#weak</styleUrl><Point><coordinates>-70.986000,42.024000,0</coordinates></Point></Placemark>
<Placemark><name>MHC recon: Hockomock River village site</name><description>West Bridgewater, MA
Accurate to ±3000 m — weak confidence — source-checked
MHC Reconnaissance Survey Town Report: West Bridgewater (1981)

Report: unidentified site on the Hockomock River &#x27;appeared to be a large village&#x27;. (WebSearch quota exhausted; geocoded from geographic knowledge, margin widened); [verified] USGS gauge puts river ~5.5km away (42.011,-71.058); unidentified site not located, wi</description><styleUrl>#weak</styleUrl><Point><coordinates>-71.008000,41.978000,0</coordinates></Point></Placemark>
<Placemark><name>MHC recon: King Philip&#x27;s War stockade site, Forest St/Town River</name><description>West Bridgewater, MA
Accurate to ±1500 m — weak confidence — source-checked
MHC Reconnaissance Survey Town Report: West Bridgewater (1981)

Report: wooden stockade built on south side of Town River adjacent to Forest St just before King Philip&#x27;s War. (WebSearch quota exhausted; geocoded from geographic knowledge, margin widened); [verified] West Bridgewater wiki confirms Town River in south of tow</description><styleUrl>#weak</styleUrl><Point><coordinates>-70.995000,42.018000,0</coordinates></Point></Placemark>
<Placemark><name>MHC recon: Town River site near Bennett&#x27;s Corner</name><description>West Bridgewater, MA
Accurate to ±1000 m — weak confidence
MHC Reconnaissance Survey Town Report: West Bridgewater (1981)

Report: additional contact-period sites likely along Town River S of Bennett&#x27;s Corner (planting grounds, fish, transport). (WebSearch quota exhausted; geocoded from geographic knowledge, margin widened)</description><styleUrl>#weak</styleUrl><Point><coordinates>-70.976000,42.006000,0</coordinates></Point></Placemark>
<Placemark><name>MHC recon: Quaboag River corridor trail, Foster Hill Rd-Main St-Old Warren Rd</name><description>West Brookfield, MA
Accurate to ±1800 m — weak confidence
MHC Reconnaissance Survey Town Report: West Brookfield (1984)

Report: main east-west trail along Quaboag River corridor on these roads. (WebSearch quota exhausted; geocoded from geographic knowledge, margin widened)</description><styleUrl>#weak</styleUrl><Point><coordinates>-72.147000,42.238000,0</coordinates></Point></Placemark>
<Placemark><name>MHC recon: Western trail to Ware River Valley, Coy Hill Rd</name><description>West Brookfield, MA
Accurate to ±1800 m — weak confidence
MHC Reconnaissance Survey Town Report: West Brookfield (1984)

Report: conjectured western trail over highlands to Ware River Valley via Coy Hill Road. (WebSearch quota exhausted; geocoded from geographic knowledge, margin widened)</description><styleUrl>#weak</styleUrl><Point><coordinates>-72.205000,42.255000,0</coordinates></Point></Placemark>
<Placemark><name>MHC recon: Ashcanunsuck peninsula village site</name><description>West Springfield, MA
Accurate to ±1500 m — weak confidence — source-checked
MHC Reconnaissance Survey Town Report: West Springfield (1982)

Report: peninsula bordering Westfield River in SE town (&#x27;Ashcanunsuck&#x27;), site of a large Woodland-period village. (WebSearch quota exhausted; geocoded from geographic knowledge, margin widened); [verified] No source located naming Ashcanunsuck or the peninsula</description><styleUrl>#weak</styleUrl><Point><coordinates>-72.641000,42.104000,0</coordinates></Point></Placemark>
<Placemark><name>MHC recon: Mitteneague (Agawam) Falls site</name><description>West Springfield, MA
Accurate to ±1500 m — weak confidence — source-checked
MHC Reconnaissance Survey Town Report: West Springfield (1982)

Report: Mitteneague (Agawam) Falls named as a particularly likely native settlement location. (WebSearch quota exhausted; geocoded from geographic knowledge, margin widened); [verified] Wikipedia confirms Mittineague neighborhood on Westfield R in S. West Spri</description><styleUrl>#weak</styleUrl><Point><coordinates>-72.653000,42.115000,0</coordinates></Point></Placemark>
<Placemark><name>MHC recon: Park Street peninsula site</name><description>West Springfield, MA
Accurate to ±1500 m — weak confidence — source-checked
MHC Reconnaissance Survey Town Report: West Springfield (1982)

Report: peninsula extending from Park Street to the Westfield River named as a likely settlement location. (WebSearch quota exhausted; geocoded from geographic knowledge, margin widened); [verified] Park St confirmed as real West Springfield street (downtown),</description><styleUrl>#weak</styleUrl><Point><coordinates>-72.646000,42.106000,0</coordinates></Point></Placemark>
<Placemark><name>MHC recon: Riverdale/Chicopee Plains site</name><description>West Springfield, MA
Accurate to ±1000 m — weak confidence
MHC Reconnaissance Survey Town Report: West Springfield (1982)

Report: native sites suspected on Chicopee Plains at Riverdale along the Connecticut River floodplain. (WebSearch quota exhausted; geocoded from geographic knowledge, margin widened)</description><styleUrl>#weak</styleUrl><Point><coordinates>-72.600000,42.147000,0</coordinates></Point></Placemark>
<Placemark><name>MHC recon: North-shore coastal trail node (Lambert&#x27;s Cove)</name><description>West Tisbury, MA
Accurate to ±2000 m — weak confidence
MHC Reconnaissance Survey Town Report: West Tisbury (1984)

Report: trail paralleled the Vineyard Sound coastline connecting Tisbury/Oak Bluffs villages with Chilmark/Gay Head. (WebSearch quota exhausted; geocoded from geographic knowledge, margin widened)</description><styleUrl>#weak</styleUrl><Point><coordinates>-70.685000,41.401000,0</coordinates></Point></Placemark>
<Placemark><name>MHC recon: Southern coastal trail, north of Tisbury Great Pond</name><description>West Tisbury, MA
Accurate to ±1800 m — weak confidence
MHC Reconnaissance Survey Town Report: West Tisbury (1984)

Report: southern trail ran E/W north of Tisbury Great Pond, linking Edgartown/Chappaquiddick to Chilmark&#x27;s South Road trail. (WebSearch quota exhausted; geocoded from geographic knowledge, margin widened)</description><styleUrl>#weak</styleUrl><Point><coordinates>-70.660000,41.383000,0</coordinates></Point></Placemark>
<Placemark><name>MHC recon: Tisbury Great Pond settlement area (Takemmy)</name><description>West Tisbury, MA
Accurate to ±1500 m — weak confidence — source-checked
MHC Reconnaissance Survey Town Report: West Tisbury (1984)

Report: preferred settlement area along southern coastline of Tisbury Great Pond, in the Takemmy sachemship. (WebSearch quota exhausted; geocoded from geographic knowledge, margin widened); [verified] No coordinate found for pond&#x27;s southern shore; existing poi</description><styleUrl>#weak</styleUrl><Point><coordinates>-70.665000,41.377000,0</coordinates></Point></Placemark>
<Placemark><name>MHC recon: Hocomonco Pond (Evil Spirit) site area</name><description>Westborough, MA
Accurate to ±800 m — weak confidence — source-checked
MHC Reconnaissance Survey Town Report: Westborough (1983)

Report: probable native sites at Hocomonco Pond (&#x27;Evil Spirit&#x27;); Fisher St was a secondary route to the pond. (WebSearch quota exhausted; geocoded from geographic knowledge, margin widened); [verified] Wikipedia coord for Hocomonco Pond is 42.2725,-71.64944, ~</description><styleUrl>#weak</styleUrl><Point><coordinates>-71.649440,42.272500,0</coordinates></Point></Placemark>
<Placemark><name>MHC recon: Jackstraw Pasture/Cedar Swamp site</name><description>Westborough, MA
Accurate to ±1500 m — weak confidence
MHC Reconnaissance Survey Town Report: Westborough (1983)

Report: reported native residences at Jackstraw Pasture and Cedar Swamp in the east part of town. (WebSearch quota exhausted; geocoded from geographic knowledge, margin widened)</description><styleUrl>#weak</styleUrl><Point><coordinates>-71.600000,42.278000,0</coordinates></Point></Placemark>
<Placemark><name>MHC recon: Sudbury/Assabet rivers knoll site</name><description>Westborough, MA
Accurate to ±1500 m — weak confidence
MHC Reconnaissance Survey Town Report: Westborough (1983)

Report: probable sites on knolls adjacent to the Sudbury and Assabet rivers. (WebSearch quota exhausted; geocoded from geographic knowledge, margin widened)</description><styleUrl>#weak</styleUrl><Point><coordinates>-71.598000,42.311000,0</coordinates></Point></Placemark>
<Placemark><name>MHC recon: Native burial near Hundred Acre Brook/rail junction</name><description>Westfield, MA
Accurate to ±1500 m — weak confidence — source-checked
MHC Reconnaissance Survey Town Report: Westfield (1982)

Report: native burial situated slightly south of the New Haven &amp; Hartford RR&#x27;s junction with Hundred Acre Brook. (WebSearch quota exhausted; geocoded from geographic knowledge, margin widened); [verified] No source found for Hundred Acre Brook or the rail junc</description><styleUrl>#weak</styleUrl><Point><coordinates>-72.754000,42.117000,0</coordinates></Point></Placemark>
<Placemark><name>MHC recon: Prospect Hill site</name><description>Westfield, MA
Accurate to ±1500 m — weak confidence — source-checked
MHC Reconnaissance Survey Town Report: Westfield (1982)

Report: possible third-period native site located on Prospect Hill. (WebSearch quota exhausted; geocoded from geographic knowledge, margin widened); [verified] No named Prospect Hill confirmed in Westfield (topo/GNIS show only other towns&#x27; Prospect Hills)</description><styleUrl>#weak</styleUrl><Point><coordinates>-72.789000,42.130000,0</coordinates></Point></Placemark>
<Placemark><name>MHC recon: Westfield-Little River confluence site</name><description>Westfield, MA
Accurate to ±1000 m — weak confidence
MHC Reconnaissance Survey Town Report: Westfield (1982)

Report: convergence of regional routes at junction of Westfield and Little Rivers, between mountains and Woronoco valley. (WebSearch quota exhausted; geocoded from geographic knowledge, margin widened)</description><styleUrl>#weak</styleUrl><Point><coordinates>-72.800000,42.132000,0</coordinates></Point></Placemark>
<Placemark><name>MHC recon: Forge Pond native site/fish weir</name><description>Westford, MA
Accurate to ±1500 m — weak confidence — source-checked
MHC Reconnaissance Survey Town Report: Westford (1980)

Report: native site and fishing camp at Forge Pond; native fish weir reported at Forge Pond outlet. (WebSearch quota exhausted; geocoded from geographic knowledge, margin widened); [verified] Could not get a sourced coordinate for Westford&#x27;s Forge Pond distinc</description><styleUrl>#weak</styleUrl><Point><coordinates>-71.438000,42.565000,0</coordinates></Point></Placemark>
<Placemark><name>MHC recon: Frances Hill burial site</name><description>Westford, MA
Accurate to ±900 m — weak confidence — source-checked
MHC Reconnaissance Survey Town Report: Westford (1980)

Report: reported burial site on Frances Hill (also a conjectured trail-loop landmark). (WebSearch quota exhausted; geocoded from geographic knowledge, margin widened); [verified] Wikipedia: Jonathon Keyes Sr. House, 16 Frances Hill Rd, at 42.60278,-71.40472, W</description><styleUrl>#weak</styleUrl><Point><coordinates>-71.404720,42.602780,0</coordinates></Point></Placemark>
<Placemark><name>MHC recon: Nabnasset Pond trail node</name><description>Westford, MA
Accurate to ±1800 m — weak confidence
MHC Reconnaissance Survey Town Report: Westford (1980)

Report: conjectured trail links ponds in north section, routed around Nabnasset Pond to Stony Brook. (WebSearch quota exhausted; geocoded from geographic knowledge, margin widened)</description><styleUrl>#weak</styleUrl><Point><coordinates>-71.435000,42.610000,0</coordinates></Point></Placemark>
<Placemark><name>MHC recon: site east of Boutwell Brook</name><description>Westford, MA
Accurate to ±1000 m — weak confidence
MHC Reconnaissance Survey Town Report: Westford (1980)

Report: town history notes a native site east of Boutwell Brook. (WebSearch quota exhausted; geocoded from geographic knowledge, margin widened)</description><styleUrl>#weak</styleUrl><Point><coordinates>-71.430000,42.575000,0</coordinates></Point></Placemark>
<Placemark><name>MHC recon: site west of Providence Hill</name><description>Westford, MA
Accurate to ±1000 m — weak confidence
MHC Reconnaissance Survey Town Report: Westford (1980)

Report: town history notes a native site west of Providence Hill. (WebSearch quota exhausted; geocoded from geographic knowledge, margin widened)</description><styleUrl>#weak</styleUrl><Point><coordinates>-71.420000,42.590000,0</coordinates></Point></Placemark>
<Placemark><name>MHC recon: North Branch Manhan River trail crossing</name><description>Westhampton, MA
Accurate to ±1500 m — weak confidence
MHC Reconnaissance Survey Town Report: Westhampton (1982)

Report: primary E-W trail crossed Route 66 near N. Branch Manhan; geocoded from knowledge, no search available, wide margin</description><styleUrl>#weak</styleUrl><Point><coordinates>-72.735000,42.265000,0</coordinates></Point></Placemark>
<Placemark><name>MHC recon: Meetinghouse Pond site potential</name><description>Westminster, MA
Accurate to ±2000 m — weak confidence
MHC Reconnaissance Survey Town Report: Westminster (1984)

Report cites native site potential at Meetinghouse Pond; approx. location from knowledge, search quota exhausted, wide margin</description><styleUrl>#weak</styleUrl><Point><coordinates>-71.825000,42.560000,0</coordinates></Point></Placemark>
<Placemark><name>MHC recon: Wachusett Lake site potential</name><description>Westminster, MA
Accurate to ±2000 m — weak confidence
MHC Reconnaissance Survey Town Report: Westminster (1984)

Report cites native site potential at Wachusett Lake near Mt. Wachusett; approx. location from knowledge, wide margin</description><styleUrl>#weak</styleUrl><Point><coordinates>-71.865000,42.480000,0</coordinates></Point></Placemark>
<Placemark><name>MHC recon: Boston Post Road trail loop, Sibley Rd/Crescent St</name><description>Weston, MA
Accurate to ±1200 m — weak confidence
MHC Reconnaissance Survey Town Report: Weston (1980)

Report: main trail to CT valley followed Boston Post Rd (Rt 20) with former loops at Sibley Rd and Crescent St</description><styleUrl>#weak</styleUrl><Point><coordinates>-71.325000,42.359000,0</coordinates></Point></Placemark>
<Placemark><name>MHC recon: Nonesuch Pond trail/site potential</name><description>Weston, MA
Accurate to ±1500 m — weak confidence — source-checked
MHC Reconnaissance Survey Town Report: Weston (1980)

Report: branch trail to Natick via Winter St around Nonesuch Pond; some site potential noted around pond; [verified] Found source conflicts (labels pond near Wellesley, not Weston); could not confirm reliably</description><styleUrl>#weak</styleUrl><Point><coordinates>-71.290000,42.354000,0</coordinates></Point></Placemark>
<Placemark><name>MHC recon: Devols/South Watuppa Ponds native site potential</name><description>Westport, MA
Accurate to ±1500 m — weak confidence
MHC Reconnaissance Survey Town Report: Westport (1981)

Report: interior native sites probable near Devols and South Watuppa Ponds, fall/winter occupation</description><styleUrl>#weak</styleUrl><Point><coordinates>-71.116000,41.598000,0</coordinates></Point></Placemark>
<Placemark><name>MHC recon: native site cluster, West Branch east bank</name><description>Westport, MA
Accurate to ±1000 m — weak confidence
MHC Reconnaissance Survey Town Report: Westport (1981)

Report: two unidentified native sites near eastern bank of West Branch of Westport River</description><styleUrl>#weak</styleUrl><Point><coordinates>-71.085000,41.520000,0</coordinates></Point></Placemark>
<Placemark><name>MHC recon: native site opposite Great Island</name><description>Westport, MA
Accurate to ±1500 m — weak confidence — source-checked
MHC Reconnaissance Survey Town Report: Westport (1981)

Report: unidentified native site on East Branch opposite Great Island near Westport Harbor; [verified] Could not locate a &#x27;Great Island&#x27; near Westport Harbor in any source checked</description><styleUrl>#weak</styleUrl><Point><coordinates>-71.075000,41.500000,0</coordinates></Point></Placemark>
<Placemark><name>MHC recon: Cat Rock trail branch, Carry Street</name><description>Westwood, MA
Accurate to ±2500 m — weak confidence
MHC Reconnaissance Survey Town Report: Westwood (1980)

Report: branch trail into highlands along Carry St to Cat Rock; exact hill identity/location uncertain</description><styleUrl>#weak</styleUrl><Point><coordinates>-71.205000,42.230000,0</coordinates></Point></Placemark>
<Placemark><name>MHC recon: lithic quarry, northwest Westwood</name><description>Westwood, MA
Accurate to ±2000 m — weak confidence
MHC Reconnaissance Survey Town Report: Westwood (1980)

Report: one or more lithic quarries noted in northwest part of town; quadrant-level location only</description><styleUrl>#weak</styleUrl><Point><coordinates>-71.245000,42.235000,0</coordinates></Point></Placemark>
<Placemark><name>MHC recon: Great Pond native trail corridor</name><description>Weymouth, MA
Accurate to ±1500 m — weak confidence — source-checked
MHC Reconnaissance Survey Town Report: Weymouth (1979)

Report: north/south interior trails led to Great Pond, South Weymouth; [verified] USGS gauge page for S. Weymouth Great Pond blocked; no reliable coordinate confirmed</description><styleUrl>#weak</styleUrl><Point><coordinates>-70.952000,42.184000,0</coordinates></Point></Placemark>
<Placemark><name>MHC recon: Wessagusset Beach trail/contact area</name><description>Weymouth, MA
Accurate to ±1500 m — weak confidence — source-checked
MHC Reconnaissance Survey Town Report: Weymouth (1979)

Report: coastal trail branched to Wessagusset Beach, North Weymouth, a documented contact-era locale; [verified] Only found Wessagusset Colony site coord (42.2208,-70.9403), inland, not the N. Weymouth beach</description><styleUrl>#weak</styleUrl><Point><coordinates>-70.943000,42.254000,0</coordinates></Point></Placemark>
<Placemark><name>MHC recon: trail toward Accord Pond, Pleasant/Pine St</name><description>Weymouth, MA
Accurate to ±1500 m — weak confidence
MHC Reconnaissance Survey Town Report: Weymouth (1979)

Report: branch of main trail to Accord Pond (Hingham) followed Pleasant and Pine Streets from Weymouth</description><styleUrl>#weak</styleUrl><Point><coordinates>-70.930000,42.190000,0</coordinates></Point></Placemark>
<Placemark><name>MHC recon: Pocumtuck-Capawonk trail (Straits Road)</name><description>Whatley, MA
Accurate to ±1500 m — weak confidence
MHC Reconnaissance Survey Town Report: Whatley (1982)

Report: primary N-S native trail from Pocumtuck to Capawonk/Nonotuck followed river terrace as Straits Road</description><styleUrl>#weak</styleUrl><Point><coordinates>-72.610000,42.450000,0</coordinates></Point></Placemark>
<Placemark><name>MHC recon: native village vicinity, Chestnut Plain Road</name><description>Whatley, MA
Accurate to ±1200 m — weak confidence
MHC Reconnaissance Survey Town Report: Whatley (1982)

Report: probable sizeable native village on gentle uplands in vicinity of Chestnut Plain Road</description><styleUrl>#weak</styleUrl><Point><coordinates>-72.645000,42.440000,0</coordinates></Point></Placemark>
<Placemark><name>MHC recon: Locust Hill site potential</name><description>Whitman, MA
Accurate to ±1200 m — weak confidence
MHC Reconnaissance Survey Town Report: Whitman (1981)

Report: contact-period site potential noted near Locust Hill, Whitman; approx. location from knowledge</description><styleUrl>#weak</styleUrl><Point><coordinates>-70.920000,42.085000,0</coordinates></Point></Placemark>
<Placemark><name>MHC recon: Rye Hill site potential</name><description>Whitman, MA
Accurate to ±1200 m — weak confidence
MHC Reconnaissance Survey Town Report: Whitman (1981)

Report: contact-period site potential noted near Rye Hill, Whitman; approx. location from knowledge</description><styleUrl>#weak</styleUrl><Point><coordinates>-70.945000,42.100000,0</coordinates></Point></Placemark>
<Placemark><name>MHC recon: Bay Path trail, River Street corridor</name><description>Wilbraham, MA
Accurate to ±1500 m — weak confidence
MHC Reconnaissance Survey Town Report: Wilbraham (1982)

Report: Bay Path followed Chicopee R. south side via River St-Old Boston Rd to Rt 20 near Nine Mile Pond</description><styleUrl>#weak</styleUrl><Point><coordinates>-72.430000,42.160000,0</coordinates></Point></Placemark>
<Placemark><name>MHC recon: Beaver Brook intervale site potential</name><description>Williamsburg, MA
Accurate to ±1500 m — weak confidence
MHC Reconnaissance Survey Town Report: Williamsburg (1982)

Report: greatest probability of extant sites in Williamsburg Village and Beaver Brook intervales (north town)</description><styleUrl>#weak</styleUrl><Point><coordinates>-72.720000,42.410000,0</coordinates></Point></Placemark>
<Placemark><name>MHC recon: Mill River fishing area, Williamsburg village</name><description>Williamsburg, MA
Accurate to ±1000 m — weak confidence
MHC Reconnaissance Survey Town Report: Williamsburg (1982)

Report: native fishing occurred on Mill River near village of Williamsburg and Unquomonk Brook</description><styleUrl>#weak</styleUrl><Point><coordinates>-72.737000,42.381000,0</coordinates></Point></Placemark>
<Placemark><name>MHC recon: Unquomonk Brook/village encampment area</name><description>Williamsburg, MA
Accurate to ±1200 m — weak confidence
MHC Reconnaissance Survey Town Report: Williamsburg (1982)

Report: native encampments likely in intervales adjacent to Unquomonk Brook and village of Williamsburg</description><styleUrl>#weak</styleUrl><Point><coordinates>-72.735000,42.383000,0</coordinates></Point></Placemark>
<Placemark><name>MHC recon: Silver Lake/Lubber Brook site cluster</name><description>Wilmington, MA
Accurate to ±1400 m — weak confidence
MHC Reconnaissance Survey Town Report: Wilmington (1981)

Report: multi-component sites possibly along Lubber Brook/Silver Lake &amp; Ipswich River, wintering camps near Silver Lake; memory-based geocode (WebSearch exhausted), margin widened</description><styleUrl>#weak</styleUrl><Point><coordinates>-71.150000,42.575000,0</coordinates></Point></Placemark>
<Placemark><name>MHC recon: Lake Monomonac site area</name><description>Winchendon, MA
Accurate to ±1600 m — weak confidence
MHC Reconnaissance Survey Town Report: Winchendon (1984)

Report: occupation sites expected near Lake Monomonac (MA/NH border); geocoded from geographic memory, WebSearch quota exhausted, margin widened</description><styleUrl>#weak</styleUrl><Point><coordinates>-72.050000,42.720000,0</coordinates></Point></Placemark>
<Placemark><name>MHC recon: Millers River/North Branch meadows site area</name><description>Winchendon, MA
Accurate to ±2500 m — weak confidence
MHC Reconnaissance Survey Town Report: Winchendon (1984)

Report: occupation sites expected in meadows along Millers River and North Branch; memory-based geocode, wide margin for long river reach</description><styleUrl>#weak</styleUrl><Point><coordinates>-72.045000,42.676000,0</coordinates></Point></Placemark>
<Placemark><name>MHC recon: Whitney Pond site area</name><description>Winchendon, MA
Accurate to ±1300 m — weak confidence
MHC Reconnaissance Survey Town Report: Winchendon (1984)

Report: occupation sites expected near Whitney Pond; geocoded from memory only, WebSearch quota exhausted, margin widened</description><styleUrl>#weak</styleUrl><Point><coordinates>-72.030000,42.678000,0</coordinates></Point></Placemark>
<Placemark><name>MHC recon: Wedge Pond site area</name><description>Winchester, MA
Accurate to ±800 m — weak confidence
MHC Reconnaissance Survey Town Report: Winchester (1981)

Report: additional Native sites likely around Wedge Pond; geocoded from geographic memory only, WebSearch quota exhausted</description><styleUrl>#weak</styleUrl><Point><coordinates>-71.142000,42.451500,0</coordinates></Point></Placemark>
<Placemark><name>MHC recon: Winter Pond site area</name><description>Winchester, MA
Accurate to ±800 m — weak confidence
MHC Reconnaissance Survey Town Report: Winchester (1981)

Report: additional Native sites likely around Winter Pond; geocoded from geographic memory only, WebSearch quota exhausted</description><styleUrl>#weak</styleUrl><Point><coordinates>-71.152000,42.468000,0</coordinates></Point></Placemark>
<Placemark><name>MHC recon: Pullin Point crossing to Deer Island</name><description>Winthrop, MA
Accurate to ±1200 m — weak confidence
MHC Reconnaissance Survey Town Report: Winthrop (1981)

Report: Native trail to Point Shirley with low-tide crossing at Pullin Point to Deer Island; memory geocode, margin widened, WebSearch exhausted</description><styleUrl>#weak</styleUrl><Point><coordinates>-70.952000,42.351000,0</coordinates></Point></Placemark>
<Placemark><name>MHC recon: Aberjona River (Woburn reach) site area</name><description>Woburn, MA
Accurate to ±1500 m — weak confidence
MHC Reconnaissance Survey Town Report: Woburn (1980)

Report: unspecified Native sites reported along the Aberjona River through Woburn; memory-based geocode, wide margin for river reach</description><styleUrl>#weak</styleUrl><Point><coordinates>-71.152000,42.485000,0</coordinates></Point></Placemark>
<Placemark><name>MHC recon: Horn Pond site area</name><description>Woburn, MA
Accurate to ±400 m — weak confidence — source-checked
MHC Reconnaissance Survey Town Report: Woburn (1980)

Report: unspecified Native sites reported around Horn Pond; geocoded from geographic memory only, WebSearch quota exhausted, margin widened; [verified] Wikipedia gives Horn Pond coords (42.4697,-71.1564), Woburn; ~3.7km from prior memory-based estimate.</description><styleUrl>#weak</styleUrl><Point><coordinates>-71.156417,42.469722,0</coordinates></Point></Placemark>
<Placemark><name>MHC recon: Cool Pond site area</name><description>Worcester, MA
Accurate to ±800 m — weak confidence
MHC Reconnaissance Survey Town Report: Worcester (1984)

Report: shores of Cool Pond cited as potential occupation location; geocoded from geographic memory, WebSearch quota exhausted, margin widened</description><styleUrl>#weak</styleUrl><Point><coordinates>-71.795000,42.286000,0</coordinates></Point></Placemark>
<Placemark><name>MHC recon: Curtis Ponds site area</name><description>Worcester, MA
Accurate to ±900 m — weak confidence
MHC Reconnaissance Survey Town Report: Worcester (1984)

Report: shores of Curtis ponds cited as potential occupation location; geocoded from memory only, WebSearch quota exhausted</description><styleUrl>#weak</styleUrl><Point><coordinates>-71.834000,42.263000,0</coordinates></Point></Placemark>
<Placemark><name>MHC recon: native site above West Worthington</name><description>Worthington, MA
Accurate to ±1800 m — weak confidence
MHC Reconnaissance Survey Town Report: Worthington (1982)

Report: undated native site(s) ~4 miles above West Worthington on Middle Branch Westfield River; memory geocode, wide margin, WebSearch exhausted</description><styleUrl>#weak</styleUrl><Point><coordinates>-72.958000,42.462000,0</coordinates></Point></Placemark>
<Placemark><name>MHC recon: wigwam cluster near Bass River mouth (1779)</name><description>Yarmouth, MA
Accurate to ±1300 m — weak confidence
MHC Reconnaissance Survey Town Report: Yarmouth (1984)

Report: 1779 cluster of wigwams ~1 mile from mouth of Bass River, remnant Pawkunnawkut Indians; memory-based geocode, margin widened</description><styleUrl>#weak</styleUrl><Point><coordinates>-70.188000,41.660000,0</coordinates></Point></Placemark>
</Folder>
</Document></kml>